origin_id,origin_label,origin_tier,origin_class,dest_id,dest_label,dest_tier,dest_class,network_miles,max_stop_gap_miles,stop_gap_status,stop_count,line_changes,route_path,stop_path,dominant_tier,freight_relay_p95_h,freight_full_i20_p95_h,freight_sla_window,passenger_bus_p95_h,passenger_av_p95_h,air_door_to_door_h,passenger_competitive_with_air,rail_competition_note,evidence_status
BLAINE,Blaine/Vancouver,T1,national_terminal,SEA,Seattle,T1,national_transfer_hub,115,115,sla-stop-rhythm-ok,2,0,I-5,BLAINE;SEA,T1,2.4,2.1,6h local,3.6,2.0,2.7,time-competitive,corridor-specific-rail-check-needed,heuristic-planning
BLAINE,Blaine/Vancouver,T1,national_terminal,POR,Portland,T1,service_stop,286,172,sla-stop-rhythm-ok,3,0,I-5,BLAINE;SEA;POR,T1,6.2,5.3,6h local,6.7,4.3,3.1,near-competitive-short-haul,corridor-specific-rail-check-needed,heuristic-planning
BLAINE,Blaine/Vancouver,T1,national_terminal,SAC,Sacramento,T1,national_transfer_hub,857,570,needs-intermediate-stops,4,0,I-5,BLAINE;SEA;POR;SAC,T1,18.4,15.7,24h overnight,17.1,11.9,4.2,not-time-competitive,freight-rail-wins-bulk-road-wins-express,heuristic-planning
BLAINE,Blaine/Vancouver,T1,national_terminal,CENTRAL_VALLEY,Central Valley,T1,service_stop,1043,570,needs-intermediate-stops,5,0,I-5,BLAINE;SEA;POR;SAC;CENTRAL_VALLEY,T1,22.4,19.1,24h overnight,20.5,14.4,4.6,not-time-competitive,freight-rail-wins-bulk-road-wins-express,heuristic-planning
BLAINE,Blaine/Vancouver,T1,national_terminal,LA,Los Angeles,T2,transfer_hub,1740,428,needs-intermediate-stops,8,2,I-5;I-84;I-15,BLAINE;SEA;POR;BOI;SLC;LAS_VEGAS;BARSTOW;LA,T1,38.2,32.5,36h next-day,33.8,24.1,6.0,not-time-competitive,freight-rail-wins-bulk-road-wins-express,heuristic-planning
BLAINE,Blaine/Vancouver,T1,national_terminal,BARSTOW,Barstow,T2,national_transfer_hub,1633,428,needs-intermediate-stops,7,2,I-5;I-84;I-15,BLAINE;SEA;POR;BOI;SLC;LAS_VEGAS;BARSTOW,T1,35.8,30.5,36h next-day,31.9,22.7,5.8,not-time-competitive,freight-rail-wins-bulk-road-wins-express,heuristic-planning
BLAINE,Blaine/Vancouver,T1,national_terminal,ABQ,Albuquerque,T1,service_stop,2325,693,needs-intermediate-stops,8,3,I-5;I-84;I-15;I-40,BLAINE;SEA;POR;BOI;SLC;LAS_VEGAS;BARSTOW;ABQ,T1,51.0,43.4,48h two-day,44.8,32.1,7.2,not-time-competitive,freight-rail-wins-bulk-road-wins-express,heuristic-planning
BLAINE,Blaine/Vancouver,T1,national_terminal,AMA,Amarillo,T1,service_stop,2646,693,needs-intermediate-stops,9,3,I-5;I-84;I-15;I-40,BLAINE;SEA;POR;BOI;SLC;LAS_VEGAS;BARSTOW;ABQ;AMA,T1,57.9,49.3,72h three-day,50.7,36.4,7.8,not-time-competitive,freight-rail-wins-bulk-road-wins-express,heuristic-planning
BLAINE,Blaine/Vancouver,T1,national_terminal,RENO,Reno,T1,service_stop,988,570,needs-intermediate-stops,5,1,I-5;I-80,BLAINE;SEA;POR;SAC;RENO,T1,21.6,18.4,24h overnight,19.8,13.9,4.5,not-time-competitive,freight-rail-wins-bulk-road-wins-express,heuristic-planning
BLAINE,Blaine/Vancouver,T1,national_terminal,SLC,Salt Lake,T2,national_transfer_hub,1043,407,needs-intermediate-stops,5,1,I-5;I-84,BLAINE;SEA;POR;BOI;SLC,T1,22.8,19.4,24h overnight,20.8,14.6,4.6,not-time-competitive,freight-rail-wins-bulk-road-wins-express,heuristic-planning
BLAINE,Blaine/Vancouver,T1,national_terminal,BOI,Boise,T2,national_transfer_hub,693,407,needs-intermediate-stops,4,1,I-5;I-84,BLAINE;SEA;POR;BOI,T1,15.3,13.0,24h overnight,14.5,9.9,3.9,not-time-competitive,corridor-specific-rail-check-needed,heuristic-planning
BLAINE,Blaine/Vancouver,T1,national_terminal,LEWISTON,Lewiston,T2,service_stop,488,269,long-gap-review,4,2,I-5;I-90;US95,BLAINE;SEA;SPK;LEWISTON,T1,11.2,9.5,12h half-day,11.1,7.4,3.5,not-time-competitive,corridor-specific-rail-check-needed,heuristic-planning
BLAINE,Blaine/Vancouver,T1,national_terminal,CHEYENNE,Cheyenne,T1,service_stop,1479,436,needs-intermediate-stops,6,2,I-5;I-84;I-80,BLAINE;SEA;POR;BOI;SLC;CHEYENNE,T1,32.5,27.6,36h next-day,29.1,20.6,5.5,not-time-competitive,freight-rail-wins-bulk-road-wins-express,heuristic-planning
BLAINE,Blaine/Vancouver,T1,national_terminal,SPK,Spokane,T1,service_stop,384,269,long-gap-review,3,1,I-5;I-90,BLAINE;SEA;SPK,T1,8.6,7.3,12h half-day,8.8,5.8,3.3,not-time-competitive,corridor-specific-rail-check-needed,heuristic-planning
BLAINE,Blaine/Vancouver,T1,national_terminal,BIL,Billings*,T1,national_transfer_hub,906,522,needs-intermediate-stops,4,1,I-5;I-90,BLAINE;SEA;SPK;BIL,T1,19.8,16.8,24h overnight,18.3,12.8,4.3,not-time-competitive,freight-rail-wins-bulk-road-wins-express,heuristic-planning
BLAINE,Blaine/Vancouver,T1,national_terminal,LAS_VEGAS,Las Vegas,T2,service_stop,1470,428,needs-intermediate-stops,6,2,I-5;I-84;I-15,BLAINE;SEA;POR;BOI;SLC;LAS_VEGAS,T1,32.3,27.5,36h next-day,28.9,20.5,5.4,not-time-competitive,freight-rail-wins-bulk-road-wins-express,heuristic-planning
BLAINE,Blaine/Vancouver,T1,national_terminal,DEN,Denver,T1,national_transfer_hub,1480,437,needs-intermediate-stops,6,2,I-5;I-84;I-70,BLAINE;SEA;POR;BOI;SLC;DEN,T1,32.5,27.6,36h next-day,29.1,20.6,5.5,not-time-competitive,freight-rail-wins-bulk-road-wins-express,heuristic-planning
BLAINE,Blaine/Vancouver,T1,national_terminal,COLORADO_SPRINGS,Colorado Springs,T2,service_stop,2653,693,needs-intermediate-stops,9,4,I-5;I-84;I-15;I-40;I-25,BLAINE;SEA;POR;BOI;SLC;LAS_VEGAS;BARSTOW;ABQ;COLORADO_SPRINGS,T1,58.4,49.7,72h three-day,51.1,36.7,7.8,not-time-competitive,freight-rail-wins-bulk-road-wins-express,heuristic-planning
SEA,Seattle,T1,national_transfer_hub,POR,Portland,T1,service_stop,172,172,sla-stop-rhythm-ok,2,0,I-5,SEA;POR,T1,3.6,3.1,6h local,4.6,2.8,2.8,time-competitive,corridor-specific-rail-check-needed,heuristic-planning
SEA,Seattle,T1,national_transfer_hub,SAC,Sacramento,T1,national_transfer_hub,742,570,needs-intermediate-stops,3,0,I-5,SEA;POR;SAC,T1,15.9,13.5,24h overnight,15.0,10.4,4.0,not-time-competitive,freight-rail-wins-bulk-road-wins-express,heuristic-planning
SEA,Seattle,T1,national_transfer_hub,CENTRAL_VALLEY,Central Valley,T1,service_stop,928,570,needs-intermediate-stops,4,0,I-5,SEA;POR;SAC;CENTRAL_VALLEY,T1,19.9,17.0,24h overnight,18.4,12.9,4.4,not-time-competitive,freight-rail-wins-bulk-road-wins-express,heuristic-planning
SEA,Seattle,T1,national_transfer_hub,LA,Los Angeles,T2,transfer_hub,1625,428,needs-intermediate-stops,7,2,I-5;I-84;I-15,SEA;POR;BOI;SLC;LAS_VEGAS;BARSTOW;LA,T1,35.7,30.3,36h next-day,31.7,22.6,5.8,not-time-competitive,freight-rail-wins-bulk-road-wins-express,heuristic-planning
SEA,Seattle,T1,national_transfer_hub,BARSTOW,Barstow,T2,national_transfer_hub,1518,428,needs-intermediate-stops,6,2,I-5;I-84;I-15,SEA;POR;BOI;SLC;LAS_VEGAS;BARSTOW,T1,33.3,28.3,36h next-day,29.8,21.1,5.5,not-time-competitive,freight-rail-wins-bulk-road-wins-express,heuristic-planning
SEA,Seattle,T1,national_transfer_hub,ABQ,Albuquerque,T1,service_stop,2210,693,needs-intermediate-stops,7,3,I-5;I-84;I-15;I-40,SEA;POR;BOI;SLC;LAS_VEGAS;BARSTOW;ABQ,T1,48.5,41.2,48h two-day,42.7,30.6,6.9,not-time-competitive,freight-rail-wins-bulk-road-wins-express,heuristic-planning
SEA,Seattle,T1,national_transfer_hub,AMA,Amarillo,T1,service_stop,2532,693,needs-intermediate-stops,8,3,I-5;I-84;I-15;I-40,SEA;POR;BOI;SLC;LAS_VEGAS;BARSTOW;ABQ;AMA,T1,55.4,47.1,48h two-day,48.6,34.9,7.6,not-time-competitive,freight-rail-wins-bulk-road-wins-express,heuristic-planning
SEA,Seattle,T1,national_transfer_hub,RENO,Reno,T1,service_stop,873,570,needs-intermediate-stops,4,1,I-5;I-80,SEA;POR;SAC;RENO,T1,19.1,16.3,24h overnight,17.7,12.3,4.2,not-time-competitive,freight-rail-wins-bulk-road-wins-express,heuristic-planning
SEA,Seattle,T1,national_transfer_hub,SLC,Salt Lake,T2,national_transfer_hub,928,407,needs-intermediate-stops,4,1,I-5;I-84,SEA;POR;BOI;SLC,T1,20.3,17.2,24h overnight,18.7,13.1,4.4,not-time-competitive,freight-rail-wins-bulk-road-wins-express,heuristic-planning
SEA,Seattle,T1,national_transfer_hub,BOI,Boise,T2,national_transfer_hub,578,407,needs-intermediate-stops,3,1,I-5;I-84,SEA;POR;BOI,T1,12.7,10.8,12h half-day,12.4,8.4,3.7,not-time-competitive,corridor-specific-rail-check-needed,heuristic-planning
SEA,Seattle,T1,national_transfer_hub,LEWISTON,Lewiston,T2,service_stop,373,269,long-gap-review,3,1,I-90;US95,SEA;SPK;LEWISTON,T1,8.4,7.1,12h half-day,8.6,5.7,3.2,not-time-competitive,corridor-specific-rail-check-needed,heuristic-planning
SEA,Seattle,T1,national_transfer_hub,CHEYENNE,Cheyenne,T1,service_stop,1364,436,needs-intermediate-stops,5,2,I-5;I-84;I-80,SEA;POR;BOI;SLC;CHEYENNE,T1,30.0,25.5,36h next-day,27.0,19.1,5.2,not-time-competitive,freight-rail-wins-bulk-road-wins-express,heuristic-planning
SEA,Seattle,T1,national_transfer_hub,SPK,Spokane,T1,service_stop,269,269,long-gap-review,2,0,I-90,SEA;SPK,T1,5.7,4.9,6h local,6.4,4.1,3.0,near-competitive-short-haul,corridor-specific-rail-check-needed,heuristic-planning
SEA,Seattle,T1,national_transfer_hub,BIL,Billings*,T1,national_transfer_hub,791,522,needs-intermediate-stops,3,0,I-90,SEA;SPK;BIL,T1,16.9,14.4,24h overnight,15.9,11.0,4.1,not-time-competitive,freight-rail-wins-bulk-road-wins-express,heuristic-planning
SEA,Seattle,T1,national_transfer_hub,LAS_VEGAS,Las Vegas,T2,service_stop,1356,428,needs-intermediate-stops,5,2,I-5;I-84;I-15,SEA;POR;BOI;SLC;LAS_VEGAS,T1,29.8,25.3,36h next-day,26.8,19.0,5.2,not-time-competitive,freight-rail-wins-bulk-road-wins-express,heuristic-planning
SEA,Seattle,T1,national_transfer_hub,DEN,Denver,T1,national_transfer_hub,1365,437,needs-intermediate-stops,5,2,I-5;I-84;I-70,SEA;POR;BOI;SLC;DEN,T1,30.0,25.5,36h next-day,27.0,19.1,5.2,not-time-competitive,freight-rail-wins-bulk-road-wins-express,heuristic-planning
SEA,Seattle,T1,national_transfer_hub,COLORADO_SPRINGS,Colorado Springs,T2,service_stop,2538,693,needs-intermediate-stops,8,4,I-5;I-84;I-15;I-40;I-25,SEA;POR;BOI;SLC;LAS_VEGAS;BARSTOW;ABQ;COLORADO_SPRINGS,T1,55.9,47.5,48h two-day,49.1,35.1,7.6,not-time-competitive,freight-rail-wins-bulk-road-wins-express,heuristic-planning
POR,Portland,T1,service_stop,SAC,Sacramento,T1,national_transfer_hub,570,570,needs-intermediate-stops,2,0,I-5,POR;SAC,T1,12.1,10.4,12h half-day,11.9,8.1,3.6,not-time-competitive,corridor-specific-rail-check-needed,heuristic-planning
POR,Portland,T1,service_stop,CENTRAL_VALLEY,Central Valley,T1,service_stop,756,570,needs-intermediate-stops,3,0,I-5,POR;SAC;CENTRAL_VALLEY,T1,16.2,13.8,24h overnight,15.2,10.6,4.0,not-time-competitive,freight-rail-wins-bulk-road-wins-express,heuristic-planning
POR,Portland,T2,service_stop,LA,Los Angeles,T2,transfer_hub,1454,428,needs-intermediate-stops,6,1,I-84;I-15,POR;BOI;SLC;LAS_VEGAS;BARSTOW;LA,T2,31.6,26.9,36h next-day,28.3,20.1,5.4,not-time-competitive,freight-rail-wins-bulk-road-wins-express,heuristic-planning
POR,Portland,T2,service_stop,BARSTOW,Barstow,T2,national_transfer_hub,1346,428,needs-intermediate-stops,5,1,I-84;I-15,POR;BOI;SLC;LAS_VEGAS;BARSTOW,T2,29.2,24.9,36h next-day,26.3,18.6,5.2,not-time-competitive,freight-rail-wins-bulk-road-wins-express,heuristic-planning
POR,Portland,T2,service_stop,ABQ,Albuquerque,T1,service_stop,2039,693,needs-intermediate-stops,6,2,I-84;I-15;I-40,POR;BOI;SLC;LAS_VEGAS;BARSTOW;ABQ,T1,44.4,37.8,48h two-day,39.3,28.1,6.6,not-time-competitive,freight-rail-wins-bulk-road-wins-express,heuristic-planning
POR,Portland,T2,service_stop,AMA,Amarillo,T1,service_stop,2360,693,needs-intermediate-stops,7,2,I-84;I-15;I-40,POR;BOI;SLC;LAS_VEGAS;BARSTOW;ABQ;AMA,T1,51.3,43.7,48h two-day,45.1,32.4,7.2,not-time-competitive,freight-rail-wins-bulk-road-wins-express,heuristic-planning
POR,Portland,T1,service_stop,RENO,Reno,T1,service_stop,702,570,needs-intermediate-stops,3,1,I-5;I-80,POR;SAC;RENO,T1,15.4,13.1,24h overnight,14.6,10.1,3.9,not-time-competitive,freight-rail-wins-bulk-road-wins-express,heuristic-planning
POR,Portland,T2,service_stop,SLC,Salt Lake,T2,national_transfer_hub,756,407,needs-intermediate-stops,3,0,I-84,POR;BOI;SLC,T2,16.2,13.8,24h overnight,15.3,10.6,4.0,not-time-competitive,freight-rail-wins-bulk-road-wins-express,heuristic-planning
POR,Portland,T2,service_stop,BOI,Boise,T2,national_transfer_hub,407,407,needs-intermediate-stops,2,0,I-84,POR;BOI,T2,8.7,7.4,12h half-day,8.9,5.9,3.3,not-time-competitive,rail-often-absent-road-flexibility-case,heuristic-planning
POR,Portland,T1,service_stop,LEWISTON,Lewiston,T2,service_stop,544,269,long-gap-review,4,2,I-5;I-90;US95,POR;SEA;SPK;LEWISTON,T1,12.4,10.5,12h half-day,12.1,8.2,3.6,not-time-competitive,corridor-specific-rail-check-needed,heuristic-planning
POR,Portland,T2,service_stop,CHEYENNE,Cheyenne,T1,service_stop,1193,436,needs-intermediate-stops,4,1,I-84;I-80,POR;BOI;SLC;CHEYENNE,T1,25.9,22.1,24h overnight,23.5,16.6,4.9,not-time-competitive,freight-rail-wins-bulk-road-wins-express,heuristic-planning
POR,Portland,T1,service_stop,SPK,Spokane,T1,service_stop,441,269,long-gap-review,3,1,I-5;I-90,POR;SEA;SPK,T1,9.8,8.3,12h half-day,9.9,6.6,3.4,not-time-competitive,corridor-specific-rail-check-needed,heuristic-planning
POR,Portland,T1,service_stop,BIL,Billings*,T1,national_transfer_hub,963,522,needs-intermediate-stops,4,1,I-5;I-90,POR;SEA;SPK;BIL,T1,21.0,17.9,24h overnight,19.4,13.5,4.4,not-time-competitive,freight-rail-wins-bulk-road-wins-express,heuristic-planning
POR,Portland,T2,service_stop,LAS_VEGAS,Las Vegas,T2,service_stop,1184,428,needs-intermediate-stops,4,1,I-84;I-15,POR;BOI;SLC;LAS_VEGAS,T2,25.7,21.9,24h overnight,23.4,16.5,4.9,not-time-competitive,freight-rail-wins-bulk-road-wins-express,heuristic-planning
POR,Portland,T2,service_stop,DEN,Denver,T1,national_transfer_hub,1193,437,needs-intermediate-stops,4,1,I-84;I-70,POR;BOI;SLC;DEN,T1,25.9,22.1,24h overnight,23.5,16.6,4.9,not-time-competitive,freight-rail-wins-bulk-road-wins-express,heuristic-planning
POR,Portland,T2,service_stop,COLORADO_SPRINGS,Colorado Springs,T2,service_stop,2367,693,needs-intermediate-stops,7,3,I-84;I-15;I-40;I-25,POR;BOI;SLC;LAS_VEGAS;BARSTOW;ABQ;COLORADO_SPRINGS,T1,51.8,44.1,48h two-day,45.6,32.7,7.2,not-time-competitive,freight-rail-wins-bulk-road-wins-express,heuristic-planning
SAC,Sacramento,T1,national_transfer_hub,CENTRAL_VALLEY,Central Valley,T1,service_stop,186,186,sla-stop-rhythm-ok,2,0,I-5,SAC;CENTRAL_VALLEY,T1,4.0,3.4,6h local,4.9,3.0,2.9,near-competitive-short-haul,corridor-specific-rail-check-needed,heuristic-planning
SAC,Sacramento,T1,national_transfer_hub,LA,Los Angeles,T1,transfer_hub,428,242,sla-stop-rhythm-ok,3,0,I-5,SAC;CENTRAL_VALLEY;LA,T1,9.2,7.8,12h half-day,9.3,6.2,3.4,not-time-competitive,corridor-specific-rail-check-needed,heuristic-planning
SAC,Sacramento,T1,national_transfer_hub,SDTJ,San Diego/Tijuana,T1,national_terminal,575,242,sla-stop-rhythm-ok,4,0,I-5,SAC;CENTRAL_VALLEY;LA;SDTJ,T1,12.4,10.6,12h half-day,12.0,8.2,3.6,not-time-competitive,corridor-specific-rail-check-needed,heuristic-planning
SAC,Sacramento,T1,national_transfer_hub,PHX,Phoenix,T1,service_stop,849,421,needs-intermediate-stops,4,1,I-5;I-10,SAC;CENTRAL_VALLEY;LA;PHX,T1,18.6,15.8,24h overnight,17.3,12.0,4.2,not-time-competitive,freight-rail-wins-bulk-road-wins-express,heuristic-planning
SAC,Sacramento,T1,national_transfer_hub,ELP,El Paso,T1,national_transfer_hub,1256,421,needs-intermediate-stops,5,1,I-5;I-10,SAC;CENTRAL_VALLEY;LA;PHX;ELP,T1,27.3,23.3,24h overnight,24.7,17.5,5.0,not-time-competitive,freight-rail-wins-bulk-road-wins-express,heuristic-planning
SAC,Sacramento,T1,national_transfer_hub,SAT,San Antonio,T1,national_transfer_hub,2830,1337,needs-intermediate-stops,7,4,I-5;I-10;US70;I-30;I-35,SAC;CENTRAL_VALLEY;LA;PHX;LITTLE_ROCK;DAL;SAT,T1,62.0,52.8,72h three-day,54.4,39.0,8.2,not-time-competitive,freight-rail-wins-bulk-road-wins-express,heuristic-planning
SAC,Sacramento,T1,national_transfer_hub,LRD,Laredo,T1,national_terminal,3002,1337,needs-intermediate-stops,8,4,I-5;I-10;US70;I-30;I-35,SAC;CENTRAL_VALLEY;LA;PHX;LITTLE_ROCK;DAL;SAT;LRD,T1,65.8,55.9,72h three-day,57.5,41.3,8.5,not-time-competitive,freight-rail-wins-bulk-road-wins-express,heuristic-planning
SAC,Sacramento,T1,national_transfer_hub,HOU,Houston*,T1,national_transfer_hub,3053,1337,needs-intermediate-stops,8,5,I-5;I-10;US70;I-30;I-35;I-10,SAC;CENTRAL_VALLEY;LA;PHX;LITTLE_ROCK;DAL;SAT;HOU,T1,67.2,57.1,72h three-day,58.8,42.2,8.6,not-time-competitive,freight-rail-wins-bulk-road-wins-express,heuristic-planning
SAC,Sacramento,T1,national_transfer_hub,BEAUMONT,Beaumont,T1,service_stop,3145,1337,needs-intermediate-stops,9,5,I-5;I-10;US70;I-30;I-35;I-10,SAC;CENTRAL_VALLEY;LA;PHX;LITTLE_ROCK;DAL;SAT;HOU;BEAUMONT,T1,69.2,58.8,72h three-day,60.4,43.4,8.8,not-time-competitive,freight-rail-wins-bulk-road-wins-express,heuristic-planning
SAC,Sacramento,T1,national_transfer_hub,LAFAYETTE,Lafayette,T2,service_stop,3127,1337,needs-intermediate-stops,10,7,I-5;I-10;US70;I-30;I-22;I-65;I-10;US90,SAC;CENTRAL_VALLEY;LA;PHX;LITTLE_ROCK;MEM;BHM_APPROACH;MOBILE;GULFPORT;LAFAYETTE,T1,69.6,59.1,72h three-day,60.8,43.6,8.8,not-time-competitive,freight-rail-wins-bulk-road-wins-express,heuristic-planning
SAC,Sacramento,T1,national_transfer_hub,NOLA,New Orleans,T2,service_stop,2965,1337,needs-intermediate-stops,8,5,I-5;I-10;US70;I-30;I-22;I-59,SAC;CENTRAL_VALLEY;LA;PHX;LITTLE_ROCK;MEM;BHM_APPROACH;NOLA,T1,65.3,55.5,72h three-day,57.2,41.0,8.4,not-time-competitive,freight-rail-wins-bulk-road-wins-express,heuristic-planning
SAC,Sacramento,T1,national_transfer_hub,TALLAHASSEE,Tallahassee,T1,service_stop,3107,1337,needs-intermediate-stops,9,6,I-5;I-10;US70;I-30;I-22;I-65;I-10,SAC;CENTRAL_VALLEY;LA;PHX;LITTLE_ROCK;MEM;BHM_APPROACH;MOBILE;TALLAHASSEE,T1,68.8,58.4,72h three-day,60.1,43.1,8.7,not-time-competitive,freight-rail-wins-bulk-road-wins-express,heuristic-planning
SAC,Sacramento,T1,national_transfer_hub,JAX,Jacksonville,T2,national_transfer_hub,3443,1337,needs-intermediate-stops,10,7,I-5;I-10;US70;I-30;I-22;I-65;I-10;US90,SAC;CENTRAL_VALLEY;LA;PHX;LITTLE_ROCK;MEM;BHM_APPROACH;MOBILE;GULFPORT;JAX,T1,76.3,64.8,72h three-day,66.5,47.8,9.4,not-time-competitive,freight-rail-wins-bulk-road-wins-express,heuristic-planning
SAC,Sacramento,T1,national_transfer_hub,DAL,Dallas,T2,national_transfer_hub,2532,1337,needs-intermediate-stops,6,3,I-5;I-10;US70;I-30,SAC;CENTRAL_VALLEY;LA;PHX;LITTLE_ROCK;DAL,T1,55.2,47.0,48h two-day,48.6,34.9,7.6,not-time-competitive,freight-rail-wins-bulk-road-wins-express,heuristic-planning
SAC,Sacramento,T1,national_transfer_hub,ABILENE,Abilene,T2,service_stop,2735,1337,needs-intermediate-stops,7,4,I-5;I-10;US70;I-30;US80,SAC;CENTRAL_VALLEY;LA;PHX;LITTLE_ROCK;DAL;ABILENE,T1,60.0,51.0,72h three-day,52.6,37.8,8.0,not-time-competitive,freight-rail-wins-bulk-road-wins-express,heuristic-planning
SAC,Sacramento,T1,national_transfer_hub,SHV,Shreveport,T1,service_stop,2742,1337,needs-intermediate-stops,7,4,I-5;I-10;US70;I-30;I-20,SAC;CENTRAL_VALLEY;LA;PHX;LITTLE_ROCK;DAL;SHV,T1,60.1,51.2,72h three-day,52.8,37.9,8.0,not-time-competitive,freight-rail-wins-bulk-road-wins-express,heuristic-planning
SAC,Sacramento,T1,national_transfer_hub,BHM_APPROACH,Birmingham,T2,national_transfer_hub,2596,1337,needs-intermediate-stops,7,4,I-5;I-10;US70;I-30;I-22,SAC;CENTRAL_VALLEY;LA;PHX;LITTLE_ROCK;MEM;BHM_APPROACH,T1,57.0,48.5,72h three-day,50.1,35.9,7.7,not-time-competitive,freight-rail-wins-bulk-road-wins-express,heuristic-planning
SAC,Sacramento,T1,national_transfer_hub,ATL,Atlanta,T1,national_transfer_hub,2760,1337,needs-intermediate-stops,8,5,I-5;I-10;US70;I-30;I-22;I-20,SAC;CENTRAL_VALLEY;LA;PHX;LITTLE_ROCK;MEM;BHM_APPROACH;ATL,T1,61.0,51.8,72h three-day,53.4,38.3,8.0,not-time-competitive,freight-rail-wins-bulk-road-wins-express,heuristic-planning
SAC,Sacramento,T1,national_transfer_hub,COLUMBIA,Columbia,T1,service_stop,2989,1337,needs-intermediate-stops,9,5,I-5;I-10;US70;I-30;I-22;I-20,SAC;CENTRAL_VALLEY;LA;PHX;LITTLE_ROCK;MEM;BHM_APPROACH;ATL;COLUMBIA,T1,65.9,56.0,72h three-day,57.6,41.4,8.5,not-time-competitive,freight-rail-wins-bulk-road-wins-express,heuristic-planning
SAC,Sacramento,T1,national_transfer_hub,FLO,Florence,T1,transfer_hub,3898,1337,needs-intermediate-stops,14,8,I-5;I-10;US70;I-30;I-40;I-65;I-75;I-70;I-95,SAC;CENTRAL_VALLEY;LA;PHX;LITTLE_ROCK;MEM;NASHVILLE;LOUISVILLE;CINCINNATI;COLUMBUS;PENNSYLVANIA;DC;RIC;FLO,T1,86.7,73.6,>72h source-gated,75.2,54.1,10.3,not-time-competitive,freight-rail-wins-bulk-road-wins-express,heuristic-planning
SAC,Sacramento,T1,national_transfer_hub,MIN,Minneapolis,T1,national_transfer_hub,3597,1337,needs-intermediate-stops,10,4,I-5;I-10;US70;I-30;I-35,SAC;CENTRAL_VALLEY;LA;PHX;LITTLE_ROCK;DAL;OKC;KC;DSM;MIN,T1,78.6,66.9,72h three-day,68.3,49.3,9.7,not-time-competitive,freight-rail-wins-bulk-road-wins-express,heuristic-planning
SAC,Sacramento,T1,national_transfer_hub,DSM,Des Moines,T1,transfer_hub,3320,1337,needs-intermediate-stops,9,4,I-5;I-10;US70;I-30;I-35,SAC;CENTRAL_VALLEY;LA;PHX;LITTLE_ROCK;DAL;OKC;KC;DSM,T1,72.6,61.8,72h three-day,63.3,45.6,9.1,not-time-competitive,freight-rail-wins-bulk-road-wins-express,heuristic-planning
SAC,Sacramento,T1,national_transfer_hub,KC,Kansas City,T1,national_transfer_hub,3109,1337,needs-intermediate-stops,8,4,I-5;I-10;US70;I-30;I-35,SAC;CENTRAL_VALLEY;LA;PHX;LITTLE_ROCK;DAL;OKC;KC,T1,68.0,57.9,72h three-day,59.4,42.7,8.7,not-time-competitive,freight-rail-wins-bulk-road-wins-express,heuristic-planning
SAC,Sacramento,T1,national_transfer_hub,OKC,Oklahoma City,T1,national_transfer_hub,2757,1337,needs-intermediate-stops,7,4,I-5;I-10;US70;I-30;I-35,SAC;CENTRAL_VALLEY;LA;PHX;LITTLE_ROCK;DAL;OKC,T1,60.4,51.4,72h three-day,53.0,38.1,8.0,not-time-competitive,freight-rail-wins-bulk-road-wins-express,heuristic-planning
SAC,Sacramento,T1,national_transfer_hub,BARSTOW,Barstow,T2,national_transfer_hub,536,242,sla-stop-rhythm-ok,4,1,I-5;I-15,SAC;CENTRAL_VALLEY;LA;BARSTOW,T1,11.9,10.1,12h half-day,11.6,7.8,3.6,not-time-competitive,corridor-specific-rail-check-needed,heuristic-planning
SAC,Sacramento,T1,national_transfer_hub,AMA,Amarillo,T2,service_stop,2926,1337,needs-intermediate-stops,7,4,I-5;I-10;US70;I-30;US287,SAC;CENTRAL_VALLEY;LA;PHX;LITTLE_ROCK;DAL;AMA,T1,64.0,54.5,72h three-day,56.1,40.3,8.4,not-time-competitive,freight-rail-wins-bulk-road-wins-express,heuristic-planning
SAC,Sacramento,T1,national_transfer_hub,MEM,Memphis,T2,national_transfer_hub,2340,1337,needs-intermediate-stops,6,3,I-5;I-10;US70;I-30,SAC;CENTRAL_VALLEY;LA;PHX;LITTLE_ROCK;MEM,T1,51.2,43.5,48h two-day,45.1,32.3,7.2,not-time-competitive,freight-rail-wins-bulk-road-wins-express,heuristic-planning
SAC,Sacramento,T1,national_transfer_hub,NASHVILLE,Nashville,T1,national_transfer_hub,2572,1337,needs-intermediate-stops,7,4,I-5;I-10;US70;I-30;I-40,SAC;CENTRAL_VALLEY;LA;PHX;LITTLE_ROCK;MEM;NASHVILLE,T1,56.5,48.1,72h three-day,49.7,35.6,7.6,not-time-competitive,freight-rail-wins-bulk-road-wins-express,heuristic-planning
SAC,Sacramento,T1,national_transfer_hub,KNX,Knoxville,T1,transfer_hub,2761,1337,needs-intermediate-stops,8,4,I-5;I-10;US70;I-30;I-40,SAC;CENTRAL_VALLEY;LA;PHX;LITTLE_ROCK;MEM;NASHVILLE;KNX,T1,60.6,51.6,72h three-day,53.1,38.1,8.0,not-time-competitive,freight-rail-wins-bulk-road-wins-express,heuristic-planning
SAC,Sacramento,T1,national_transfer_hub,ASHEVILLE,Asheville,T1,service_stop,3148,1337,needs-intermediate-stops,11,7,I-5;I-10;US70;I-30;I-22;I-20;I-85;I-40,SAC;CENTRAL_VALLEY;LA;PHX;LITTLE_ROCK;MEM;BHM_APPROACH;ATL;GREENVILLE;CLT;ASHEVILLE,T1,70.1,59.5,72h three-day,61.2,43.9,8.8,not-time-competitive,freight-rail-wins-bulk-road-wins-express,heuristic-planning
SAC,Sacramento,T1,national_transfer_hub,CLT,Charlotte,T2,national_transfer_hub,3030,1337,needs-intermediate-stops,10,6,I-5;I-10;US70;I-30;I-22;I-20;I-85,SAC;CENTRAL_VALLEY;LA;PHX;LITTLE_ROCK;MEM;BHM_APPROACH;ATL;GREENVILLE;CLT,T1,67.2,57.1,72h three-day,58.7,42.1,8.6,not-time-competitive,freight-rail-wins-bulk-road-wins-express,heuristic-planning
SAC,Sacramento,T1,national_transfer_hub,RALEIGH_APPROACH,Raleigh,T1,national_transfer_hub,3183,1337,needs-intermediate-stops,11,7,I-5;I-10;US70;I-30;I-22;I-20;I-85;I-40,SAC;CENTRAL_VALLEY;LA;PHX;LITTLE_ROCK;MEM;BHM_APPROACH;ATL;GREENVILLE;CLT;RALEIGH_APPROACH,T1,70.9,60.2,72h three-day,61.8,44.3,8.9,not-time-competitive,freight-rail-wins-bulk-road-wins-express,heuristic-planning
SAC,Sacramento,T1,national_transfer_hub,INDY_APPROACH,Indianapolis,T1,national_transfer_hub,3175,1337,needs-intermediate-stops,11,7,I-5;I-10;US70;I-30;I-40;I-65;I-75;I-70,SAC;CENTRAL_VALLEY;LA;PHX;LITTLE_ROCK;MEM;NASHVILLE;LOUISVILLE;CINCINNATI;COLUMBUS;INDY_APPROACH,T1,70.7,60.0,72h three-day,61.7,44.2,8.9,not-time-competitive,freight-rail-wins-bulk-road-wins-express,heuristic-planning
SAC,Sacramento,T1,national_transfer_hub,FORT_WAYNE,Fort Wayne,T1,service_stop,3300,1337,needs-intermediate-stops,12,8,I-5;I-10;US70;I-30;I-40;I-65;I-75;I-70;I-69,SAC;CENTRAL_VALLEY;LA;PHX;LITTLE_ROCK;MEM;NASHVILLE;LOUISVILLE;CINCINNATI;COLUMBUS;INDY_APPROACH;FORT_WAYNE,T1,73.8,62.6,72h three-day,64.3,46.1,9.1,not-time-competitive,freight-rail-wins-bulk-road-wins-express,heuristic-planning
SAC,Sacramento,T1,national_transfer_hub,CHI_APPROACH,South Bend,T1,service_stop,3771,1337,needs-intermediate-stops,11,6,I-5;I-10;US70;I-30;I-35;I-80;I-69,SAC;CENTRAL_VALLEY;LA;PHX;LITTLE_ROCK;DAL;OKC;KC;DSM;CHI;CHI_APPROACH,T1,83.0,70.6,72h three-day,72.2,52.0,10.0,not-time-competitive,freight-rail-wins-bulk-road-wins-express,heuristic-planning
SAC,Sacramento,T1,national_transfer_hub,CHI,Chicago,T1,national_transfer_hub,3685,1337,needs-intermediate-stops,10,5,I-5;I-10;US70;I-30;I-35;I-80,SAC;CENTRAL_VALLEY;LA;PHX;LITTLE_ROCK;DAL;OKC;KC;DSM;CHI,T1,80.8,68.7,72h three-day,70.3,50.6,9.9,not-time-competitive,freight-rail-wins-bulk-road-wins-express,heuristic-planning
SAC,Sacramento,T1,national_transfer_hub,TOL,Toledo,T1,national_transfer_hub,3120,1337,needs-intermediate-stops,11,6,I-5;I-10;US70;I-30;I-40;I-65;I-75,SAC;CENTRAL_VALLEY;LA;PHX;LITTLE_ROCK;MEM;NASHVILLE;LOUISVILLE;CINCINNATI;COLUMBUS;TOL,T1,69.2,58.8,72h three-day,60.3,43.3,8.7,not-time-competitive,freight-rail-wins-bulk-road-wins-express,heuristic-planning
SAC,Sacramento,T1,national_transfer_hub,COLUMBUS,Columbus,T1,national_transfer_hub,2977,1337,needs-intermediate-stops,10,6,I-5;I-10;US70;I-30;I-40;I-65;I-75,SAC;CENTRAL_VALLEY;LA;PHX;LITTLE_ROCK;MEM;NASHVILLE;LOUISVILLE;CINCINNATI;COLUMBUS,T1,66.1,56.1,72h three-day,57.7,41.4,8.5,not-time-competitive,freight-rail-wins-bulk-road-wins-express,heuristic-planning
SAC,Sacramento,T1,national_transfer_hub,CINCINNATI,Cincinnati,T2,national_transfer_hub,2859,1337,needs-intermediate-stops,9,5,I-5;I-10;US70;I-30;I-40;I-65,SAC;CENTRAL_VALLEY;LA;PHX;LITTLE_ROCK;MEM;NASHVILLE;LOUISVILLE;CINCINNATI,T1,63.1,53.7,72h three-day,55.2,39.6,8.2,not-time-competitive,freight-rail-wins-bulk-road-wins-express,heuristic-planning
SAC,Sacramento,T1,national_transfer_hub,CHATTANOOGA,Chattanooga,T2,service_stop,2756,1337,needs-intermediate-stops,8,5,I-5;I-10;US70;I-30;I-22;I-59,SAC;CENTRAL_VALLEY;LA;PHX;LITTLE_ROCK;MEM;BHM_APPROACH;CHATTANOOGA,T1,60.9,51.7,72h three-day,53.4,38.2,8.0,not-time-competitive,freight-rail-wins-bulk-road-wins-express,heuristic-planning
SAC,Sacramento,T1,national_transfer_hub,MONTGOMERY,Montgomery,T2,service_stop,2932,1337,needs-intermediate-stops,9,6,I-5;I-10;US70;I-30;I-22;I-20;US80,SAC;CENTRAL_VALLEY;LA;PHX;LITTLE_ROCK;MEM;BHM_APPROACH;ATL;MONTGOMERY,T1,65.0,55.2,72h three-day,56.9,40.8,8.4,not-time-competitive,freight-rail-wins-bulk-road-wins-express,heuristic-planning
SAC,Sacramento,T1,national_transfer_hub,GAINESVILLE,Gainesville,T1,service_stop,3124,1337,needs-intermediate-stops,9,6,I-5;I-10;US70;I-30;I-22;I-20;I-75,SAC;CENTRAL_VALLEY;LA;PHX;LITTLE_ROCK;MEM;BHM_APPROACH;ATL;GAINESVILLE,T1,69.1,58.7,72h three-day,60.4,43.4,8.7,not-time-competitive,freight-rail-wins-bulk-road-wins-express,heuristic-planning
SAC,Sacramento,T1,national_transfer_hub,RENO,Reno,T1,service_stop,132,132,sla-stop-rhythm-ok,2,0,I-80,SAC;RENO,T1,2.8,2.4,6h local,3.9,2.3,2.8,time-competitive,corridor-specific-rail-check-needed,heuristic-planning
SAC,Sacramento,T1,national_transfer_hub,SLC,Salt Lake,T1,national_transfer_hub,635,503,needs-intermediate-stops,3,0,I-80,SAC;RENO;SLC,T1,13.6,11.6,12h half-day,13.0,9.0,3.8,not-time-competitive,corridor-specific-rail-check-needed,heuristic-planning
SAC,Sacramento,T1,national_transfer_hub,BOI,Boise,T2,national_transfer_hub,977,570,needs-intermediate-stops,3,1,I-5;I-84,SAC;POR;BOI,T1,21.2,18.1,24h overnight,19.6,13.7,4.5,not-time-competitive,freight-rail-wins-bulk-road-wins-express,heuristic-planning
SAC,Sacramento,T1,national_transfer_hub,LEWISTON,Lewiston,T2,service_stop,1115,570,needs-intermediate-stops,5,2,I-5;I-90;US95,SAC;POR;SEA;SPK;LEWISTON,T1,24.7,20.9,24h overnight,22.5,15.8,4.7,not-time-competitive,freight-rail-wins-bulk-road-wins-express,heuristic-planning
SAC,Sacramento,T1,national_transfer_hub,CHEYENNE,Cheyenne,T1,service_stop,1071,503,needs-intermediate-stops,4,0,I-80,SAC;RENO;SLC;CHEYENNE,T1,23.0,19.6,24h overnight,21.0,14.8,4.6,not-time-competitive,freight-rail-wins-bulk-road-wins-express,heuristic-planning
SAC,Sacramento,T1,national_transfer_hub,OMAHA,Omaha,T1,national_transfer_hub,3464,1337,needs-intermediate-stops,10,5,I-5;I-10;US70;I-30;I-35;I-80,SAC;CENTRAL_VALLEY;LA;PHX;LITTLE_ROCK;DAL;OKC;KC;DSM;OMAHA,T1,76.1,64.7,72h three-day,66.2,47.7,9.4,not-time-competitive,freight-rail-wins-bulk-road-wins-express,heuristic-planning
SAC,Sacramento,T1,national_transfer_hub,FARGO,Fargo,T2,service_stop,3925,1337,needs-intermediate-stops,11,6,I-5;I-10;US70;I-30;I-35;I-80;I-29,SAC;CENTRAL_VALLEY;LA;PHX;LITTLE_ROCK;DAL;OKC;KC;DSM;OMAHA;FARGO,T1,86.3,73.4,>72h source-gated,75.0,54.0,10.3,not-time-competitive,freight-rail-wins-bulk-road-wins-express,heuristic-planning
SAC,Sacramento,T1,national_transfer_hub,NYC,New York,T2,transfer_hub,3541,1337,needs-intermediate-stops,12,8,I-5;I-10;US70;I-30;I-40;I-65;I-75;I-70;I-81,SAC;CENTRAL_VALLEY;LA;PHX;LITTLE_ROCK;MEM;NASHVILLE;LOUISVILLE;CINCINNATI;COLUMBUS;PENNSYLVANIA;NYC,T1,78.9,67.0,72h three-day,68.7,49.3,9.6,not-time-competitive,freight-rail-wins-bulk-road-wins-express,heuristic-planning
SAC,Sacramento,T1,national_transfer_hub,SPK,Spokane,T1,service_stop,1011,570,needs-intermediate-stops,4,1,I-5;I-90,SAC;POR;SEA;SPK,T1,22.0,18.8,24h overnight,20.2,14.2,4.5,not-time-competitive,freight-rail-wins-bulk-road-wins-express,heuristic-planning
SAC,Sacramento,T1,national_transfer_hub,BIL,Billings*,T1,national_transfer_hub,1533,570,needs-intermediate-stops,5,1,I-5;I-90,SAC;POR;SEA;SPK;BIL,T1,33.2,28.3,36h next-day,29.7,21.1,5.6,not-time-competitive,freight-rail-wins-bulk-road-wins-express,heuristic-planning
SAC,Sacramento,T1,national_transfer_hub,RAPID_CITY,Rapid City,T2,national_transfer_hub,3709,1337,needs-intermediate-stops,8,5,I-5;I-10;US70;I-30;US80;US83,SAC;CENTRAL_VALLEY;LA;PHX;LITTLE_ROCK;DAL;ABILENE;RAPID_CITY,T1,81.1,69.0,72h three-day,70.7,51.0,9.9,not-time-competitive,freight-rail-wins-bulk-road-wins-express,heuristic-planning
SAC,Sacramento,T1,national_transfer_hub,MILWAUKEE,Milwaukee,T1,service_stop,3782,1337,needs-intermediate-stops,12,6,I-5;I-10;US70;I-30;I-35;I-80;I-90,SAC;CENTRAL_VALLEY;LA;PHX;LITTLE_ROCK;DAL;OKC;KC;DSM;CHI;CHI_NORTH;MILWAUKEE,T1,83.4,70.9,72h three-day,72.4,52.1,10.1,not-time-competitive,freight-rail-wins-bulk-road-wins-express,heuristic-planning
SAC,Sacramento,T1,national_transfer_hub,CHI_NORTH,North Chicago,T1,service_stop,3700,1337,needs-intermediate-stops,11,6,I-5;I-10;US70;I-30;I-35;I-80;I-90,SAC;CENTRAL_VALLEY;LA;PHX;LITTLE_ROCK;DAL;OKC;KC;DSM;CHI;CHI_NORTH,T1,81.5,69.3,72h three-day,70.9,51.0,9.9,not-time-competitive,freight-rail-wins-bulk-road-wins-express,heuristic-planning
SAC,Sacramento,T1,national_transfer_hub,PHILADELPHIA,Philadelphia,T2,service_stop,3469,1337,needs-intermediate-stops,12,8,I-5;I-10;US70;I-30;I-40;I-65;I-75;I-70;I-76,SAC;CENTRAL_VALLEY;LA;PHX;LITTLE_ROCK;MEM;NASHVILLE;LOUISVILLE;CINCINNATI;COLUMBUS;PENNSYLVANIA;PHILADELPHIA,T1,77.4,65.7,72h three-day,67.4,48.4,9.4,not-time-competitive,freight-rail-wins-bulk-road-wins-express,heuristic-planning
SAC,Sacramento,T1,national_transfer_hub,DC,Washington,T1,service_stop,3472,1337,needs-intermediate-stops,12,7,I-5;I-10;US70;I-30;I-40;I-65;I-75;I-70,SAC;CENTRAL_VALLEY;LA;PHX;LITTLE_ROCK;MEM;NASHVILLE;LOUISVILLE;CINCINNATI;COLUMBUS;PENNSYLVANIA;DC,T1,77.1,65.5,72h three-day,67.1,48.2,9.4,not-time-competitive,freight-rail-wins-bulk-road-wins-express,heuristic-planning
SAC,Sacramento,T1,national_transfer_hub,RIC,Richmond,T1,national_transfer_hub,3585,1337,needs-intermediate-stops,13,8,I-5;I-10;US70;I-30;I-40;I-65;I-75;I-70;I-95,SAC;CENTRAL_VALLEY;LA;PHX;LITTLE_ROCK;MEM;NASHVILLE;LOUISVILLE;CINCINNATI;COLUMBUS;PENNSYLVANIA;DC;RIC,T1,80.0,67.8,72h three-day,69.5,49.9,9.7,not-time-competitive,freight-rail-wins-bulk-road-wins-express,heuristic-planning
SAC,Sacramento,T1,national_transfer_hub,BEN,Benson,T1,transfer_hub,4024,1337,needs-intermediate-stops,15,9,I-5;I-10;US70;I-30;I-40;I-65;I-75;I-70;I-95;I-40,SAC;CENTRAL_VALLEY;LA;PHX;LITTLE_ROCK;MEM;NASHVILLE;LOUISVILLE;CINCINNATI;COLUMBUS;PENNSYLVANIA;DC;RIC;FLO;BEN,T1,89.8,76.2,>72h source-gated,77.8,56.0,10.5,not-time-competitive,freight-rail-wins-bulk-road-wins-express,heuristic-planning
SAC,Sacramento,T1,national_transfer_hub,GREENVILLE,Greenville,T2,service_stop,2922,1337,needs-intermediate-stops,9,6,I-5;I-10;US70;I-30;I-22;I-20;I-85,SAC;CENTRAL_VALLEY;LA;PHX;LITTLE_ROCK;MEM;BHM_APPROACH;ATL;GREENVILLE,T1,64.8,55.0,72h three-day,56.7,40.7,8.3,not-time-competitive,freight-rail-wins-bulk-road-wins-express,heuristic-planning
SAC,Sacramento,T1,national_transfer_hub,GREENSBORO,Greensboro,T2,service_stop,3128,1337,needs-intermediate-stops,11,6,I-5;I-10;US70;I-30;I-22;I-20;I-85,SAC;CENTRAL_VALLEY;LA;PHX;LITTLE_ROCK;MEM;BHM_APPROACH;ATL;GREENVILLE;CLT;GREENSBORO,T1,69.4,58.9,72h three-day,60.5,43.4,8.8,not-time-competitive,freight-rail-wins-bulk-road-wins-express,heuristic-planning
SAC,Sacramento,T1,national_transfer_hub,MOBILE,Mobile,T2,service_stop,2842,1337,needs-intermediate-stops,8,5,I-5;I-10;US70;I-30;I-22;I-65,SAC;CENTRAL_VALLEY;LA;PHX;LITTLE_ROCK;MEM;BHM_APPROACH;MOBILE,T1,62.7,53.3,72h three-day,54.9,39.4,8.2,not-time-competitive,freight-rail-wins-bulk-road-wins-express,heuristic-planning
SAC,Sacramento,T1,national_transfer_hub,LOUISVILLE,Louisville,T2,national_transfer_hub,2752,1337,needs-intermediate-stops,8,5,I-5;I-10;US70;I-30;I-40;I-65,SAC;CENTRAL_VALLEY;LA;PHX;LITTLE_ROCK;MEM;NASHVILLE;LOUISVILLE,T1,60.8,51.7,72h three-day,53.3,38.2,8.0,not-time-competitive,freight-rail-wins-bulk-road-wins-express,heuristic-planning
SAC,Sacramento,T1,national_transfer_hub,LITTLE_ROCK,Little Rock,T2,national_transfer_hub,2187,1337,needs-intermediate-stops,5,2,I-5;I-10;US70,SAC;CENTRAL_VALLEY;LA;PHX;LITTLE_ROCK,T1,47.5,40.4,48h two-day,42.0,30.1,6.9,not-time-competitive,freight-rail-wins-bulk-road-wins-express,heuristic-planning
SAC,Sacramento,T1,national_transfer_hub,LAS_VEGAS,Las Vegas,T2,service_stop,1063,503,needs-intermediate-stops,4,1,I-80;I-15,SAC;RENO;SLC;LAS_VEGAS,T1,23.1,19.7,24h overnight,21.2,14.9,4.6,not-time-competitive,freight-rail-wins-bulk-road-wins-express,heuristic-planning
SAC,Sacramento,T1,national_transfer_hub,DEN,Denver,T1,national_transfer_hub,1072,503,needs-intermediate-stops,4,1,I-80;I-70,SAC;RENO;SLC;DEN,T1,23.3,19.9,24h overnight,21.3,15.0,4.6,not-time-competitive,freight-rail-wins-bulk-road-wins-express,heuristic-planning
SAC,Sacramento,T1,national_transfer_hub,CAPITAL_BELTWAY_N,Capital North,T2,service_stop,3482,1337,needs-intermediate-stops,13,8,I-5;I-10;US70;I-30;I-40;I-65;I-75;I-70;I-495,SAC;CENTRAL_VALLEY;LA;PHX;LITTLE_ROCK;MEM;NASHVILLE;LOUISVILLE;CINCINNATI;COLUMBUS;PENNSYLVANIA;DC;CAPITAL_BELTWAY_N,T1,77.8,66.0,72h three-day,67.6,48.5,9.5,not-time-competitive,freight-rail-wins-bulk-road-wins-express,heuristic-planning
SAC,Sacramento,T1,national_transfer_hub,CAPITAL_BELTWAY_E,Capital East,T2,service_stop,3493,1337,needs-intermediate-stops,14,8,I-5;I-10;US70;I-30;I-40;I-65;I-75;I-70;I-495,SAC;CENTRAL_VALLEY;LA;PHX;LITTLE_ROCK;MEM;NASHVILLE;LOUISVILLE;CINCINNATI;COLUMBUS;PENNSYLVANIA;DC;CAPITAL_BELTWAY_S;CAPITAL_BELTWAY_E,T1,78.1,66.2,72h three-day,67.8,48.7,9.5,not-time-competitive,freight-rail-wins-bulk-road-wins-express,heuristic-planning
SAC,Sacramento,T1,national_transfer_hub,CAPITAL_BELTWAY_S,Capital South,T2,service_stop,3481,1337,needs-intermediate-stops,13,8,I-5;I-10;US70;I-30;I-40;I-65;I-75;I-70;I-495,SAC;CENTRAL_VALLEY;LA;PHX;LITTLE_ROCK;MEM;NASHVILLE;LOUISVILLE;CINCINNATI;COLUMBUS;PENNSYLVANIA;DC;CAPITAL_BELTWAY_S,T1,77.7,65.9,72h three-day,67.6,48.5,9.5,not-time-competitive,freight-rail-wins-bulk-road-wins-express,heuristic-planning
SAC,Sacramento,T1,national_transfer_hub,JOPLIN,Joplin,T2,service_stop,3117,1337,needs-intermediate-stops,8,5,I-5;I-10;US70;I-30;I-20;I-49,SAC;CENTRAL_VALLEY;LA;PHX;LITTLE_ROCK;DAL;SHV;JOPLIN,T1,68.5,58.3,72h three-day,59.9,43.1,8.7,not-time-competitive,freight-rail-wins-bulk-road-wins-express,heuristic-planning
SAC,Sacramento,T1,national_transfer_hub,HAGERSTOWN,Hagerstown,T2,service_stop,3433,1337,needs-intermediate-stops,12,8,I-5;I-10;US70;I-30;I-40;I-65;I-75;I-70;I-81,SAC;CENTRAL_VALLEY;LA;PHX;LITTLE_ROCK;MEM;NASHVILLE;LOUISVILLE;CINCINNATI;COLUMBUS;PENNSYLVANIA;HAGERSTOWN,T1,76.6,65.0,72h three-day,66.7,47.9,9.4,not-time-competitive,freight-rail-wins-bulk-road-wins-express,heuristic-planning
SAC,Sacramento,T1,national_transfer_hub,STL,St. Louis,T1,national_transfer_hub,3389,1337,needs-intermediate-stops,9,5,I-5;I-10;US70;I-30;I-35;I-70,SAC;CENTRAL_VALLEY;LA;PHX;LITTLE_ROCK;DAL;OKC;KC;STL,T1,74.4,63.3,72h three-day,64.9,46.7,9.3,not-time-competitive,freight-rail-wins-bulk-road-wins-express,heuristic-planning
SAC,Sacramento,T1,national_transfer_hub,PITTSBURGH,Pittsburgh,T2,service_stop,3459,1337,needs-intermediate-stops,11,7,I-5;I-10;US70;I-30;I-22;I-20;I-85;I-77,SAC;CENTRAL_VALLEY;LA;PHX;LITTLE_ROCK;MEM;BHM_APPROACH;ATL;GREENVILLE;CLT;PITTSBURGH,T1,76.8,65.2,72h three-day,66.8,48.0,9.4,not-time-competitive,freight-rail-wins-bulk-road-wins-express,heuristic-planning
SAC,Sacramento,T1,national_transfer_hub,PENNSYLVANIA,Harrisburg,T1,national_transfer_hub,3359,1337,needs-intermediate-stops,11,7,I-5;I-10;US70;I-30;I-40;I-65;I-75;I-70,SAC;CENTRAL_VALLEY;LA;PHX;LITTLE_ROCK;MEM;NASHVILLE;LOUISVILLE;CINCINNATI;COLUMBUS;PENNSYLVANIA,T1,74.6,63.4,72h three-day,65.0,46.7,9.2,not-time-competitive,freight-rail-wins-bulk-road-wins-express,heuristic-planning
SAC,Sacramento,T1,national_transfer_hub,GULFPORT,Gulfport,T1,national_transfer_hub,2920,1337,needs-intermediate-stops,9,6,I-5;I-10;US70;I-30;I-22;I-65;I-10,SAC;CENTRAL_VALLEY;LA;PHX;LITTLE_ROCK;MEM;BHM_APPROACH;MOBILE;GULFPORT,T1,64.8,55.0,72h three-day,56.7,40.6,8.3,not-time-competitive,freight-rail-wins-bulk-road-wins-express,heuristic-planning
SAC,Sacramento,T1,national_transfer_hub,CORPUS,Corpus Christi,T2,national_transfer_hub,2984,1337,needs-intermediate-stops,8,5,I-5;I-10;US70;I-30;I-35;I-37,SAC;CENTRAL_VALLEY;LA;PHX;LITTLE_ROCK;DAL;SAT;CORPUS,T1,65.7,55.9,72h three-day,57.5,41.3,8.5,not-time-competitive,freight-rail-wins-bulk-road-wins-express,heuristic-planning
CENTRAL_VALLEY,Central Valley,T1,service_stop,LA,Los Angeles,T1,transfer_hub,242,242,sla-stop-rhythm-ok,2,0,I-5,CENTRAL_VALLEY;LA,T1,5.2,4.4,6h local,5.9,3.7,3.0,near-competitive-short-haul,corridor-specific-rail-check-needed,heuristic-planning
CENTRAL_VALLEY,Central Valley,T1,service_stop,SDTJ,San Diego/Tijuana,T1,national_terminal,389,242,sla-stop-rhythm-ok,3,0,I-5,CENTRAL_VALLEY;LA;SDTJ,T1,8.4,7.1,12h half-day,8.6,5.7,3.3,not-time-competitive,corridor-specific-rail-check-needed,heuristic-planning
CENTRAL_VALLEY,Central Valley,T1,service_stop,PHX,Phoenix,T1,service_stop,663,421,needs-intermediate-stops,3,1,I-5;I-10,CENTRAL_VALLEY;LA;PHX,T1,14.5,12.4,24h overnight,13.9,9.5,3.8,not-time-competitive,corridor-specific-rail-check-needed,heuristic-planning
CENTRAL_VALLEY,Central Valley,T1,service_stop,ELP,El Paso,T1,national_transfer_hub,1071,421,needs-intermediate-stops,4,1,I-5;I-10,CENTRAL_VALLEY;LA;PHX;ELP,T1,23.3,19.8,24h overnight,21.3,15.0,4.6,not-time-competitive,freight-rail-wins-bulk-road-wins-express,heuristic-planning
CENTRAL_VALLEY,Central Valley,T1,service_stop,SAT,San Antonio,T1,national_transfer_hub,2644,1337,needs-intermediate-stops,6,4,I-5;I-10;US70;I-30;I-35,CENTRAL_VALLEY;LA;PHX;LITTLE_ROCK;DAL;SAT,T1,58.0,49.3,72h three-day,51.0,36.6,7.8,not-time-competitive,freight-rail-wins-bulk-road-wins-express,heuristic-planning
CENTRAL_VALLEY,Central Valley,T1,service_stop,LRD,Laredo,T1,national_terminal,2816,1337,needs-intermediate-stops,7,4,I-5;I-10;US70;I-30;I-35,CENTRAL_VALLEY;LA;PHX;LITTLE_ROCK;DAL;SAT;LRD,T1,61.7,52.5,72h three-day,54.1,38.9,8.1,not-time-competitive,freight-rail-wins-bulk-road-wins-express,heuristic-planning
CENTRAL_VALLEY,Central Valley,T1,service_stop,HOU,Houston*,T1,national_transfer_hub,2867,1337,needs-intermediate-stops,7,5,I-5;I-10;US70;I-30;I-35;I-10,CENTRAL_VALLEY;LA;PHX;LITTLE_ROCK;DAL;SAT;HOU,T1,63.2,53.7,72h three-day,55.4,39.7,8.2,not-time-competitive,freight-rail-wins-bulk-road-wins-express,heuristic-planning
CENTRAL_VALLEY,Central Valley,T1,service_stop,BEAUMONT,Beaumont,T1,service_stop,2959,1337,needs-intermediate-stops,8,5,I-5;I-10;US70;I-30;I-35;I-10,CENTRAL_VALLEY;LA;PHX;LITTLE_ROCK;DAL;SAT;HOU;BEAUMONT,T1,65.2,55.4,72h three-day,57.0,40.9,8.4,not-time-competitive,freight-rail-wins-bulk-road-wins-express,heuristic-planning
CENTRAL_VALLEY,Central Valley,T1,service_stop,LAFAYETTE,Lafayette,T2,service_stop,2941,1337,needs-intermediate-stops,9,7,I-5;I-10;US70;I-30;I-22;I-65;I-10;US90,CENTRAL_VALLEY;LA;PHX;LITTLE_ROCK;MEM;BHM_APPROACH;MOBILE;GULFPORT;LAFAYETTE,T1,65.6,55.6,72h three-day,57.4,41.1,8.4,not-time-competitive,freight-rail-wins-bulk-road-wins-express,heuristic-planning
CENTRAL_VALLEY,Central Valley,T1,service_stop,NOLA,New Orleans,T2,service_stop,2779,1337,needs-intermediate-stops,7,5,I-5;I-10;US70;I-30;I-22;I-59,CENTRAL_VALLEY;LA;PHX;LITTLE_ROCK;MEM;BHM_APPROACH;NOLA,T1,61.3,52.1,72h three-day,53.8,38.6,8.1,not-time-competitive,freight-rail-wins-bulk-road-wins-express,heuristic-planning
CENTRAL_VALLEY,Central Valley,T1,service_stop,TALLAHASSEE,Tallahassee,T1,service_stop,2921,1337,needs-intermediate-stops,8,6,I-5;I-10;US70;I-30;I-22;I-65;I-10,CENTRAL_VALLEY;LA;PHX;LITTLE_ROCK;MEM;BHM_APPROACH;MOBILE;TALLAHASSEE,T1,64.7,55.0,72h three-day,56.7,40.6,8.3,not-time-competitive,freight-rail-wins-bulk-road-wins-express,heuristic-planning
CENTRAL_VALLEY,Central Valley,T1,service_stop,JAX,Jacksonville,T2,national_transfer_hub,3257,1337,needs-intermediate-stops,9,7,I-5;I-10;US70;I-30;I-22;I-65;I-10;US90,CENTRAL_VALLEY;LA;PHX;LITTLE_ROCK;MEM;BHM_APPROACH;MOBILE;GULFPORT;JAX,T1,72.3,61.4,72h three-day,63.2,45.3,9.0,not-time-competitive,freight-rail-wins-bulk-road-wins-express,heuristic-planning
CENTRAL_VALLEY,Central Valley,T1,service_stop,DAL,Dallas,T2,national_transfer_hub,2346,1337,needs-intermediate-stops,5,3,I-5;I-10;US70;I-30,CENTRAL_VALLEY;LA;PHX;LITTLE_ROCK;DAL,T1,51.2,43.6,48h two-day,45.2,32.4,7.2,not-time-competitive,freight-rail-wins-bulk-road-wins-express,heuristic-planning
CENTRAL_VALLEY,Central Valley,T1,service_stop,ABILENE,Abilene,T2,service_stop,2549,1337,needs-intermediate-stops,6,4,I-5;I-10;US70;I-30;US80,CENTRAL_VALLEY;LA;PHX;LITTLE_ROCK;DAL;ABILENE,T1,56.0,47.6,48h two-day,49.2,35.3,7.6,not-time-competitive,freight-rail-wins-bulk-road-wins-express,heuristic-planning
CENTRAL_VALLEY,Central Valley,T1,service_stop,SHV,Shreveport,T1,service_stop,2556,1337,needs-intermediate-stops,6,4,I-5;I-10;US70;I-30;I-20,CENTRAL_VALLEY;LA;PHX;LITTLE_ROCK;DAL;SHV,T1,56.1,47.7,48h two-day,49.4,35.4,7.6,not-time-competitive,freight-rail-wins-bulk-road-wins-express,heuristic-planning
CENTRAL_VALLEY,Central Valley,T1,service_stop,BHM_APPROACH,Birmingham,T2,national_transfer_hub,2410,1337,needs-intermediate-stops,6,4,I-5;I-10;US70;I-30;I-22,CENTRAL_VALLEY;LA;PHX;LITTLE_ROCK;MEM;BHM_APPROACH,T1,53.0,45.1,48h two-day,46.7,33.4,7.3,not-time-competitive,freight-rail-wins-bulk-road-wins-express,heuristic-planning
CENTRAL_VALLEY,Central Valley,T1,service_stop,ATL,Atlanta,T1,national_transfer_hub,2575,1337,needs-intermediate-stops,7,5,I-5;I-10;US70;I-30;I-22;I-20,CENTRAL_VALLEY;LA;PHX;LITTLE_ROCK;MEM;BHM_APPROACH;ATL,T1,56.9,48.4,72h three-day,50.1,35.8,7.6,not-time-competitive,freight-rail-wins-bulk-road-wins-express,heuristic-planning
CENTRAL_VALLEY,Central Valley,T1,service_stop,COLUMBIA,Columbia,T1,service_stop,2803,1337,needs-intermediate-stops,8,5,I-5;I-10;US70;I-30;I-22;I-20,CENTRAL_VALLEY;LA;PHX;LITTLE_ROCK;MEM;BHM_APPROACH;ATL;COLUMBIA,T1,61.9,52.6,72h three-day,54.2,38.9,8.1,not-time-competitive,freight-rail-wins-bulk-road-wins-express,heuristic-planning
CENTRAL_VALLEY,Central Valley,T1,service_stop,FLO,Florence,T1,transfer_hub,3712,1337,needs-intermediate-stops,13,8,I-5;I-10;US70;I-30;I-40;I-65;I-75;I-70;I-95,CENTRAL_VALLEY;LA;PHX;LITTLE_ROCK;MEM;NASHVILLE;LOUISVILLE;CINCINNATI;COLUMBUS;PENNSYLVANIA;DC;RIC;FLO,T1,82.7,70.2,72h three-day,71.8,51.6,9.9,not-time-competitive,freight-rail-wins-bulk-road-wins-express,heuristic-planning
CENTRAL_VALLEY,Central Valley,T1,service_stop,MIN,Minneapolis,T1,national_transfer_hub,3411,1337,needs-intermediate-stops,9,4,I-5;I-10;US70;I-30;I-35,CENTRAL_VALLEY;LA;PHX;LITTLE_ROCK;DAL;OKC;KC;DSM;MIN,T1,74.5,63.4,72h three-day,64.9,46.8,9.3,not-time-competitive,freight-rail-wins-bulk-road-wins-express,heuristic-planning
CENTRAL_VALLEY,Central Valley,T1,service_stop,DSM,Des Moines,T1,transfer_hub,3134,1337,needs-intermediate-stops,8,4,I-5;I-10;US70;I-30;I-35,CENTRAL_VALLEY;LA;PHX;LITTLE_ROCK;DAL;OKC;KC;DSM,T1,68.6,58.3,72h three-day,59.9,43.1,8.8,not-time-competitive,freight-rail-wins-bulk-road-wins-express,heuristic-planning
CENTRAL_VALLEY,Central Valley,T1,service_stop,KC,Kansas City,T1,national_transfer_hub,2923,1337,needs-intermediate-stops,7,4,I-5;I-10;US70;I-30;I-35,CENTRAL_VALLEY;LA;PHX;LITTLE_ROCK;DAL;OKC;KC,T1,64.0,54.4,72h three-day,56.0,40.3,8.3,not-time-competitive,freight-rail-wins-bulk-road-wins-express,heuristic-planning
CENTRAL_VALLEY,Central Valley,T1,service_stop,OKC,Oklahoma City,T1,national_transfer_hub,2571,1337,needs-intermediate-stops,6,4,I-5;I-10;US70;I-30;I-35,CENTRAL_VALLEY;LA;PHX;LITTLE_ROCK;DAL;OKC,T1,56.4,48.0,48h two-day,49.6,35.6,7.6,not-time-competitive,freight-rail-wins-bulk-road-wins-express,heuristic-planning
CENTRAL_VALLEY,Central Valley,T1,service_stop,BARSTOW,Barstow,T2,national_transfer_hub,350,242,sla-stop-rhythm-ok,3,1,I-5;I-15,CENTRAL_VALLEY;LA;BARSTOW,T1,7.9,6.7,12h half-day,8.2,5.4,3.2,not-time-competitive,corridor-specific-rail-check-needed,heuristic-planning
CENTRAL_VALLEY,Central Valley,T1,service_stop,AMA,Amarillo,T2,service_stop,2740,1337,needs-intermediate-stops,6,4,I-5;I-10;US70;I-30;US287,CENTRAL_VALLEY;LA;PHX;LITTLE_ROCK;DAL;AMA,T1,60.0,51.1,72h three-day,52.7,37.8,8.0,not-time-competitive,freight-rail-wins-bulk-road-wins-express,heuristic-planning
CENTRAL_VALLEY,Central Valley,T1,service_stop,MEM,Memphis,T2,national_transfer_hub,2154,1337,needs-intermediate-stops,5,3,I-5;I-10;US70;I-30,CENTRAL_VALLEY;LA;PHX;LITTLE_ROCK;MEM,T1,47.1,40.1,48h two-day,41.7,29.8,6.8,not-time-competitive,freight-rail-wins-bulk-road-wins-express,heuristic-planning
CENTRAL_VALLEY,Central Valley,T1,service_stop,NASHVILLE,Nashville,T1,national_transfer_hub,2386,1337,needs-intermediate-stops,6,4,I-5;I-10;US70;I-30;I-40,CENTRAL_VALLEY;LA;PHX;LITTLE_ROCK;MEM;NASHVILLE,T1,52.5,44.6,48h two-day,46.3,33.1,7.3,not-time-competitive,freight-rail-wins-bulk-road-wins-express,heuristic-planning
CENTRAL_VALLEY,Central Valley,T1,service_stop,KNX,Knoxville,T1,transfer_hub,2575,1337,needs-intermediate-stops,7,4,I-5;I-10;US70;I-30;I-40,CENTRAL_VALLEY;LA;PHX;LITTLE_ROCK;MEM;NASHVILLE;KNX,T1,56.6,48.1,72h three-day,49.7,35.6,7.6,not-time-competitive,freight-rail-wins-bulk-road-wins-express,heuristic-planning
CENTRAL_VALLEY,Central Valley,T1,service_stop,ASHEVILLE,Asheville,T1,service_stop,2962,1337,needs-intermediate-stops,10,7,I-5;I-10;US70;I-30;I-22;I-20;I-85;I-40,CENTRAL_VALLEY;LA;PHX;LITTLE_ROCK;MEM;BHM_APPROACH;ATL;GREENVILLE;CLT;ASHEVILLE,T1,66.1,56.1,72h three-day,57.8,41.4,8.4,not-time-competitive,freight-rail-wins-bulk-road-wins-express,heuristic-planning
CENTRAL_VALLEY,Central Valley,T1,service_stop,CLT,Charlotte,T2,national_transfer_hub,2845,1337,needs-intermediate-stops,9,6,I-5;I-10;US70;I-30;I-22;I-20;I-85,CENTRAL_VALLEY;LA;PHX;LITTLE_ROCK;MEM;BHM_APPROACH;ATL;GREENVILLE;CLT,T1,63.2,53.6,72h three-day,55.3,39.6,8.2,not-time-competitive,freight-rail-wins-bulk-road-wins-express,heuristic-planning
CENTRAL_VALLEY,Central Valley,T1,service_stop,RALEIGH_APPROACH,Raleigh,T1,national_transfer_hub,2997,1337,needs-intermediate-stops,10,7,I-5;I-10;US70;I-30;I-22;I-20;I-85;I-40,CENTRAL_VALLEY;LA;PHX;LITTLE_ROCK;MEM;BHM_APPROACH;ATL;GREENVILLE;CLT;RALEIGH_APPROACH,T1,66.9,56.7,72h three-day,58.4,41.9,8.5,not-time-competitive,freight-rail-wins-bulk-road-wins-express,heuristic-planning
CENTRAL_VALLEY,Central Valley,T1,service_stop,INDY_APPROACH,Indianapolis,T1,national_transfer_hub,2990,1337,needs-intermediate-stops,10,7,I-5;I-10;US70;I-30;I-40;I-65;I-75;I-70,CENTRAL_VALLEY;LA;PHX;LITTLE_ROCK;MEM;NASHVILLE;LOUISVILLE;CINCINNATI;COLUMBUS;INDY_APPROACH,T1,66.7,56.6,72h three-day,58.3,41.8,8.5,not-time-competitive,freight-rail-wins-bulk-road-wins-express,heuristic-planning
CENTRAL_VALLEY,Central Valley,T1,service_stop,FORT_WAYNE,Fort Wayne,T1,service_stop,3114,1337,needs-intermediate-stops,11,8,I-5;I-10;US70;I-30;I-40;I-65;I-75;I-70;I-69,CENTRAL_VALLEY;LA;PHX;LITTLE_ROCK;MEM;NASHVILLE;LOUISVILLE;CINCINNATI;COLUMBUS;INDY_APPROACH;FORT_WAYNE,T1,69.8,59.2,72h three-day,60.9,43.6,8.7,not-time-competitive,freight-rail-wins-bulk-road-wins-express,heuristic-planning
CENTRAL_VALLEY,Central Valley,T1,service_stop,CHI_APPROACH,South Bend,T1,service_stop,3585,1337,needs-intermediate-stops,10,6,I-5;I-10;US70;I-30;I-35;I-80;I-69,CENTRAL_VALLEY;LA;PHX;LITTLE_ROCK;DAL;OKC;KC;DSM;CHI;CHI_APPROACH,T1,79.0,67.2,72h three-day,68.8,49.5,9.7,not-time-competitive,freight-rail-wins-bulk-road-wins-express,heuristic-planning
CENTRAL_VALLEY,Central Valley,T1,service_stop,CHI,Chicago,T1,national_transfer_hub,3499,1337,needs-intermediate-stops,9,5,I-5;I-10;US70;I-30;I-35;I-80,CENTRAL_VALLEY;LA;PHX;LITTLE_ROCK;DAL;OKC;KC;DSM;CHI,T1,76.8,65.3,72h three-day,66.9,48.2,9.5,not-time-competitive,freight-rail-wins-bulk-road-wins-express,heuristic-planning
CENTRAL_VALLEY,Central Valley,T1,service_stop,TOL,Toledo,T1,national_transfer_hub,2934,1337,needs-intermediate-stops,10,6,I-5;I-10;US70;I-30;I-40;I-65;I-75,CENTRAL_VALLEY;LA;PHX;LITTLE_ROCK;MEM;NASHVILLE;LOUISVILLE;CINCINNATI;COLUMBUS;TOL,T1,65.2,55.3,72h three-day,56.9,40.8,8.4,not-time-competitive,freight-rail-wins-bulk-road-wins-express,heuristic-planning
CENTRAL_VALLEY,Central Valley,T1,service_stop,COLUMBUS,Columbus,T1,national_transfer_hub,2791,1337,needs-intermediate-stops,9,6,I-5;I-10;US70;I-30;I-40;I-65;I-75,CENTRAL_VALLEY;LA;PHX;LITTLE_ROCK;MEM;NASHVILLE;LOUISVILLE;CINCINNATI;COLUMBUS,T1,62.0,52.7,72h three-day,54.3,38.9,8.1,not-time-competitive,freight-rail-wins-bulk-road-wins-express,heuristic-planning
CENTRAL_VALLEY,Central Valley,T1,service_stop,CINCINNATI,Cincinnati,T2,national_transfer_hub,2673,1337,needs-intermediate-stops,8,5,I-5;I-10;US70;I-30;I-40;I-65,CENTRAL_VALLEY;LA;PHX;LITTLE_ROCK;MEM;NASHVILLE;LOUISVILLE;CINCINNATI,T1,59.1,50.2,72h three-day,51.9,37.1,7.8,not-time-competitive,freight-rail-wins-bulk-road-wins-express,heuristic-planning
CENTRAL_VALLEY,Central Valley,T1,service_stop,CHATTANOOGA,Chattanooga,T2,service_stop,2570,1337,needs-intermediate-stops,7,5,I-5;I-10;US70;I-30;I-22;I-59,CENTRAL_VALLEY;LA;PHX;LITTLE_ROCK;MEM;BHM_APPROACH;CHATTANOOGA,T1,56.8,48.3,72h three-day,50.0,35.8,7.6,not-time-competitive,freight-rail-wins-bulk-road-wins-express,heuristic-planning
CENTRAL_VALLEY,Central Valley,T1,service_stop,MONTGOMERY,Montgomery,T2,service_stop,2746,1337,needs-intermediate-stops,8,6,I-5;I-10;US70;I-30;I-22;I-20;US80,CENTRAL_VALLEY;LA;PHX;LITTLE_ROCK;MEM;BHM_APPROACH;ATL;MONTGOMERY,T1,61.0,51.8,72h three-day,53.5,38.3,8.0,not-time-competitive,freight-rail-wins-bulk-road-wins-express,heuristic-planning
CENTRAL_VALLEY,Central Valley,T1,service_stop,GAINESVILLE,Gainesville,T1,service_stop,2938,1337,needs-intermediate-stops,8,6,I-5;I-10;US70;I-30;I-22;I-20;I-75,CENTRAL_VALLEY;LA;PHX;LITTLE_ROCK;MEM;BHM_APPROACH;ATL;GAINESVILLE,T1,65.1,55.3,72h three-day,57.0,40.9,8.4,not-time-competitive,freight-rail-wins-bulk-road-wins-express,heuristic-planning
CENTRAL_VALLEY,Central Valley,T1,service_stop,RENO,Reno,T1,service_stop,317,186,sla-stop-rhythm-ok,3,1,I-5;I-80,CENTRAL_VALLEY;SAC;RENO,T1,7.2,6.1,12h half-day,7.6,4.9,3.1,not-time-competitive,corridor-specific-rail-check-needed,heuristic-planning
CENTRAL_VALLEY,Central Valley,T1,service_stop,SLC,Salt Lake,T1,national_transfer_hub,821,503,needs-intermediate-stops,4,1,I-5;I-80,CENTRAL_VALLEY;SAC;RENO;SLC,T1,18.0,15.3,24h overnight,16.8,11.6,4.1,not-time-competitive,freight-rail-wins-bulk-road-wins-express,heuristic-planning
CENTRAL_VALLEY,Central Valley,T1,service_stop,BOI,Boise,T2,national_transfer_hub,1163,570,needs-intermediate-stops,4,1,I-5;I-84,CENTRAL_VALLEY;SAC;POR;BOI,T1,25.3,21.5,24h overnight,23.0,16.2,4.8,not-time-competitive,freight-rail-wins-bulk-road-wins-express,heuristic-planning
CENTRAL_VALLEY,Central Valley,T1,service_stop,LEWISTON,Lewiston,T2,service_stop,1301,570,needs-intermediate-stops,6,2,I-5;I-90;US95,CENTRAL_VALLEY;SAC;POR;SEA;SPK;LEWISTON,T1,28.7,24.4,36h next-day,25.8,18.2,5.1,not-time-competitive,freight-rail-wins-bulk-road-wins-express,heuristic-planning
CENTRAL_VALLEY,Central Valley,T1,service_stop,CHEYENNE,Cheyenne,T1,service_stop,1257,503,needs-intermediate-stops,5,1,I-5;I-80,CENTRAL_VALLEY;SAC;RENO;SLC;CHEYENNE,T1,27.3,23.3,24h overnight,24.7,17.5,5.0,not-time-competitive,freight-rail-wins-bulk-road-wins-express,heuristic-planning
CENTRAL_VALLEY,Central Valley,T1,service_stop,OMAHA,Omaha,T1,national_transfer_hub,3278,1337,needs-intermediate-stops,9,5,I-5;I-10;US70;I-30;I-35;I-80,CENTRAL_VALLEY;LA;PHX;LITTLE_ROCK;DAL;OKC;KC;DSM;OMAHA,T1,72.1,61.3,72h three-day,62.9,45.2,9.1,not-time-competitive,freight-rail-wins-bulk-road-wins-express,heuristic-planning
CENTRAL_VALLEY,Central Valley,T1,service_stop,FARGO,Fargo,T2,service_stop,3739,1337,needs-intermediate-stops,10,6,I-5;I-10;US70;I-30;I-35;I-80;I-29,CENTRAL_VALLEY;LA;PHX;LITTLE_ROCK;DAL;OKC;KC;DSM;OMAHA;FARGO,T1,82.3,70.0,72h three-day,71.6,51.6,10.0,not-time-competitive,freight-rail-wins-bulk-road-wins-express,heuristic-planning
CENTRAL_VALLEY,Central Valley,T1,service_stop,NYC,New York,T2,transfer_hub,3355,1337,needs-intermediate-stops,11,8,I-5;I-10;US70;I-30;I-40;I-65;I-75;I-70;I-81,CENTRAL_VALLEY;LA;PHX;LITTLE_ROCK;MEM;NASHVILLE;LOUISVILLE;CINCINNATI;COLUMBUS;PENNSYLVANIA;NYC,T1,74.9,63.5,72h three-day,65.3,46.8,9.2,not-time-competitive,freight-rail-wins-bulk-road-wins-express,heuristic-planning
CENTRAL_VALLEY,Central Valley,T1,service_stop,SPK,Spokane,T1,service_stop,1197,570,needs-intermediate-stops,5,1,I-5;I-90,CENTRAL_VALLEY;SAC;POR;SEA;SPK,T1,26.1,22.2,24h overnight,23.6,16.7,4.9,not-time-competitive,freight-rail-wins-bulk-road-wins-express,heuristic-planning
CENTRAL_VALLEY,Central Valley,T1,service_stop,BIL,Billings*,T1,national_transfer_hub,1719,570,needs-intermediate-stops,6,1,I-5;I-90,CENTRAL_VALLEY;SAC;POR;SEA;SPK;BIL,T1,37.2,31.7,36h next-day,33.1,23.6,5.9,not-time-competitive,freight-rail-wins-bulk-road-wins-express,heuristic-planning
CENTRAL_VALLEY,Central Valley,T1,service_stop,RAPID_CITY,Rapid City,T2,national_transfer_hub,3523,1337,needs-intermediate-stops,7,5,I-5;I-10;US70;I-30;US80;US83,CENTRAL_VALLEY;LA;PHX;LITTLE_ROCK;DAL;ABILENE;RAPID_CITY,T1,77.1,65.6,72h three-day,67.3,48.5,9.5,not-time-competitive,freight-rail-wins-bulk-road-wins-express,heuristic-planning
CENTRAL_VALLEY,Central Valley,T1,service_stop,MILWAUKEE,Milwaukee,T1,service_stop,3597,1337,needs-intermediate-stops,11,6,I-5;I-10;US70;I-30;I-35;I-80;I-90,CENTRAL_VALLEY;LA;PHX;LITTLE_ROCK;DAL;OKC;KC;DSM;CHI;CHI_NORTH;MILWAUKEE,T1,79.3,67.4,72h three-day,69.0,49.7,9.7,not-time-competitive,freight-rail-wins-bulk-road-wins-express,heuristic-planning
CENTRAL_VALLEY,Central Valley,T1,service_stop,CHI_NORTH,North Chicago,T1,service_stop,3514,1337,needs-intermediate-stops,10,6,I-5;I-10;US70;I-30;I-35;I-80;I-90,CENTRAL_VALLEY;LA;PHX;LITTLE_ROCK;DAL;OKC;KC;DSM;CHI;CHI_NORTH,T1,77.5,65.9,72h three-day,67.5,48.5,9.5,not-time-competitive,freight-rail-wins-bulk-road-wins-express,heuristic-planning
CENTRAL_VALLEY,Central Valley,T1,service_stop,PHILADELPHIA,Philadelphia,T2,service_stop,3283,1337,needs-intermediate-stops,11,8,I-5;I-10;US70;I-30;I-40;I-65;I-75;I-70;I-76,CENTRAL_VALLEY;LA;PHX;LITTLE_ROCK;MEM;NASHVILLE;LOUISVILLE;CINCINNATI;COLUMBUS;PENNSYLVANIA;PHILADELPHIA,T1,73.4,62.2,72h three-day,64.0,45.9,9.1,not-time-competitive,freight-rail-wins-bulk-road-wins-express,heuristic-planning
CENTRAL_VALLEY,Central Valley,T1,service_stop,DC,Washington,T1,service_stop,3286,1337,needs-intermediate-stops,11,7,I-5;I-10;US70;I-30;I-40;I-65;I-75;I-70,CENTRAL_VALLEY;LA;PHX;LITTLE_ROCK;MEM;NASHVILLE;LOUISVILLE;CINCINNATI;COLUMBUS;PENNSYLVANIA;DC,T1,73.1,62.0,72h three-day,63.7,45.7,9.1,not-time-competitive,freight-rail-wins-bulk-road-wins-express,heuristic-planning
CENTRAL_VALLEY,Central Valley,T1,service_stop,RIC,Richmond,T1,national_transfer_hub,3399,1337,needs-intermediate-stops,12,8,I-5;I-10;US70;I-30;I-40;I-65;I-75;I-70;I-95,CENTRAL_VALLEY;LA;PHX;LITTLE_ROCK;MEM;NASHVILLE;LOUISVILLE;CINCINNATI;COLUMBUS;PENNSYLVANIA;DC;RIC,T1,75.9,64.4,72h three-day,66.1,47.4,9.3,not-time-competitive,freight-rail-wins-bulk-road-wins-express,heuristic-planning
CENTRAL_VALLEY,Central Valley,T1,service_stop,BEN,Benson,T1,transfer_hub,3838,1337,needs-intermediate-stops,14,9,I-5;I-10;US70;I-30;I-40;I-65;I-75;I-70;I-95;I-40,CENTRAL_VALLEY;LA;PHX;LITTLE_ROCK;MEM;NASHVILLE;LOUISVILLE;CINCINNATI;COLUMBUS;PENNSYLVANIA;DC;RIC;FLO;BEN,T1,85.8,72.8,>72h source-gated,74.4,53.5,10.2,not-time-competitive,freight-rail-wins-bulk-road-wins-express,heuristic-planning
CENTRAL_VALLEY,Central Valley,T1,service_stop,GREENVILLE,Greenville,T2,service_stop,2736,1337,needs-intermediate-stops,8,6,I-5;I-10;US70;I-30;I-22;I-20;I-85,CENTRAL_VALLEY;LA;PHX;LITTLE_ROCK;MEM;BHM_APPROACH;ATL;GREENVILLE,T1,60.8,51.6,72h three-day,53.3,38.2,8.0,not-time-competitive,freight-rail-wins-bulk-road-wins-express,heuristic-planning
CENTRAL_VALLEY,Central Valley,T1,service_stop,GREENSBORO,Greensboro,T2,service_stop,2942,1337,needs-intermediate-stops,10,6,I-5;I-10;US70;I-30;I-22;I-20;I-85,CENTRAL_VALLEY;LA;PHX;LITTLE_ROCK;MEM;BHM_APPROACH;ATL;GREENVILLE;CLT;GREENSBORO,T1,65.3,55.5,72h three-day,57.1,40.9,8.4,not-time-competitive,freight-rail-wins-bulk-road-wins-express,heuristic-planning
CENTRAL_VALLEY,Central Valley,T1,service_stop,MOBILE,Mobile,T2,service_stop,2656,1337,needs-intermediate-stops,7,5,I-5;I-10;US70;I-30;I-22;I-65,CENTRAL_VALLEY;LA;PHX;LITTLE_ROCK;MEM;BHM_APPROACH;MOBILE,T1,58.7,49.8,72h three-day,51.5,36.9,7.8,not-time-competitive,freight-rail-wins-bulk-road-wins-express,heuristic-planning
CENTRAL_VALLEY,Central Valley,T1,service_stop,LOUISVILLE,Louisville,T2,national_transfer_hub,2567,1337,needs-intermediate-stops,7,5,I-5;I-10;US70;I-30;I-40;I-65,CENTRAL_VALLEY;LA;PHX;LITTLE_ROCK;MEM;NASHVILLE;LOUISVILLE,T1,56.8,48.2,72h three-day,49.9,35.7,7.6,not-time-competitive,freight-rail-wins-bulk-road-wins-express,heuristic-planning
CENTRAL_VALLEY,Central Valley,T1,service_stop,LITTLE_ROCK,Little Rock,T2,national_transfer_hub,2001,1337,needs-intermediate-stops,4,2,I-5;I-10;US70,CENTRAL_VALLEY;LA;PHX;LITTLE_ROCK,T1,43.4,37.0,48h two-day,38.6,27.6,6.5,not-time-competitive,freight-rail-wins-bulk-road-wins-express,heuristic-planning
CENTRAL_VALLEY,Central Valley,T1,service_stop,LAS_VEGAS,Las Vegas,T2,service_stop,1249,503,needs-intermediate-stops,5,2,I-5;I-80;I-15,CENTRAL_VALLEY;SAC;RENO;SLC;LAS_VEGAS,T1,27.5,23.4,24h overnight,24.9,17.5,5.0,not-time-competitive,freight-rail-wins-bulk-road-wins-express,heuristic-planning
CENTRAL_VALLEY,Central Valley,T1,service_stop,DEN,Denver,T1,national_transfer_hub,1258,503,needs-intermediate-stops,5,2,I-5;I-80;I-70,CENTRAL_VALLEY;SAC;RENO;SLC;DEN,T1,27.7,23.6,24h overnight,25.1,17.7,5.0,not-time-competitive,freight-rail-wins-bulk-road-wins-express,heuristic-planning
CENTRAL_VALLEY,Central Valley,T1,service_stop,CAPITAL_BELTWAY_N,Capital North,T2,service_stop,3297,1337,needs-intermediate-stops,12,8,I-5;I-10;US70;I-30;I-40;I-65;I-75;I-70;I-495,CENTRAL_VALLEY;LA;PHX;LITTLE_ROCK;MEM;NASHVILLE;LOUISVILLE;CINCINNATI;COLUMBUS;PENNSYLVANIA;DC;CAPITAL_BELTWAY_N,T1,73.7,62.5,72h three-day,64.2,46.1,9.1,not-time-competitive,freight-rail-wins-bulk-road-wins-express,heuristic-planning
CENTRAL_VALLEY,Central Valley,T1,service_stop,CAPITAL_BELTWAY_E,Capital East,T2,service_stop,3307,1337,needs-intermediate-stops,13,8,I-5;I-10;US70;I-30;I-40;I-65;I-75;I-70;I-495,CENTRAL_VALLEY;LA;PHX;LITTLE_ROCK;MEM;NASHVILLE;LOUISVILLE;CINCINNATI;COLUMBUS;PENNSYLVANIA;DC;CAPITAL_BELTWAY_S;CAPITAL_BELTWAY_E,T1,74.0,62.8,72h three-day,64.4,46.2,9.1,not-time-competitive,freight-rail-wins-bulk-road-wins-express,heuristic-planning
CENTRAL_VALLEY,Central Valley,T1,service_stop,CAPITAL_BELTWAY_S,Capital South,T2,service_stop,3295,1337,needs-intermediate-stops,12,8,I-5;I-10;US70;I-30;I-40;I-65;I-75;I-70;I-495,CENTRAL_VALLEY;LA;PHX;LITTLE_ROCK;MEM;NASHVILLE;LOUISVILLE;CINCINNATI;COLUMBUS;PENNSYLVANIA;DC;CAPITAL_BELTWAY_S,T1,73.7,62.5,72h three-day,64.2,46.0,9.1,not-time-competitive,freight-rail-wins-bulk-road-wins-express,heuristic-planning
CENTRAL_VALLEY,Central Valley,T1,service_stop,JOPLIN,Joplin,T2,service_stop,2931,1337,needs-intermediate-stops,7,5,I-5;I-10;US70;I-30;I-20;I-49,CENTRAL_VALLEY;LA;PHX;LITTLE_ROCK;DAL;SHV;JOPLIN,T1,64.5,54.8,72h three-day,56.5,40.6,8.4,not-time-competitive,freight-rail-wins-bulk-road-wins-express,heuristic-planning
CENTRAL_VALLEY,Central Valley,T1,service_stop,HAGERSTOWN,Hagerstown,T2,service_stop,3247,1337,needs-intermediate-stops,11,8,I-5;I-10;US70;I-30;I-40;I-65;I-75;I-70;I-81,CENTRAL_VALLEY;LA;PHX;LITTLE_ROCK;MEM;NASHVILLE;LOUISVILLE;CINCINNATI;COLUMBUS;PENNSYLVANIA;HAGERSTOWN,T1,72.6,61.6,72h three-day,63.3,45.4,9.0,not-time-competitive,freight-rail-wins-bulk-road-wins-express,heuristic-planning
CENTRAL_VALLEY,Central Valley,T1,service_stop,STL,St. Louis,T1,national_transfer_hub,3203,1337,needs-intermediate-stops,8,5,I-5;I-10;US70;I-30;I-35;I-70,CENTRAL_VALLEY;LA;PHX;LITTLE_ROCK;DAL;OKC;KC;STL,T1,70.4,59.9,72h three-day,61.5,44.2,8.9,not-time-competitive,freight-rail-wins-bulk-road-wins-express,heuristic-planning
CENTRAL_VALLEY,Central Valley,T1,service_stop,PITTSBURGH,Pittsburgh,T2,service_stop,3273,1337,needs-intermediate-stops,10,7,I-5;I-10;US70;I-30;I-22;I-20;I-85;I-77,CENTRAL_VALLEY;LA;PHX;LITTLE_ROCK;MEM;BHM_APPROACH;ATL;GREENVILLE;CLT;PITTSBURGH,T1,72.7,61.7,72h three-day,63.5,45.5,9.0,not-time-competitive,freight-rail-wins-bulk-road-wins-express,heuristic-planning
CENTRAL_VALLEY,Central Valley,T1,service_stop,PENNSYLVANIA,Harrisburg,T1,national_transfer_hub,3174,1337,needs-intermediate-stops,10,7,I-5;I-10;US70;I-30;I-40;I-65;I-75;I-70,CENTRAL_VALLEY;LA;PHX;LITTLE_ROCK;MEM;NASHVILLE;LOUISVILLE;CINCINNATI;COLUMBUS;PENNSYLVANIA,T1,70.6,59.9,72h three-day,61.7,44.2,8.8,not-time-competitive,freight-rail-wins-bulk-road-wins-express,heuristic-planning
CENTRAL_VALLEY,Central Valley,T1,service_stop,GULFPORT,Gulfport,T1,national_transfer_hub,2734,1337,needs-intermediate-stops,8,6,I-5;I-10;US70;I-30;I-22;I-65;I-10,CENTRAL_VALLEY;LA;PHX;LITTLE_ROCK;MEM;BHM_APPROACH;MOBILE;GULFPORT,T1,60.8,51.6,72h three-day,53.3,38.2,8.0,not-time-competitive,freight-rail-wins-bulk-road-wins-express,heuristic-planning
CENTRAL_VALLEY,Central Valley,T1,service_stop,CORPUS,Corpus Christi,T2,national_transfer_hub,2798,1337,needs-intermediate-stops,7,5,I-5;I-10;US70;I-30;I-35;I-37,CENTRAL_VALLEY;LA;PHX;LITTLE_ROCK;DAL;SAT;CORPUS,T1,61.7,52.4,72h three-day,54.1,38.8,8.1,not-time-competitive,freight-rail-wins-bulk-road-wins-express,heuristic-planning
LA,Los Angeles,T1,transfer_hub,SDTJ,San Diego/Tijuana,T1,national_terminal,147,147,sla-stop-rhythm-ok,2,0,I-5,LA;SDTJ,T1,3.1,2.7,6h local,4.2,2.5,2.8,time-competitive,corridor-specific-rail-check-needed,heuristic-planning
LA,Los Angeles,T1,transfer_hub,PHX,Phoenix,T1,service_stop,421,421,needs-intermediate-stops,2,0,I-10,LA;PHX,T1,9.0,7.7,12h half-day,9.2,6.1,3.3,not-time-competitive,corridor-specific-rail-check-needed,heuristic-planning
LA,Los Angeles,T1,transfer_hub,ELP,El Paso,T1,national_transfer_hub,828,421,needs-intermediate-stops,3,0,I-10,LA;PHX;ELP,T1,17.7,15.1,24h overnight,16.6,11.5,4.2,not-time-competitive,freight-rail-wins-bulk-road-wins-express,heuristic-planning
LA,Los Angeles,T1,transfer_hub,SAT,San Antonio,T1,national_transfer_hub,2402,1337,needs-intermediate-stops,5,3,I-10;US70;I-30;I-35,LA;PHX;LITTLE_ROCK;DAL;SAT,T1,52.4,44.6,48h two-day,46.2,33.1,7.3,not-time-competitive,freight-rail-wins-bulk-road-wins-express,heuristic-planning
LA,Los Angeles,T1,transfer_hub,LRD,Laredo,T1,national_terminal,2574,1337,needs-intermediate-stops,6,3,I-10;US70;I-30;I-35,LA;PHX;LITTLE_ROCK;DAL;SAT;LRD,T1,56.1,47.8,48h two-day,49.4,35.4,7.6,not-time-competitive,freight-rail-wins-bulk-road-wins-express,heuristic-planning
LA,Los Angeles,T1,transfer_hub,HOU,Houston*,T1,national_transfer_hub,2625,1337,needs-intermediate-stops,6,4,I-10;US70;I-30;I-35;I-10,LA;PHX;LITTLE_ROCK;DAL;SAT;HOU,T1,57.6,49.0,72h three-day,50.6,36.3,7.7,not-time-competitive,freight-rail-wins-bulk-road-wins-express,heuristic-planning
LA,Los Angeles,T1,transfer_hub,BEAUMONT,Beaumont,T1,service_stop,2716,1337,needs-intermediate-stops,7,4,I-10;US70;I-30;I-35;I-10,LA;PHX;LITTLE_ROCK;DAL;SAT;HOU;BEAUMONT,T1,59.6,50.7,72h three-day,52.3,37.5,7.9,not-time-competitive,freight-rail-wins-bulk-road-wins-express,heuristic-planning
LA,Los Angeles,T1,transfer_hub,LAFAYETTE,Lafayette,T2,service_stop,2699,1337,needs-intermediate-stops,8,6,I-10;US70;I-30;I-22;I-65;I-10;US90,LA;PHX;LITTLE_ROCK;MEM;BHM_APPROACH;MOBILE;GULFPORT;LAFAYETTE,T1,60.0,50.9,72h three-day,52.7,37.7,7.9,not-time-competitive,freight-rail-wins-bulk-road-wins-express,heuristic-planning
LA,Los Angeles,T1,transfer_hub,NOLA,New Orleans,T2,service_stop,2537,1337,needs-intermediate-stops,6,4,I-10;US70;I-30;I-22;I-59,LA;PHX;LITTLE_ROCK;MEM;BHM_APPROACH;NOLA,T1,55.7,47.4,48h two-day,49.0,35.1,7.6,not-time-competitive,freight-rail-wins-bulk-road-wins-express,heuristic-planning
LA,Los Angeles,T1,transfer_hub,TALLAHASSEE,Tallahassee,T1,service_stop,2679,1337,needs-intermediate-stops,7,5,I-10;US70;I-30;I-22;I-65;I-10,LA;PHX;LITTLE_ROCK;MEM;BHM_APPROACH;MOBILE;TALLAHASSEE,T1,59.1,50.3,72h three-day,52.0,37.2,7.9,not-time-competitive,freight-rail-wins-bulk-road-wins-express,heuristic-planning
LA,Los Angeles,T1,transfer_hub,JAX,Jacksonville,T2,national_transfer_hub,3015,1337,needs-intermediate-stops,8,6,I-10;US70;I-30;I-22;I-65;I-10;US90,LA;PHX;LITTLE_ROCK;MEM;BHM_APPROACH;MOBILE;GULFPORT;JAX,T1,66.7,56.7,72h three-day,58.4,41.9,8.5,not-time-competitive,freight-rail-wins-bulk-road-wins-express,heuristic-planning
LA,Los Angeles,T1,transfer_hub,DAL,Dallas,T2,national_transfer_hub,2104,1337,needs-intermediate-stops,4,2,I-10;US70;I-30,LA;PHX;LITTLE_ROCK;DAL,T1,45.6,38.9,48h two-day,40.4,28.9,6.7,not-time-competitive,freight-rail-wins-bulk-road-wins-express,heuristic-planning
LA,Los Angeles,T1,transfer_hub,ABILENE,Abilene,T2,service_stop,2307,1337,needs-intermediate-stops,5,3,I-10;US70;I-30;US80,LA;PHX;LITTLE_ROCK;DAL;ABILENE,T1,50.4,42.9,48h two-day,44.5,31.9,7.1,not-time-competitive,freight-rail-wins-bulk-road-wins-express,heuristic-planning
LA,Los Angeles,T1,transfer_hub,SHV,Shreveport,T1,service_stop,2314,1337,needs-intermediate-stops,5,3,I-10;US70;I-30;I-20,LA;PHX;LITTLE_ROCK;DAL;SHV,T1,50.5,43.0,48h two-day,44.6,32.0,7.1,not-time-competitive,freight-rail-wins-bulk-road-wins-express,heuristic-planning
LA,Los Angeles,T1,transfer_hub,BHM_APPROACH,Birmingham,T2,national_transfer_hub,2168,1337,needs-intermediate-stops,5,3,I-10;US70;I-30;I-22,LA;PHX;LITTLE_ROCK;MEM;BHM_APPROACH,T1,47.4,40.3,48h two-day,42.0,30.0,6.8,not-time-competitive,freight-rail-wins-bulk-road-wins-express,heuristic-planning
LA,Los Angeles,T1,transfer_hub,ATL,Atlanta,T1,national_transfer_hub,2332,1337,needs-intermediate-stops,6,4,I-10;US70;I-30;I-22;I-20,LA;PHX;LITTLE_ROCK;MEM;BHM_APPROACH;ATL,T1,51.3,43.6,48h two-day,45.3,32.4,7.2,not-time-competitive,freight-rail-wins-bulk-road-wins-express,heuristic-planning
LA,Los Angeles,T1,transfer_hub,COLUMBIA,Columbia,T1,service_stop,2561,1337,needs-intermediate-stops,7,4,I-10;US70;I-30;I-22;I-20,LA;PHX;LITTLE_ROCK;MEM;BHM_APPROACH;ATL;COLUMBIA,T1,56.3,47.9,48h two-day,49.5,35.4,7.6,not-time-competitive,freight-rail-wins-bulk-road-wins-express,heuristic-planning
LA,Los Angeles,T1,transfer_hub,FLO,Florence,T1,transfer_hub,3470,1337,needs-intermediate-stops,12,7,I-10;US70;I-30;I-40;I-65;I-75;I-70;I-95,LA;PHX;LITTLE_ROCK;MEM;NASHVILLE;LOUISVILLE;CINCINNATI;COLUMBUS;PENNSYLVANIA;DC;RIC;FLO,T1,77.1,65.4,72h three-day,67.0,48.2,9.4,not-time-competitive,freight-rail-wins-bulk-road-wins-express,heuristic-planning
LA,Los Angeles,T1,transfer_hub,MIN,Minneapolis,T1,national_transfer_hub,3169,1337,needs-intermediate-stops,8,3,I-10;US70;I-30;I-35,LA;PHX;LITTLE_ROCK;DAL;OKC;KC;DSM;MIN,T1,69.0,58.7,72h three-day,60.2,43.4,8.8,not-time-competitive,freight-rail-wins-bulk-road-wins-express,heuristic-planning
LA,Los Angeles,T1,transfer_hub,DSM,Des Moines,T1,transfer_hub,2892,1337,needs-intermediate-stops,7,3,I-10;US70;I-30;I-35,LA;PHX;LITTLE_ROCK;DAL;OKC;KC;DSM,T1,63.0,53.6,72h three-day,55.1,39.7,8.3,not-time-competitive,freight-rail-wins-bulk-road-wins-express,heuristic-planning
LA,Los Angeles,T1,transfer_hub,KC,Kansas City,T1,national_transfer_hub,2680,1337,needs-intermediate-stops,6,3,I-10;US70;I-30;I-35,LA;PHX;LITTLE_ROCK;DAL;OKC;KC,T1,58.4,49.7,72h three-day,51.3,36.8,7.9,not-time-competitive,freight-rail-wins-bulk-road-wins-express,heuristic-planning
LA,Los Angeles,T1,transfer_hub,OKC,Oklahoma City,T1,national_transfer_hub,2328,1337,needs-intermediate-stops,5,3,I-10;US70;I-30;I-35,LA;PHX;LITTLE_ROCK;DAL;OKC,T1,50.8,43.3,48h two-day,44.9,32.1,7.2,not-time-competitive,freight-rail-wins-bulk-road-wins-express,heuristic-planning
LA,Los Angeles,T2,transfer_hub,BARSTOW,Barstow,T2,national_transfer_hub,107,107,sla-stop-rhythm-ok,2,0,I-15,LA;BARSTOW,T2,2.3,2.0,6h local,3.5,1.9,2.7,time-competitive,rail-often-absent-road-flexibility-case,heuristic-planning
LA,Los Angeles,T1,transfer_hub,AMA,Amarillo,T2,service_stop,2498,1337,needs-intermediate-stops,5,3,I-10;US70;I-30;US287,LA;PHX;LITTLE_ROCK;DAL;AMA,T1,54.4,46.3,48h two-day,48.0,34.4,7.5,not-time-competitive,freight-rail-wins-bulk-road-wins-express,heuristic-planning
LA,Los Angeles,T1,transfer_hub,MEM,Memphis,T2,national_transfer_hub,1912,1337,needs-intermediate-stops,4,2,I-10;US70;I-30,LA;PHX;LITTLE_ROCK;MEM,T1,41.5,35.4,36h next-day,37.0,26.4,6.3,not-time-competitive,freight-rail-wins-bulk-road-wins-express,heuristic-planning
LA,Los Angeles,T1,transfer_hub,NASHVILLE,Nashville,T1,national_transfer_hub,2143,1337,needs-intermediate-stops,5,3,I-10;US70;I-30;I-40,LA;PHX;LITTLE_ROCK;MEM;NASHVILLE,T1,46.9,39.9,48h two-day,41.5,29.7,6.8,not-time-competitive,freight-rail-wins-bulk-road-wins-express,heuristic-planning
LA,Los Angeles,T1,transfer_hub,KNX,Knoxville,T1,transfer_hub,2333,1337,needs-intermediate-stops,6,3,I-10;US70;I-30;I-40,LA;PHX;LITTLE_ROCK;MEM;NASHVILLE;KNX,T1,51.0,43.4,48h two-day,45.0,32.2,7.2,not-time-competitive,freight-rail-wins-bulk-road-wins-express,heuristic-planning
LA,Los Angeles,T1,transfer_hub,ASHEVILLE,Asheville,T1,service_stop,2720,1337,needs-intermediate-stops,9,6,I-10;US70;I-30;I-22;I-20;I-85;I-40,LA;PHX;LITTLE_ROCK;MEM;BHM_APPROACH;ATL;GREENVILLE;CLT;ASHEVILLE,T1,60.5,51.4,72h three-day,53.1,38.0,7.9,not-time-competitive,freight-rail-wins-bulk-road-wins-express,heuristic-planning
LA,Los Angeles,T1,transfer_hub,CLT,Charlotte,T2,national_transfer_hub,2602,1337,needs-intermediate-stops,8,5,I-10;US70;I-30;I-22;I-20;I-85,LA;PHX;LITTLE_ROCK;MEM;BHM_APPROACH;ATL;GREENVILLE;CLT,T1,57.6,48.9,72h three-day,50.6,36.2,7.7,not-time-competitive,freight-rail-wins-bulk-road-wins-express,heuristic-planning
LA,Los Angeles,T1,transfer_hub,RALEIGH_APPROACH,Raleigh,T1,national_transfer_hub,2755,1337,needs-intermediate-stops,9,6,I-10;US70;I-30;I-22;I-20;I-85;I-40,LA;PHX;LITTLE_ROCK;MEM;BHM_APPROACH;ATL;GREENVILLE;CLT;RALEIGH_APPROACH,T1,61.3,52.0,72h three-day,53.7,38.4,8.0,not-time-competitive,freight-rail-wins-bulk-road-wins-express,heuristic-planning
LA,Los Angeles,T1,transfer_hub,INDY_APPROACH,Indianapolis,T1,national_transfer_hub,2747,1337,needs-intermediate-stops,9,6,I-10;US70;I-30;I-40;I-65;I-75;I-70,LA;PHX;LITTLE_ROCK;MEM;NASHVILLE;LOUISVILLE;CINCINNATI;COLUMBUS;INDY_APPROACH,T1,61.1,51.9,72h three-day,53.6,38.3,8.0,not-time-competitive,freight-rail-wins-bulk-road-wins-express,heuristic-planning
LA,Los Angeles,T1,transfer_hub,FORT_WAYNE,Fort Wayne,T1,service_stop,2871,1337,needs-intermediate-stops,10,7,I-10;US70;I-30;I-40;I-65;I-75;I-70;I-69,LA;PHX;LITTLE_ROCK;MEM;NASHVILLE;LOUISVILLE;CINCINNATI;COLUMBUS;INDY_APPROACH;FORT_WAYNE,T1,64.2,54.4,72h three-day,56.2,40.2,8.2,not-time-competitive,freight-rail-wins-bulk-road-wins-express,heuristic-planning
LA,Los Angeles,T1,transfer_hub,CHI_APPROACH,South Bend,T1,service_stop,3343,1337,needs-intermediate-stops,9,5,I-10;US70;I-30;I-35;I-80;I-69,LA;PHX;LITTLE_ROCK;DAL;OKC;KC;DSM;CHI;CHI_APPROACH,T1,73.4,62.4,72h three-day,64.0,46.1,9.2,not-time-competitive,freight-rail-wins-bulk-road-wins-express,heuristic-planning
LA,Los Angeles,T1,transfer_hub,CHI,Chicago,T1,national_transfer_hub,3257,1337,needs-intermediate-stops,8,4,I-10;US70;I-30;I-35;I-80,LA;PHX;LITTLE_ROCK;DAL;OKC;KC;DSM;CHI,T1,71.2,60.6,72h three-day,62.1,44.7,9.0,not-time-competitive,freight-rail-wins-bulk-road-wins-express,heuristic-planning
LA,Los Angeles,T1,transfer_hub,TOL,Toledo,T1,national_transfer_hub,2692,1337,needs-intermediate-stops,9,5,I-10;US70;I-30;I-40;I-65;I-75,LA;PHX;LITTLE_ROCK;MEM;NASHVILLE;LOUISVILLE;CINCINNATI;COLUMBUS;TOL,T1,59.6,50.6,72h three-day,52.2,37.4,7.9,not-time-competitive,freight-rail-wins-bulk-road-wins-express,heuristic-planning
LA,Los Angeles,T1,transfer_hub,COLUMBUS,Columbus,T1,national_transfer_hub,2549,1337,needs-intermediate-stops,8,5,I-10;US70;I-30;I-40;I-65;I-75,LA;PHX;LITTLE_ROCK;MEM;NASHVILLE;LOUISVILLE;CINCINNATI;COLUMBUS,T1,56.5,48.0,48h two-day,49.6,35.5,7.6,not-time-competitive,freight-rail-wins-bulk-road-wins-express,heuristic-planning
LA,Los Angeles,T1,transfer_hub,CINCINNATI,Cincinnati,T2,national_transfer_hub,2431,1337,needs-intermediate-stops,7,4,I-10;US70;I-30;I-40;I-65,LA;PHX;LITTLE_ROCK;MEM;NASHVILLE;LOUISVILLE;CINCINNATI,T1,53.5,45.5,48h two-day,47.1,33.7,7.4,not-time-competitive,freight-rail-wins-bulk-road-wins-express,heuristic-planning
LA,Los Angeles,T1,transfer_hub,CHATTANOOGA,Chattanooga,T2,service_stop,2328,1337,needs-intermediate-stops,6,4,I-10;US70;I-30;I-22;I-59,LA;PHX;LITTLE_ROCK;MEM;BHM_APPROACH;CHATTANOOGA,T1,51.2,43.6,48h two-day,45.2,32.3,7.2,not-time-competitive,freight-rail-wins-bulk-road-wins-express,heuristic-planning
LA,Los Angeles,T1,transfer_hub,MONTGOMERY,Montgomery,T2,service_stop,2504,1337,needs-intermediate-stops,7,5,I-10;US70;I-30;I-22;I-20;US80,LA;PHX;LITTLE_ROCK;MEM;BHM_APPROACH;ATL;MONTGOMERY,T1,55.4,47.1,48h two-day,48.8,34.9,7.5,not-time-competitive,freight-rail-wins-bulk-road-wins-express,heuristic-planning
LA,Los Angeles,T1,transfer_hub,GAINESVILLE,Gainesville,T1,service_stop,2696,1337,needs-intermediate-stops,7,5,I-10;US70;I-30;I-22;I-20;I-75,LA;PHX;LITTLE_ROCK;MEM;BHM_APPROACH;ATL;GAINESVILLE,T1,59.5,50.6,72h three-day,52.3,37.4,7.9,not-time-competitive,freight-rail-wins-bulk-road-wins-express,heuristic-planning
LA,Los Angeles,T1,transfer_hub,RENO,Reno,T1,service_stop,560,242,sla-stop-rhythm-ok,4,1,I-5;I-80,LA;CENTRAL_VALLEY;SAC;RENO,T1,12.4,10.5,12h half-day,12.0,8.2,3.6,not-time-competitive,corridor-specific-rail-check-needed,heuristic-planning
LA,Los Angeles,T1,transfer_hub,SLC,Salt Lake,T1,national_transfer_hub,1063,503,needs-intermediate-stops,5,1,I-5;I-80,LA;CENTRAL_VALLEY;SAC;RENO;SLC,T1,23.2,19.8,24h overnight,21.2,14.9,4.6,not-time-competitive,freight-rail-wins-bulk-road-wins-express,heuristic-planning
LA,Los Angeles,T1,transfer_hub,BOI,Boise,T2,national_transfer_hub,1405,570,needs-intermediate-stops,5,1,I-5;I-84,LA;CENTRAL_VALLEY;SAC;POR;BOI,T1,30.5,26.0,36h next-day,27.4,19.4,5.3,not-time-competitive,freight-rail-wins-bulk-road-wins-express,heuristic-planning
LA,Los Angeles,T1,transfer_hub,LEWISTON,Lewiston,T2,service_stop,1543,570,needs-intermediate-stops,7,2,I-5;I-90;US95,LA;CENTRAL_VALLEY;SAC;POR;SEA;SPK;LEWISTON,T1,33.9,28.9,36h next-day,30.3,21.5,5.6,not-time-competitive,freight-rail-wins-bulk-road-wins-express,heuristic-planning
LA,Los Angeles,T1,transfer_hub,CHEYENNE,Cheyenne,T1,service_stop,1500,503,needs-intermediate-stops,6,1,I-5;I-80,LA;CENTRAL_VALLEY;SAC;RENO;SLC;CHEYENNE,T1,32.6,27.8,36h next-day,29.1,20.7,5.5,not-time-competitive,freight-rail-wins-bulk-road-wins-express,heuristic-planning
LA,Los Angeles,T1,transfer_hub,OMAHA,Omaha,T1,national_transfer_hub,3036,1337,needs-intermediate-stops,8,4,I-10;US70;I-30;I-35;I-80,LA;PHX;LITTLE_ROCK;DAL;OKC;KC;DSM;OMAHA,T1,66.5,56.6,72h three-day,58.1,41.8,8.6,not-time-competitive,freight-rail-wins-bulk-road-wins-express,heuristic-planning
LA,Los Angeles,T1,transfer_hub,FARGO,Fargo,T2,service_stop,3497,1337,needs-intermediate-stops,9,5,I-10;US70;I-30;I-35;I-80;I-29,LA;PHX;LITTLE_ROCK;DAL;OKC;KC;DSM;OMAHA;FARGO,T1,76.7,65.2,72h three-day,66.8,48.1,9.5,not-time-competitive,freight-rail-wins-bulk-road-wins-express,heuristic-planning
LA,Los Angeles,T1,transfer_hub,NYC,New York,T2,transfer_hub,3113,1337,needs-intermediate-stops,10,7,I-10;US70;I-30;I-40;I-65;I-75;I-70;I-81,LA;PHX;LITTLE_ROCK;MEM;NASHVILLE;LOUISVILLE;CINCINNATI;COLUMBUS;PENNSYLVANIA;NYC,T1,69.3,58.8,72h three-day,60.5,43.4,8.7,not-time-competitive,freight-rail-wins-bulk-road-wins-express,heuristic-planning
LA,Los Angeles,T1,transfer_hub,SPK,Spokane,T1,service_stop,1439,570,needs-intermediate-stops,6,1,I-5;I-90,LA;CENTRAL_VALLEY;SAC;POR;SEA;SPK,T1,31.3,26.7,36h next-day,28.0,19.9,5.4,not-time-competitive,freight-rail-wins-bulk-road-wins-express,heuristic-planning
LA,Los Angeles,T1,transfer_hub,BIL,Billings*,T1,national_transfer_hub,1961,570,needs-intermediate-stops,7,1,I-5;I-90,LA;CENTRAL_VALLEY;SAC;POR;SEA;SPK;BIL,T1,42.5,36.2,48h two-day,37.5,26.8,6.4,not-time-competitive,freight-rail-wins-bulk-road-wins-express,heuristic-planning
LA,Los Angeles,T1,transfer_hub,RAPID_CITY,Rapid City,T2,national_transfer_hub,3281,1337,needs-intermediate-stops,6,4,I-10;US70;I-30;US80;US83,LA;PHX;LITTLE_ROCK;DAL;ABILENE;RAPID_CITY,T1,71.5,60.9,72h three-day,62.6,45.0,9.1,not-time-competitive,freight-rail-wins-bulk-road-wins-express,heuristic-planning
LA,Los Angeles,T1,transfer_hub,MILWAUKEE,Milwaukee,T1,service_stop,3354,1337,needs-intermediate-stops,10,5,I-10;US70;I-30;I-35;I-80;I-90,LA;PHX;LITTLE_ROCK;DAL;OKC;KC;DSM;CHI;CHI_NORTH;MILWAUKEE,T1,73.8,62.7,72h three-day,64.2,46.2,9.2,not-time-competitive,freight-rail-wins-bulk-road-wins-express,heuristic-planning
LA,Los Angeles,T1,transfer_hub,CHI_NORTH,North Chicago,T1,service_stop,3271,1337,needs-intermediate-stops,9,5,I-10;US70;I-30;I-35;I-80;I-90,LA;PHX;LITTLE_ROCK;DAL;OKC;KC;DSM;CHI;CHI_NORTH,T1,71.9,61.1,72h three-day,62.7,45.1,9.0,not-time-competitive,freight-rail-wins-bulk-road-wins-express,heuristic-planning
LA,Los Angeles,T1,transfer_hub,PHILADELPHIA,Philadelphia,T2,service_stop,3041,1337,needs-intermediate-stops,10,7,I-10;US70;I-30;I-40;I-65;I-75;I-70;I-76,LA;PHX;LITTLE_ROCK;MEM;NASHVILLE;LOUISVILLE;CINCINNATI;COLUMBUS;PENNSYLVANIA;PHILADELPHIA,T1,67.8,57.5,72h three-day,59.2,42.4,8.6,not-time-competitive,freight-rail-wins-bulk-road-wins-express,heuristic-planning
LA,Los Angeles,T1,transfer_hub,DC,Washington,T1,service_stop,3043,1337,needs-intermediate-stops,10,6,I-10;US70;I-30;I-40;I-65;I-75;I-70,LA;PHX;LITTLE_ROCK;MEM;NASHVILLE;LOUISVILLE;CINCINNATI;COLUMBUS;PENNSYLVANIA;DC,T1,67.5,57.3,72h three-day,58.9,42.3,8.6,not-time-competitive,freight-rail-wins-bulk-road-wins-express,heuristic-planning
LA,Los Angeles,T1,transfer_hub,RIC,Richmond,T1,national_transfer_hub,3157,1337,needs-intermediate-stops,11,7,I-10;US70;I-30;I-40;I-65;I-75;I-70;I-95,LA;PHX;LITTLE_ROCK;MEM;NASHVILLE;LOUISVILLE;CINCINNATI;COLUMBUS;PENNSYLVANIA;DC;RIC,T1,70.3,59.7,72h three-day,61.4,44.0,8.8,not-time-competitive,freight-rail-wins-bulk-road-wins-express,heuristic-planning
LA,Los Angeles,T1,transfer_hub,BEN,Benson,T1,transfer_hub,3596,1337,needs-intermediate-stops,13,8,I-10;US70;I-30;I-40;I-65;I-75;I-70;I-95;I-40,LA;PHX;LITTLE_ROCK;MEM;NASHVILLE;LOUISVILLE;CINCINNATI;COLUMBUS;PENNSYLVANIA;DC;RIC;FLO;BEN,T1,80.2,68.0,72h three-day,69.7,50.0,9.7,not-time-competitive,freight-rail-wins-bulk-road-wins-express,heuristic-planning
LA,Los Angeles,T1,transfer_hub,GREENVILLE,Greenville,T2,service_stop,2494,1337,needs-intermediate-stops,7,5,I-10;US70;I-30;I-22;I-20;I-85,LA;PHX;LITTLE_ROCK;MEM;BHM_APPROACH;ATL;GREENVILLE,T1,55.2,46.9,48h two-day,48.6,34.7,7.5,not-time-competitive,freight-rail-wins-bulk-road-wins-express,heuristic-planning
LA,Los Angeles,T1,transfer_hub,GREENSBORO,Greensboro,T2,service_stop,2700,1337,needs-intermediate-stops,9,5,I-10;US70;I-30;I-22;I-20;I-85,LA;PHX;LITTLE_ROCK;MEM;BHM_APPROACH;ATL;GREENVILLE;CLT;GREENSBORO,T1,59.8,50.8,72h three-day,52.3,37.5,7.9,not-time-competitive,freight-rail-wins-bulk-road-wins-express,heuristic-planning
LA,Los Angeles,T1,transfer_hub,MOBILE,Mobile,T2,service_stop,2414,1337,needs-intermediate-stops,6,4,I-10;US70;I-30;I-22;I-65,LA;PHX;LITTLE_ROCK;MEM;BHM_APPROACH;MOBILE,T1,53.1,45.1,48h two-day,46.8,33.5,7.3,not-time-competitive,freight-rail-wins-bulk-road-wins-express,heuristic-planning
LA,Los Angeles,T1,transfer_hub,LOUISVILLE,Louisville,T2,national_transfer_hub,2324,1337,needs-intermediate-stops,6,4,I-10;US70;I-30;I-40;I-65,LA;PHX;LITTLE_ROCK;MEM;NASHVILLE;LOUISVILLE,T1,51.2,43.5,48h two-day,45.2,32.3,7.1,not-time-competitive,freight-rail-wins-bulk-road-wins-express,heuristic-planning
LA,Los Angeles,T1,transfer_hub,LITTLE_ROCK,Little Rock,T2,national_transfer_hub,1758,1337,needs-intermediate-stops,3,1,I-10;US70,LA;PHX;LITTLE_ROCK,T1,37.8,32.3,36h next-day,33.8,24.1,6.0,not-time-competitive,freight-rail-wins-bulk-road-wins-express,heuristic-planning
LA,Los Angeles,T1,transfer_hub,LAS_VEGAS,Las Vegas,T2,service_stop,1491,503,needs-intermediate-stops,6,2,I-5;I-80;I-15,LA;CENTRAL_VALLEY;SAC;RENO;SLC;LAS_VEGAS,T1,32.7,27.8,36h next-day,29.3,20.8,5.5,not-time-competitive,freight-rail-wins-bulk-road-wins-express,heuristic-planning
LA,Los Angeles,T1,transfer_hub,DEN,Denver,T1,national_transfer_hub,1500,503,needs-intermediate-stops,6,2,I-5;I-80;I-70,LA;CENTRAL_VALLEY;SAC;RENO;SLC;DEN,T1,32.9,28.0,36h next-day,29.5,20.9,5.5,not-time-competitive,freight-rail-wins-bulk-road-wins-express,heuristic-planning
LA,Los Angeles,T1,transfer_hub,CAPITAL_BELTWAY_N,Capital North,T2,service_stop,3054,1337,needs-intermediate-stops,11,7,I-10;US70;I-30;I-40;I-65;I-75;I-70;I-495,LA;PHX;LITTLE_ROCK;MEM;NASHVILLE;LOUISVILLE;CINCINNATI;COLUMBUS;PENNSYLVANIA;DC;CAPITAL_BELTWAY_N,T1,68.2,57.8,72h three-day,59.5,42.6,8.6,not-time-competitive,freight-rail-wins-bulk-road-wins-express,heuristic-planning
LA,Los Angeles,T1,transfer_hub,CAPITAL_BELTWAY_E,Capital East,T2,service_stop,3065,1337,needs-intermediate-stops,12,7,I-10;US70;I-30;I-40;I-65;I-75;I-70;I-495,LA;PHX;LITTLE_ROCK;MEM;NASHVILLE;LOUISVILLE;CINCINNATI;COLUMBUS;PENNSYLVANIA;DC;CAPITAL_BELTWAY_S;CAPITAL_BELTWAY_E,T1,68.5,58.1,72h three-day,59.7,42.8,8.6,not-time-competitive,freight-rail-wins-bulk-road-wins-express,heuristic-planning
LA,Los Angeles,T1,transfer_hub,CAPITAL_BELTWAY_S,Capital South,T2,service_stop,3052,1337,needs-intermediate-stops,11,7,I-10;US70;I-30;I-40;I-65;I-75;I-70;I-495,LA;PHX;LITTLE_ROCK;MEM;NASHVILLE;LOUISVILLE;CINCINNATI;COLUMBUS;PENNSYLVANIA;DC;CAPITAL_BELTWAY_S,T1,68.1,57.8,72h three-day,59.4,42.6,8.6,not-time-competitive,freight-rail-wins-bulk-road-wins-express,heuristic-planning
LA,Los Angeles,T1,transfer_hub,JOPLIN,Joplin,T2,service_stop,2689,1337,needs-intermediate-stops,6,4,I-10;US70;I-30;I-20;I-49,LA;PHX;LITTLE_ROCK;DAL;SHV;JOPLIN,T1,58.9,50.1,72h three-day,51.8,37.1,7.9,not-time-competitive,freight-rail-wins-bulk-road-wins-express,heuristic-planning
LA,Los Angeles,T1,transfer_hub,HAGERSTOWN,Hagerstown,T2,service_stop,3005,1337,needs-intermediate-stops,10,7,I-10;US70;I-30;I-40;I-65;I-75;I-70;I-81,LA;PHX;LITTLE_ROCK;MEM;NASHVILLE;LOUISVILLE;CINCINNATI;COLUMBUS;PENNSYLVANIA;HAGERSTOWN,T1,67.0,56.9,72h three-day,58.6,42.0,8.5,not-time-competitive,freight-rail-wins-bulk-road-wins-express,heuristic-planning
LA,Los Angeles,T1,transfer_hub,STL,St. Louis,T1,national_transfer_hub,2961,1337,needs-intermediate-stops,7,4,I-10;US70;I-30;I-35;I-70,LA;PHX;LITTLE_ROCK;DAL;OKC;KC;STL,T1,64.8,55.1,72h three-day,56.7,40.8,8.4,not-time-competitive,freight-rail-wins-bulk-road-wins-express,heuristic-planning
LA,Los Angeles,T1,transfer_hub,PITTSBURGH,Pittsburgh,T2,service_stop,3030,1337,needs-intermediate-stops,9,6,I-10;US70;I-30;I-22;I-20;I-85;I-77,LA;PHX;LITTLE_ROCK;MEM;BHM_APPROACH;ATL;GREENVILLE;CLT;PITTSBURGH,T1,67.1,57.0,72h three-day,58.7,42.1,8.6,not-time-competitive,freight-rail-wins-bulk-road-wins-express,heuristic-planning
LA,Los Angeles,T1,transfer_hub,PENNSYLVANIA,Harrisburg,T1,national_transfer_hub,2931,1337,needs-intermediate-stops,9,6,I-10;US70;I-30;I-40;I-65;I-75;I-70,LA;PHX;LITTLE_ROCK;MEM;NASHVILLE;LOUISVILLE;CINCINNATI;COLUMBUS;PENNSYLVANIA,T1,65.0,55.2,72h three-day,56.9,40.8,8.4,not-time-competitive,freight-rail-wins-bulk-road-wins-express,heuristic-planning
LA,Los Angeles,T1,transfer_hub,GULFPORT,Gulfport,T1,national_transfer_hub,2492,1337,needs-intermediate-stops,7,5,I-10;US70;I-30;I-22;I-65;I-10,LA;PHX;LITTLE_ROCK;MEM;BHM_APPROACH;MOBILE;GULFPORT,T1,55.2,46.9,48h two-day,48.6,34.7,7.5,not-time-competitive,freight-rail-wins-bulk-road-wins-express,heuristic-planning
LA,Los Angeles,T1,transfer_hub,CORPUS,Corpus Christi,T2,national_transfer_hub,2555,1337,needs-intermediate-stops,6,4,I-10;US70;I-30;I-35;I-37,LA;PHX;LITTLE_ROCK;DAL;SAT;CORPUS,T1,56.1,47.7,48h two-day,49.4,35.4,7.6,not-time-competitive,freight-rail-wins-bulk-road-wins-express,heuristic-planning
PHX,Phoenix,T1,service_stop,ELP,El Paso,T1,national_transfer_hub,407,407,needs-intermediate-stops,2,0,I-10,PHX;ELP,T1,8.7,7.4,12h half-day,8.9,5.9,3.3,not-time-competitive,corridor-specific-rail-check-needed,heuristic-planning
PHX,Phoenix,T2,service_stop,SAT,San Antonio,T1,national_transfer_hub,1981,1337,needs-intermediate-stops,4,2,US70;I-30;I-35,PHX;LITTLE_ROCK;DAL;SAT,T1,43.0,36.6,48h two-day,38.2,27.3,6.5,not-time-competitive,freight-rail-wins-bulk-road-wins-express,heuristic-planning
PHX,Phoenix,T2,service_stop,LRD,Laredo,T1,national_terminal,2153,1337,needs-intermediate-stops,5,2,US70;I-30;I-35,PHX;LITTLE_ROCK;DAL;SAT;LRD,T1,46.7,39.8,48h two-day,41.3,29.6,6.8,not-time-competitive,freight-rail-wins-bulk-road-wins-express,heuristic-planning
PHX,Phoenix,T2,service_stop,HOU,Houston*,T1,national_transfer_hub,2204,1337,needs-intermediate-stops,5,3,US70;I-30;I-35;I-10,PHX;LITTLE_ROCK;DAL;SAT;HOU,T1,48.2,41.0,48h two-day,42.6,30.5,6.9,not-time-competitive,freight-rail-wins-bulk-road-wins-express,heuristic-planning
PHX,Phoenix,T2,service_stop,BEAUMONT,Beaumont,T1,service_stop,2295,1337,needs-intermediate-stops,6,3,US70;I-30;I-35;I-10,PHX;LITTLE_ROCK;DAL;SAT;HOU;BEAUMONT,T1,50.2,42.7,48h two-day,44.3,31.7,7.1,not-time-competitive,freight-rail-wins-bulk-road-wins-express,heuristic-planning
PHX,Phoenix,T2,service_stop,LAFAYETTE,Lafayette,T2,service_stop,2278,1337,needs-intermediate-stops,7,5,US70;I-30;I-22;I-65;I-10;US90,PHX;LITTLE_ROCK;MEM;BHM_APPROACH;MOBILE;GULFPORT;LAFAYETTE,T1,50.6,43.0,48h two-day,44.7,31.9,7.1,not-time-competitive,freight-rail-wins-bulk-road-wins-express,heuristic-planning
PHX,Phoenix,T2,service_stop,NOLA,New Orleans,T2,service_stop,2116,1337,needs-intermediate-stops,5,3,US70;I-30;I-22;I-59,PHX;LITTLE_ROCK;MEM;BHM_APPROACH;NOLA,T2,46.3,39.4,48h two-day,41.0,29.3,6.7,not-time-competitive,freight-rail-wins-bulk-road-wins-express,heuristic-planning
PHX,Phoenix,T2,service_stop,TALLAHASSEE,Tallahassee,T1,service_stop,2257,1337,needs-intermediate-stops,6,4,US70;I-30;I-22;I-65;I-10,PHX;LITTLE_ROCK;MEM;BHM_APPROACH;MOBILE;TALLAHASSEE,T1,49.8,42.3,48h two-day,43.9,31.4,7.0,not-time-competitive,freight-rail-wins-bulk-road-wins-express,heuristic-planning
PHX,Phoenix,T2,service_stop,JAX,Jacksonville,T2,national_transfer_hub,2594,1337,needs-intermediate-stops,7,5,US70;I-30;I-22;I-65;I-10;US90,PHX;LITTLE_ROCK;MEM;BHM_APPROACH;MOBILE;GULFPORT;JAX,T1,57.3,48.7,72h three-day,50.4,36.1,7.7,not-time-competitive,freight-rail-wins-bulk-road-wins-express,heuristic-planning
PHX,Phoenix,T2,service_stop,DAL,Dallas,T2,national_transfer_hub,1683,1337,needs-intermediate-stops,3,1,US70;I-30,PHX;LITTLE_ROCK;DAL,T2,36.2,30.9,36h next-day,32.4,23.1,5.9,not-time-competitive,freight-rail-wins-bulk-road-wins-express,heuristic-planning
PHX,Phoenix,T2,service_stop,ABILENE,Abilene,T2,service_stop,1886,1337,needs-intermediate-stops,4,2,US70;I-30;US80,PHX;LITTLE_ROCK;DAL;ABILENE,T2,41.0,34.9,36h next-day,36.5,26.0,6.3,not-time-competitive,freight-rail-wins-bulk-road-wins-express,heuristic-planning
PHX,Phoenix,T2,service_stop,SHV,Shreveport,T1,service_stop,1893,1337,needs-intermediate-stops,4,2,US70;I-30;I-20,PHX;LITTLE_ROCK;DAL;SHV,T1,41.1,35.0,36h next-day,36.6,26.1,6.3,not-time-competitive,freight-rail-wins-bulk-road-wins-express,heuristic-planning
PHX,Phoenix,T2,service_stop,BHM_APPROACH,Birmingham,T2,national_transfer_hub,1747,1337,needs-intermediate-stops,4,2,US70;I-30;I-22,PHX;LITTLE_ROCK;MEM;BHM_APPROACH,T2,38.0,32.4,36h next-day,34.0,24.2,6.0,not-time-competitive,freight-rail-wins-bulk-road-wins-express,heuristic-planning
PHX,Phoenix,T2,service_stop,ATL,Atlanta,T1,national_transfer_hub,1911,1337,needs-intermediate-stops,5,3,US70;I-30;I-22;I-20,PHX;LITTLE_ROCK;MEM;BHM_APPROACH;ATL,T1,42.0,35.7,36h next-day,37.3,26.6,6.3,not-time-competitive,freight-rail-wins-bulk-road-wins-express,heuristic-planning
PHX,Phoenix,T2,service_stop,COLUMBIA,Columbia,T1,service_stop,2140,1337,needs-intermediate-stops,6,3,US70;I-30;I-22;I-20,PHX;LITTLE_ROCK;MEM;BHM_APPROACH;ATL;COLUMBIA,T1,46.9,39.9,48h two-day,41.5,29.6,6.8,not-time-competitive,freight-rail-wins-bulk-road-wins-express,heuristic-planning
PHX,Phoenix,T2,service_stop,FLO,Florence,T1,transfer_hub,3049,1337,needs-intermediate-stops,11,6,US70;I-30;I-40;I-65;I-75;I-70;I-95,PHX;LITTLE_ROCK;MEM;NASHVILLE;LOUISVILLE;CINCINNATI;COLUMBUS;PENNSYLVANIA;DC;RIC;FLO,T1,67.7,57.5,72h three-day,59.0,42.4,8.6,not-time-competitive,freight-rail-wins-bulk-road-wins-express,heuristic-planning
PHX,Phoenix,T2,service_stop,MIN,Minneapolis,T1,national_transfer_hub,2748,1337,needs-intermediate-stops,7,2,US70;I-30;I-35,PHX;LITTLE_ROCK;DAL;OKC;KC;DSM;MIN,T1,59.6,50.8,72h three-day,52.2,37.5,8.0,not-time-competitive,freight-rail-wins-bulk-road-wins-express,heuristic-planning
PHX,Phoenix,T2,service_stop,DSM,Des Moines,T1,transfer_hub,2471,1337,needs-intermediate-stops,6,2,US70;I-30;I-35,PHX;LITTLE_ROCK;DAL;OKC;KC;DSM,T1,53.6,45.7,48h two-day,47.1,33.8,7.4,not-time-competitive,freight-rail-wins-bulk-road-wins-express,heuristic-planning
PHX,Phoenix,T2,service_stop,KC,Kansas City,T1,national_transfer_hub,2259,1337,needs-intermediate-stops,5,2,US70;I-30;I-35,PHX;LITTLE_ROCK;DAL;OKC;KC,T1,49.0,41.8,48h two-day,43.3,31.0,7.0,not-time-competitive,freight-rail-wins-bulk-road-wins-express,heuristic-planning
PHX,Phoenix,T2,service_stop,OKC,Oklahoma City,T1,national_transfer_hub,1907,1337,needs-intermediate-stops,4,2,US70;I-30;I-35,PHX;LITTLE_ROCK;DAL;OKC,T1,41.4,35.3,36h next-day,36.9,26.3,6.3,not-time-competitive,freight-rail-wins-bulk-road-wins-express,heuristic-planning
PHX,Phoenix,T1,service_stop,BARSTOW,Barstow,T2,national_transfer_hub,528,421,needs-intermediate-stops,3,1,I-10;I-15,PHX;LA;BARSTOW,T1,11.7,9.9,12h half-day,11.5,7.7,3.6,not-time-competitive,corridor-specific-rail-check-needed,heuristic-planning
PHX,Phoenix,T2,service_stop,AMA,Amarillo,T2,service_stop,2077,1337,needs-intermediate-stops,4,2,US70;I-30;US287,PHX;LITTLE_ROCK;DAL;AMA,T2,45.0,38.4,48h two-day,40.0,28.6,6.7,not-time-competitive,freight-rail-wins-bulk-road-wins-express,heuristic-planning
PHX,Phoenix,T2,service_stop,MEM,Memphis,T2,national_transfer_hub,1491,1337,needs-intermediate-stops,3,1,US70;I-30,PHX;LITTLE_ROCK;MEM,T2,32.1,27.4,36h next-day,29.0,20.6,5.5,not-time-competitive,freight-rail-wins-bulk-road-wins-express,heuristic-planning
PHX,Phoenix,T2,service_stop,NASHVILLE,Nashville,T1,national_transfer_hub,1722,1337,needs-intermediate-stops,4,2,US70;I-30;I-40,PHX;LITTLE_ROCK;MEM;NASHVILLE,T1,37.5,31.9,36h next-day,33.5,23.9,5.9,not-time-competitive,freight-rail-wins-bulk-road-wins-express,heuristic-planning
PHX,Phoenix,T2,service_stop,KNX,Knoxville,T1,transfer_hub,1912,1337,needs-intermediate-stops,5,2,US70;I-30;I-40,PHX;LITTLE_ROCK;MEM;NASHVILLE;KNX,T1,41.6,35.4,36h next-day,37.0,26.4,6.3,not-time-competitive,freight-rail-wins-bulk-road-wins-express,heuristic-planning
PHX,Phoenix,T2,service_stop,ASHEVILLE,Asheville,T1,service_stop,2299,1337,needs-intermediate-stops,8,5,US70;I-30;I-22;I-20;I-85;I-40,PHX;LITTLE_ROCK;MEM;BHM_APPROACH;ATL;GREENVILLE;CLT;ASHEVILLE,T1,51.1,43.4,48h two-day,45.0,32.1,7.1,not-time-competitive,freight-rail-wins-bulk-road-wins-express,heuristic-planning
PHX,Phoenix,T2,service_stop,CLT,Charlotte,T2,national_transfer_hub,2181,1337,needs-intermediate-stops,7,4,US70;I-30;I-22;I-20;I-85,PHX;LITTLE_ROCK;MEM;BHM_APPROACH;ATL;GREENVILLE;CLT,T1,48.2,41.0,48h two-day,42.6,30.4,6.9,not-time-competitive,freight-rail-wins-bulk-road-wins-express,heuristic-planning
PHX,Phoenix,T2,service_stop,RALEIGH_APPROACH,Raleigh,T1,national_transfer_hub,2334,1337,needs-intermediate-stops,8,5,US70;I-30;I-22;I-20;I-85;I-40,PHX;LITTLE_ROCK;MEM;BHM_APPROACH;ATL;GREENVILLE;CLT;RALEIGH_APPROACH,T1,51.9,44.0,48h two-day,45.7,32.6,7.2,not-time-competitive,freight-rail-wins-bulk-road-wins-express,heuristic-planning
PHX,Phoenix,T2,service_stop,INDY_APPROACH,Indianapolis,T1,national_transfer_hub,2326,1337,needs-intermediate-stops,8,5,US70;I-30;I-40;I-65;I-75;I-70,PHX;LITTLE_ROCK;MEM;NASHVILLE;LOUISVILLE;CINCINNATI;COLUMBUS;INDY_APPROACH,T1,51.7,43.9,48h two-day,45.5,32.5,7.2,not-time-competitive,freight-rail-wins-bulk-road-wins-express,heuristic-planning
PHX,Phoenix,T2,service_stop,FORT_WAYNE,Fort Wayne,T1,service_stop,2450,1337,needs-intermediate-stops,9,6,US70;I-30;I-40;I-65;I-75;I-70;I-69,PHX;LITTLE_ROCK;MEM;NASHVILLE;LOUISVILLE;CINCINNATI;COLUMBUS;INDY_APPROACH;FORT_WAYNE,T1,54.8,46.5,48h two-day,48.2,34.4,7.4,not-time-competitive,freight-rail-wins-bulk-road-wins-express,heuristic-planning
PHX,Phoenix,T2,service_stop,CHI_APPROACH,South Bend,T1,service_stop,2922,1337,needs-intermediate-stops,8,4,US70;I-30;I-35;I-80;I-69,PHX;LITTLE_ROCK;DAL;OKC;KC;DSM;CHI;CHI_APPROACH,T1,64.0,54.5,72h three-day,56.0,40.3,8.3,not-time-competitive,freight-rail-wins-bulk-road-wins-express,heuristic-planning
PHX,Phoenix,T2,service_stop,CHI,Chicago,T1,national_transfer_hub,2836,1337,needs-intermediate-stops,7,3,US70;I-30;I-35;I-80,PHX;LITTLE_ROCK;DAL;OKC;KC;DSM;CHI,T1,61.8,52.6,72h three-day,54.1,38.9,8.2,not-time-competitive,freight-rail-wins-bulk-road-wins-express,heuristic-planning
PHX,Phoenix,T2,service_stop,TOL,Toledo,T1,national_transfer_hub,2271,1337,needs-intermediate-stops,8,4,US70;I-30;I-40;I-65;I-75,PHX;LITTLE_ROCK;MEM;NASHVILLE;LOUISVILLE;CINCINNATI;COLUMBUS;TOL,T1,50.2,42.6,48h two-day,44.2,31.6,7.0,not-time-competitive,freight-rail-wins-bulk-road-wins-express,heuristic-planning
PHX,Phoenix,T2,service_stop,COLUMBUS,Columbus,T1,national_transfer_hub,2128,1337,needs-intermediate-stops,7,4,US70;I-30;I-40;I-65;I-75,PHX;LITTLE_ROCK;MEM;NASHVILLE;LOUISVILLE;CINCINNATI;COLUMBUS,T1,47.1,40.0,48h two-day,41.6,29.7,6.8,not-time-competitive,freight-rail-wins-bulk-road-wins-express,heuristic-planning
PHX,Phoenix,T2,service_stop,CINCINNATI,Cincinnati,T2,national_transfer_hub,2010,1337,needs-intermediate-stops,6,3,US70;I-30;I-40;I-65,PHX;LITTLE_ROCK;MEM;NASHVILLE;LOUISVILLE;CINCINNATI,T1,44.1,37.5,48h two-day,39.1,27.9,6.5,not-time-competitive,freight-rail-wins-bulk-road-wins-express,heuristic-planning
PHX,Phoenix,T2,service_stop,CHATTANOOGA,Chattanooga,T2,service_stop,1907,1337,needs-intermediate-stops,5,3,US70;I-30;I-22;I-59,PHX;LITTLE_ROCK;MEM;BHM_APPROACH;CHATTANOOGA,T2,41.9,35.6,36h next-day,37.2,26.5,6.3,not-time-competitive,freight-rail-wins-bulk-road-wins-express,heuristic-planning
PHX,Phoenix,T2,service_stop,MONTGOMERY,Montgomery,T2,service_stop,2083,1337,needs-intermediate-stops,6,4,US70;I-30;I-22;I-20;US80,PHX;LITTLE_ROCK;MEM;BHM_APPROACH;ATL;MONTGOMERY,T1,46.0,39.1,48h two-day,40.8,29.1,6.7,not-time-competitive,freight-rail-wins-bulk-road-wins-express,heuristic-planning
PHX,Phoenix,T2,service_stop,GAINESVILLE,Gainesville,T1,service_stop,2275,1337,needs-intermediate-stops,6,4,US70;I-30;I-22;I-20;I-75,PHX;LITTLE_ROCK;MEM;BHM_APPROACH;ATL;GAINESVILLE,T1,50.1,42.6,48h two-day,44.3,31.6,7.1,not-time-competitive,freight-rail-wins-bulk-road-wins-express,heuristic-planning
PHX,Phoenix,T1,service_stop,RENO,Reno,T1,service_stop,981,421,needs-intermediate-stops,5,2,I-10;I-5;I-80,PHX;LA;CENTRAL_VALLEY;SAC;RENO,T1,21.8,18.5,24h overnight,20.0,14.0,4.5,not-time-competitive,freight-rail-wins-bulk-road-wins-express,heuristic-planning
PHX,Phoenix,T1,service_stop,SLC,Salt Lake,T1,national_transfer_hub,1484,503,needs-intermediate-stops,6,2,I-10;I-5;I-80,PHX;LA;CENTRAL_VALLEY;SAC;RENO;SLC,T1,32.6,27.7,36h next-day,29.2,20.7,5.5,not-time-competitive,freight-rail-wins-bulk-road-wins-express,heuristic-planning
PHX,Phoenix,T1,service_stop,BOI,Boise,T2,national_transfer_hub,1826,570,needs-intermediate-stops,6,2,I-10;I-5;I-84,PHX;LA;CENTRAL_VALLEY;SAC;POR;BOI,T1,39.9,33.9,36h next-day,35.4,25.3,6.2,not-time-competitive,freight-rail-wins-bulk-road-wins-express,heuristic-planning
PHX,Phoenix,T1,service_stop,LEWISTON,Lewiston,T2,service_stop,1964,570,needs-intermediate-stops,8,3,I-10;I-5;I-90;US95,PHX;LA;CENTRAL_VALLEY;SAC;POR;SEA;SPK;LEWISTON,T1,43.3,36.8,48h two-day,38.3,27.3,6.4,not-time-competitive,freight-rail-wins-bulk-road-wins-express,heuristic-planning
PHX,Phoenix,T1,service_stop,CHEYENNE,Cheyenne,T1,service_stop,1921,503,needs-intermediate-stops,7,2,I-10;I-5;I-80,PHX;LA;CENTRAL_VALLEY;SAC;RENO;SLC;CHEYENNE,T1,42.0,35.7,36h next-day,37.1,26.5,6.3,not-time-competitive,freight-rail-wins-bulk-road-wins-express,heuristic-planning
PHX,Phoenix,T2,service_stop,OMAHA,Omaha,T1,national_transfer_hub,2615,1337,needs-intermediate-stops,7,3,US70;I-30;I-35;I-80,PHX;LITTLE_ROCK;DAL;OKC;KC;DSM;OMAHA,T1,57.1,48.6,72h three-day,50.1,36.0,7.7,not-time-competitive,freight-rail-wins-bulk-road-wins-express,heuristic-planning
PHX,Phoenix,T2,service_stop,FARGO,Fargo,T2,service_stop,3076,1337,needs-intermediate-stops,8,4,US70;I-30;I-35;I-80;I-29,PHX;LITTLE_ROCK;DAL;OKC;KC;DSM;OMAHA;FARGO,T1,67.3,57.3,72h three-day,58.8,42.3,8.7,not-time-competitive,freight-rail-wins-bulk-road-wins-express,heuristic-planning
PHX,Phoenix,T2,service_stop,NYC,New York,T2,transfer_hub,2692,1337,needs-intermediate-stops,9,6,US70;I-30;I-40;I-65;I-75;I-70;I-81,PHX;LITTLE_ROCK;MEM;NASHVILLE;LOUISVILLE;CINCINNATI;COLUMBUS;PENNSYLVANIA;NYC,T1,59.9,50.9,72h three-day,52.5,37.6,7.9,not-time-competitive,freight-rail-wins-bulk-road-wins-express,heuristic-planning
PHX,Phoenix,T1,service_stop,SPK,Spokane,T1,service_stop,1860,570,needs-intermediate-stops,7,2,I-10;I-5;I-90,PHX;LA;CENTRAL_VALLEY;SAC;POR;SEA;SPK,T1,40.7,34.6,36h next-day,36.0,25.7,6.2,not-time-competitive,freight-rail-wins-bulk-road-wins-express,heuristic-planning
PHX,Phoenix,T1,service_stop,BIL,Billings*,T1,national_transfer_hub,2382,570,needs-intermediate-stops,8,2,I-10;I-5;I-90,PHX;LA;CENTRAL_VALLEY;SAC;POR;SEA;SPK;BIL,T1,51.9,44.2,48h two-day,45.5,32.7,7.3,not-time-competitive,freight-rail-wins-bulk-road-wins-express,heuristic-planning
PHX,Phoenix,T2,service_stop,RAPID_CITY,Rapid City,T2,national_transfer_hub,2860,1337,needs-intermediate-stops,5,3,US70;I-30;US80;US83,PHX;LITTLE_ROCK;DAL;ABILENE;RAPID_CITY,T2,62.1,52.9,72h three-day,54.5,39.2,8.2,not-time-competitive,freight-rail-wins-bulk-road-wins-express,heuristic-planning
PHX,Phoenix,T2,service_stop,MILWAUKEE,Milwaukee,T1,service_stop,2933,1337,needs-intermediate-stops,9,4,US70;I-30;I-35;I-80;I-90,PHX;LITTLE_ROCK;DAL;OKC;KC;DSM;CHI;CHI_NORTH;MILWAUKEE,T1,64.4,54.8,72h three-day,56.2,40.4,8.4,not-time-competitive,freight-rail-wins-bulk-road-wins-express,heuristic-planning
PHX,Phoenix,T2,service_stop,CHI_NORTH,North Chicago,T1,service_stop,2850,1337,needs-intermediate-stops,8,4,US70;I-30;I-35;I-80;I-90,PHX;LITTLE_ROCK;DAL;OKC;KC;DSM;CHI;CHI_NORTH,T1,62.5,53.2,72h three-day,54.7,39.3,8.2,not-time-competitive,freight-rail-wins-bulk-road-wins-express,heuristic-planning
PHX,Phoenix,T2,service_stop,PHILADELPHIA,Philadelphia,T2,service_stop,2620,1337,needs-intermediate-stops,9,6,US70;I-30;I-40;I-65;I-75;I-70;I-76,PHX;LITTLE_ROCK;MEM;NASHVILLE;LOUISVILLE;CINCINNATI;COLUMBUS;PENNSYLVANIA;PHILADELPHIA,T1,58.4,49.6,72h three-day,51.2,36.6,7.7,not-time-competitive,freight-rail-wins-bulk-road-wins-express,heuristic-planning
PHX,Phoenix,T2,service_stop,DC,Washington,T1,service_stop,2622,1337,needs-intermediate-stops,9,5,US70;I-30;I-40;I-65;I-75;I-70,PHX;LITTLE_ROCK;MEM;NASHVILLE;LOUISVILLE;CINCINNATI;COLUMBUS;PENNSYLVANIA;DC,T1,58.1,49.3,72h three-day,50.9,36.5,7.7,not-time-competitive,freight-rail-wins-bulk-road-wins-express,heuristic-planning
PHX,Phoenix,T2,service_stop,RIC,Richmond,T1,national_transfer_hub,2736,1337,needs-intermediate-stops,10,6,US70;I-30;I-40;I-65;I-75;I-70;I-95,PHX;LITTLE_ROCK;MEM;NASHVILLE;LOUISVILLE;CINCINNATI;COLUMBUS;PENNSYLVANIA;DC;RIC,T1,61.0,51.7,72h three-day,53.3,38.2,8.0,not-time-competitive,freight-rail-wins-bulk-road-wins-express,heuristic-planning
PHX,Phoenix,T2,service_stop,BEN,Benson,T1,transfer_hub,3175,1337,needs-intermediate-stops,12,7,US70;I-30;I-40;I-65;I-75;I-70;I-95;I-40,PHX;LITTLE_ROCK;MEM;NASHVILLE;LOUISVILLE;CINCINNATI;COLUMBUS;PENNSYLVANIA;DC;RIC;FLO;BEN,T1,70.8,60.1,72h three-day,61.7,44.2,8.8,not-time-competitive,freight-rail-wins-bulk-road-wins-express,heuristic-planning
PHX,Phoenix,T2,service_stop,GREENVILLE,Greenville,T2,service_stop,2073,1337,needs-intermediate-stops,6,4,US70;I-30;I-22;I-20;I-85,PHX;LITTLE_ROCK;MEM;BHM_APPROACH;ATL;GREENVILLE,T1,45.8,38.9,48h two-day,40.6,28.9,6.6,not-time-competitive,freight-rail-wins-bulk-road-wins-express,heuristic-planning
PHX,Phoenix,T2,service_stop,GREENSBORO,Greensboro,T2,service_stop,2279,1337,needs-intermediate-stops,8,4,US70;I-30;I-22;I-20;I-85,PHX;LITTLE_ROCK;MEM;BHM_APPROACH;ATL;GREENVILLE;CLT;GREENSBORO,T1,50.4,42.8,48h two-day,44.3,31.7,7.1,not-time-competitive,freight-rail-wins-bulk-road-wins-express,heuristic-planning
PHX,Phoenix,T2,service_stop,MOBILE,Mobile,T2,service_stop,1993,1337,needs-intermediate-stops,5,3,US70;I-30;I-22;I-65,PHX;LITTLE_ROCK;MEM;BHM_APPROACH;MOBILE,T2,43.7,37.2,48h two-day,38.8,27.7,6.5,not-time-competitive,freight-rail-wins-bulk-road-wins-express,heuristic-planning
PHX,Phoenix,T2,service_stop,LOUISVILLE,Louisville,T2,national_transfer_hub,1903,1337,needs-intermediate-stops,5,3,US70;I-30;I-40;I-65,PHX;LITTLE_ROCK;MEM;NASHVILLE;LOUISVILLE,T1,41.8,35.5,36h next-day,37.2,26.5,6.3,not-time-competitive,freight-rail-wins-bulk-road-wins-express,heuristic-planning
PHX,Phoenix,T2,service_stop,LITTLE_ROCK,Little Rock,T2,national_transfer_hub,1337,1337,needs-intermediate-stops,2,0,US70,PHX;LITTLE_ROCK,T2,28.5,24.3,36h next-day,25.8,18.3,5.2,not-time-competitive,freight-rail-wins-bulk-road-wins-express,heuristic-planning
PHX,Phoenix,T1,service_stop,LAS_VEGAS,Las Vegas,T2,service_stop,1912,503,needs-intermediate-stops,7,3,I-10;I-5;I-80;I-15,PHX;LA;CENTRAL_VALLEY;SAC;RENO;SLC;LAS_VEGAS,T1,42.1,35.8,36h next-day,37.3,26.6,6.3,not-time-competitive,freight-rail-wins-bulk-road-wins-express,heuristic-planning
PHX,Phoenix,T1,service_stop,DEN,Denver,T1,national_transfer_hub,1921,503,needs-intermediate-stops,7,3,I-10;I-5;I-80;I-70,PHX;LA;CENTRAL_VALLEY;SAC;RENO;SLC;DEN,T1,42.3,36.0,36h next-day,37.5,26.7,6.3,not-time-competitive,freight-rail-wins-bulk-road-wins-express,heuristic-planning
PHX,Phoenix,T2,service_stop,CAPITAL_BELTWAY_N,Capital North,T2,service_stop,2633,1337,needs-intermediate-stops,10,6,US70;I-30;I-40;I-65;I-75;I-70;I-495,PHX;LITTLE_ROCK;MEM;NASHVILLE;LOUISVILLE;CINCINNATI;COLUMBUS;PENNSYLVANIA;DC;CAPITAL_BELTWAY_N,T1,58.8,49.9,72h three-day,51.5,36.8,7.8,not-time-competitive,freight-rail-wins-bulk-road-wins-express,heuristic-planning
PHX,Phoenix,T2,service_stop,CAPITAL_BELTWAY_E,Capital East,T2,service_stop,2644,1337,needs-intermediate-stops,11,6,US70;I-30;I-40;I-65;I-75;I-70;I-495,PHX;LITTLE_ROCK;MEM;NASHVILLE;LOUISVILLE;CINCINNATI;COLUMBUS;PENNSYLVANIA;DC;CAPITAL_BELTWAY_S;CAPITAL_BELTWAY_E,T1,59.1,50.1,72h three-day,51.7,37.0,7.8,not-time-competitive,freight-rail-wins-bulk-road-wins-express,heuristic-planning
PHX,Phoenix,T2,service_stop,CAPITAL_BELTWAY_S,Capital South,T2,service_stop,2631,1337,needs-intermediate-stops,10,6,US70;I-30;I-40;I-65;I-75;I-70;I-495,PHX;LITTLE_ROCK;MEM;NASHVILLE;LOUISVILLE;CINCINNATI;COLUMBUS;PENNSYLVANIA;DC;CAPITAL_BELTWAY_S,T1,58.7,49.8,72h three-day,51.4,36.8,7.8,not-time-competitive,freight-rail-wins-bulk-road-wins-express,heuristic-planning
PHX,Phoenix,T2,service_stop,JOPLIN,Joplin,T2,service_stop,2267,1337,needs-intermediate-stops,5,3,US70;I-30;I-20;I-49,PHX;LITTLE_ROCK;DAL;SHV;JOPLIN,T1,49.5,42.2,48h two-day,43.8,31.3,7.0,not-time-competitive,freight-rail-wins-bulk-road-wins-express,heuristic-planning
PHX,Phoenix,T2,service_stop,HAGERSTOWN,Hagerstown,T2,service_stop,2584,1337,needs-intermediate-stops,9,6,US70;I-30;I-40;I-65;I-75;I-70;I-81,PHX;LITTLE_ROCK;MEM;NASHVILLE;LOUISVILLE;CINCINNATI;COLUMBUS;PENNSYLVANIA;HAGERSTOWN,T1,57.6,48.9,72h three-day,50.6,36.1,7.7,not-time-competitive,freight-rail-wins-bulk-road-wins-express,heuristic-planning
PHX,Phoenix,T2,service_stop,STL,St. Louis,T1,national_transfer_hub,2540,1337,needs-intermediate-stops,6,3,US70;I-30;I-35;I-70,PHX;LITTLE_ROCK;DAL;OKC;KC;STL,T1,55.4,47.2,48h two-day,48.7,35.0,7.6,not-time-competitive,freight-rail-wins-bulk-road-wins-express,heuristic-planning
PHX,Phoenix,T2,service_stop,PITTSBURGH,Pittsburgh,T2,service_stop,2609,1337,needs-intermediate-stops,8,5,US70;I-30;I-22;I-20;I-85;I-77,PHX;LITTLE_ROCK;MEM;BHM_APPROACH;ATL;GREENVILLE;CLT;PITTSBURGH,T1,57.7,49.1,72h three-day,50.7,36.3,7.7,not-time-competitive,freight-rail-wins-bulk-road-wins-express,heuristic-planning
PHX,Phoenix,T2,service_stop,PENNSYLVANIA,Harrisburg,T1,national_transfer_hub,2510,1337,needs-intermediate-stops,8,5,US70;I-30;I-40;I-65;I-75;I-70,PHX;LITTLE_ROCK;MEM;NASHVILLE;LOUISVILLE;CINCINNATI;COLUMBUS;PENNSYLVANIA,T1,55.6,47.3,48h two-day,48.9,35.0,7.5,not-time-competitive,freight-rail-wins-bulk-road-wins-express,heuristic-planning
PHX,Phoenix,T2,service_stop,GULFPORT,Gulfport,T1,national_transfer_hub,2071,1337,needs-intermediate-stops,6,4,US70;I-30;I-22;I-65;I-10,PHX;LITTLE_ROCK;MEM;BHM_APPROACH;MOBILE;GULFPORT,T1,45.8,38.9,48h two-day,40.6,28.9,6.6,not-time-competitive,freight-rail-wins-bulk-road-wins-express,heuristic-planning
PHX,Phoenix,T2,service_stop,CORPUS,Corpus Christi,T2,national_transfer_hub,2134,1337,needs-intermediate-stops,5,3,US70;I-30;I-35;I-37,PHX;LITTLE_ROCK;DAL;SAT;CORPUS,T1,46.7,39.7,48h two-day,41.4,29.6,6.8,not-time-competitive,freight-rail-wins-bulk-road-wins-express,heuristic-planning
ELP,El Paso,T1,national_transfer_hub,SAT,San Antonio,T1,national_transfer_hub,593,593,needs-intermediate-stops,2,0,I-10,ELP;SAT,T1,12.6,10.8,12h half-day,12.3,8.4,3.7,not-time-competitive,corridor-specific-rail-check-needed,heuristic-planning
ELP,El Paso,T1,national_transfer_hub,LRD,Laredo,T1,national_terminal,765,593,needs-intermediate-stops,3,1,I-10;I-35,ELP;SAT;LRD,T1,16.7,14.2,24h overnight,15.8,10.9,4.0,not-time-competitive,freight-rail-wins-bulk-road-wins-express,heuristic-planning
ELP,El Paso,T1,national_transfer_hub,HOU,Houston*,T1,national_transfer_hub,816,593,needs-intermediate-stops,3,0,I-10,ELP;SAT;HOU,T1,17.4,14.9,24h overnight,16.3,11.4,4.1,not-time-competitive,freight-rail-wins-bulk-road-wins-express,heuristic-planning
ELP,El Paso,T1,national_transfer_hub,BEAUMONT,Beaumont,T1,service_stop,907,593,needs-intermediate-stops,4,0,I-10,ELP;SAT;HOU;BEAUMONT,T1,19.5,16.6,24h overnight,18.0,12.6,4.3,not-time-competitive,freight-rail-wins-bulk-road-wins-express,heuristic-planning
ELP,El Paso,T1,national_transfer_hub,LAFAYETTE,Lafayette,T1,service_stop,1056,593,needs-intermediate-stops,5,0,I-10,ELP;SAT;HOU;BEAUMONT;LAFAYETTE,T1,22.7,19.4,24h overnight,20.7,14.6,4.6,not-time-competitive,freight-rail-wins-bulk-road-wins-express,heuristic-planning
ELP,El Paso,T1,national_transfer_hub,NOLA,New Orleans,T1,service_stop,1196,593,needs-intermediate-stops,6,0,I-10,ELP;SAT;HOU;BEAUMONT;LAFAYETTE;NOLA,T1,25.8,22.0,24h overnight,23.2,16.4,4.9,not-time-competitive,freight-rail-wins-bulk-road-wins-express,heuristic-planning
ELP,El Paso,T1,national_transfer_hub,TALLAHASSEE,Tallahassee,T1,service_stop,1606,593,needs-intermediate-stops,8,2,I-10;US90;I-10,ELP;SAT;HOU;BEAUMONT;LAFAYETTE;GULFPORT;MOBILE;TALLAHASSEE,T1,35.3,30.1,36h next-day,31.4,22.3,5.7,not-time-competitive,freight-rail-wins-bulk-road-wins-express,heuristic-planning
ELP,El Paso,T1,national_transfer_hub,JAX,Jacksonville,T2,national_transfer_hub,1786,593,needs-intermediate-stops,7,1,I-10;US90,ELP;SAT;HOU;BEAUMONT;LAFAYETTE;GULFPORT;JAX,T1,38.7,33.0,36h next-day,34.3,24.5,6.1,not-time-competitive,freight-rail-wins-bulk-road-wins-express,heuristic-planning
ELP,El Paso,T1,national_transfer_hub,DAL,Dallas,T1,national_transfer_hub,891,593,needs-intermediate-stops,3,1,I-10;I-35,ELP;SAT;DAL,T1,19.4,16.5,24h overnight,18.1,12.6,4.3,not-time-competitive,freight-rail-wins-bulk-road-wins-express,heuristic-planning
ELP,El Paso,T1,national_transfer_hub,ABILENE,Abilene,T2,service_stop,855,593,needs-intermediate-stops,3,1,I-10;US83,ELP;SAT;ABILENE,T1,18.6,15.8,24h overnight,17.4,12.1,4.2,not-time-competitive,freight-rail-wins-bulk-road-wins-express,heuristic-planning
ELP,El Paso,T1,national_transfer_hub,SHV,Shreveport,T1,service_stop,1101,593,needs-intermediate-stops,4,2,I-10;I-35;I-20,ELP;SAT;DAL;SHV,T1,24.3,20.6,24h overnight,22.2,15.6,4.7,not-time-competitive,freight-rail-wins-bulk-road-wins-express,heuristic-planning
ELP,El Paso,T1,national_transfer_hub,BHM_APPROACH,Birmingham,T2,national_transfer_hub,1587,593,needs-intermediate-stops,8,3,I-10;US90;I-10;I-65,ELP;SAT;HOU;BEAUMONT;LAFAYETTE;GULFPORT;MOBILE;BHM_APPROACH,T1,35.3,30.0,36h next-day,31.4,22.3,5.7,not-time-competitive,freight-rail-wins-bulk-road-wins-express,heuristic-planning
ELP,El Paso,T1,national_transfer_hub,ATL,Atlanta,T1,national_transfer_hub,1752,593,needs-intermediate-stops,9,4,I-10;US90;I-10;I-65;I-20,ELP;SAT;HOU;BEAUMONT;LAFAYETTE;GULFPORT;MOBILE;BHM_APPROACH;ATL,T1,39.2,33.3,36h next-day,34.8,24.7,6.0,not-time-competitive,freight-rail-wins-bulk-road-wins-express,heuristic-planning
ELP,El Paso,T1,national_transfer_hub,COLUMBIA,Columbia,T1,service_stop,1980,593,needs-intermediate-stops,10,4,I-10;US90;I-10;I-65;I-20,ELP;SAT;HOU;BEAUMONT;LAFAYETTE;GULFPORT;MOBILE;BHM_APPROACH;ATL;COLUMBIA,T1,44.2,37.5,48h two-day,38.9,27.7,6.5,not-time-competitive,freight-rail-wins-bulk-road-wins-express,heuristic-planning
ELP,El Paso,T1,national_transfer_hub,FLO,Florence,T1,transfer_hub,2948,593,needs-intermediate-stops,13,7,I-10;I-35;I-30;I-40;I-65;I-75;I-70;I-95,ELP;SAT;DAL;LITTLE_ROCK;MEM;NASHVILLE;LOUISVILLE;CINCINNATI;COLUMBUS;PENNSYLVANIA;DC;RIC;FLO,T1,66.0,56.0,72h three-day,57.5,41.2,8.4,not-time-competitive,freight-rail-wins-bulk-road-wins-express,heuristic-planning
ELP,El Paso,T1,national_transfer_hub,MIN,Minneapolis,T1,national_transfer_hub,1956,593,needs-intermediate-stops,7,1,I-10;I-35,ELP;SAT;DAL;OKC;KC;DSM;MIN,T1,42.4,36.1,48h two-day,37.4,26.8,6.4,not-time-competitive,freight-rail-wins-bulk-road-wins-express,heuristic-planning
ELP,El Paso,T1,national_transfer_hub,DSM,Des Moines,T1,transfer_hub,1679,593,needs-intermediate-stops,6,1,I-10;I-35,ELP;SAT;DAL;OKC;KC;DSM,T1,36.4,31.0,36h next-day,32.4,23.1,5.9,not-time-competitive,freight-rail-wins-bulk-road-wins-express,heuristic-planning
ELP,El Paso,T1,national_transfer_hub,KC,Kansas City,T1,national_transfer_hub,1468,593,needs-intermediate-stops,5,1,I-10;I-35,ELP;SAT;DAL;OKC;KC,T1,31.8,27.1,36h next-day,28.5,20.3,5.4,not-time-competitive,freight-rail-wins-bulk-road-wins-express,heuristic-planning
ELP,El Paso,T1,national_transfer_hub,OKC,Oklahoma City,T1,national_transfer_hub,1116,593,needs-intermediate-stops,4,1,I-10;I-35,ELP;SAT;DAL;OKC,T1,24.2,20.7,24h overnight,22.1,15.6,4.7,not-time-competitive,freight-rail-wins-bulk-road-wins-express,heuristic-planning
ELP,El Paso,T1,national_transfer_hub,AMA,Amarillo,T2,service_stop,1285,593,needs-intermediate-stops,4,2,I-10;I-35;US287,ELP;SAT;DAL;AMA,T1,28.2,24.0,24h overnight,25.6,18.0,5.1,not-time-competitive,freight-rail-wins-bulk-road-wins-express,heuristic-planning
ELP,El Paso,T1,national_transfer_hub,MEM,Memphis,T2,national_transfer_hub,1390,593,needs-intermediate-stops,5,2,I-10;I-35;I-30,ELP;SAT;DAL;LITTLE_ROCK;MEM,T1,30.5,25.9,36h next-day,27.5,19.4,5.3,not-time-competitive,freight-rail-wins-bulk-road-wins-express,heuristic-planning
ELP,El Paso,T1,national_transfer_hub,NASHVILLE,Nashville,T1,national_transfer_hub,1621,593,needs-intermediate-stops,6,3,I-10;I-35;I-30;I-40,ELP;SAT;DAL;LITTLE_ROCK;MEM;NASHVILLE,T1,35.9,30.5,36h next-day,32.0,22.7,5.7,not-time-competitive,freight-rail-wins-bulk-road-wins-express,heuristic-planning
ELP,El Paso,T1,national_transfer_hub,KNX,Knoxville,T1,transfer_hub,1810,593,needs-intermediate-stops,7,3,I-10;I-35;I-30;I-40,ELP;SAT;DAL;LITTLE_ROCK;MEM;NASHVILLE;KNX,T1,40.0,34.0,36h next-day,35.5,25.2,6.1,not-time-competitive,freight-rail-wins-bulk-road-wins-express,heuristic-planning
ELP,El Paso,T1,national_transfer_hub,ASHEVILLE,Asheville,T1,service_stop,2139,593,needs-intermediate-stops,12,6,I-10;US90;I-10;I-65;I-20;I-85;I-40,ELP;SAT;HOU;BEAUMONT;LAFAYETTE;GULFPORT;MOBILE;BHM_APPROACH;ATL;GREENVILLE;CLT;ASHEVILLE,T1,48.4,41.0,48h two-day,42.5,30.2,6.8,not-time-competitive,freight-rail-wins-bulk-road-wins-express,heuristic-planning
ELP,El Paso,T1,national_transfer_hub,CLT,Charlotte,T2,national_transfer_hub,2022,593,needs-intermediate-stops,11,5,I-10;US90;I-10;I-65;I-20;I-85,ELP;SAT;HOU;BEAUMONT;LAFAYETTE;GULFPORT;MOBILE;BHM_APPROACH;ATL;GREENVILLE;CLT,T1,45.5,38.6,48h two-day,40.0,28.5,6.5,not-time-competitive,freight-rail-wins-bulk-road-wins-express,heuristic-planning
ELP,El Paso,T1,national_transfer_hub,RALEIGH_APPROACH,Raleigh,T1,national_transfer_hub,2175,593,needs-intermediate-stops,12,6,I-10;US90;I-10;I-65;I-20;I-85;I-40,ELP;SAT;HOU;BEAUMONT;LAFAYETTE;GULFPORT;MOBILE;BHM_APPROACH;ATL;GREENVILLE;CLT;RALEIGH_APPROACH,T1,49.2,41.6,48h two-day,43.1,30.7,6.8,not-time-competitive,freight-rail-wins-bulk-road-wins-express,heuristic-planning
ELP,El Paso,T1,national_transfer_hub,INDY_APPROACH,Indianapolis,T1,national_transfer_hub,2225,593,needs-intermediate-stops,10,6,I-10;I-35;I-30;I-40;I-65;I-75;I-70,ELP;SAT;DAL;LITTLE_ROCK;MEM;NASHVILLE;LOUISVILLE;CINCINNATI;COLUMBUS;INDY_APPROACH,T1,50.1,42.4,48h two-day,44.1,31.4,7.0,not-time-competitive,freight-rail-wins-bulk-road-wins-express,heuristic-planning
ELP,El Paso,T1,national_transfer_hub,FORT_WAYNE,Fort Wayne,T1,service_stop,2349,593,needs-intermediate-stops,11,7,I-10;I-35;I-30;I-40;I-65;I-75;I-70;I-69,ELP;SAT;DAL;LITTLE_ROCK;MEM;NASHVILLE;LOUISVILLE;CINCINNATI;COLUMBUS;INDY_APPROACH;FORT_WAYNE,T1,53.2,45.0,48h two-day,46.7,33.2,7.2,not-time-competitive,freight-rail-wins-bulk-road-wins-express,heuristic-planning
ELP,El Paso,T1,national_transfer_hub,CHI_APPROACH,South Bend,T1,service_stop,2130,593,needs-intermediate-stops,8,3,I-10;I-35;I-80;I-69,ELP;SAT;DAL;OKC;KC;DSM;CHI;CHI_APPROACH,T1,46.8,39.8,48h two-day,41.3,29.5,6.8,not-time-competitive,freight-rail-wins-bulk-road-wins-express,heuristic-planning
ELP,El Paso,T1,national_transfer_hub,CHI,Chicago,T1,national_transfer_hub,2044,593,needs-intermediate-stops,7,2,I-10;I-35;I-80,ELP;SAT;DAL;OKC;KC;DSM;CHI,T1,44.6,38.0,48h two-day,39.4,28.2,6.6,not-time-competitive,freight-rail-wins-bulk-road-wins-express,heuristic-planning
ELP,El Paso,T1,national_transfer_hub,TOL,Toledo,T1,national_transfer_hub,2170,593,needs-intermediate-stops,10,5,I-10;I-35;I-30;I-40;I-65;I-75,ELP;SAT;DAL;LITTLE_ROCK;MEM;NASHVILLE;LOUISVILLE;CINCINNATI;COLUMBUS;TOL,T1,48.6,41.2,48h two-day,42.7,30.4,6.8,not-time-competitive,freight-rail-wins-bulk-road-wins-express,heuristic-planning
ELP,El Paso,T1,national_transfer_hub,COLUMBUS,Columbus,T1,national_transfer_hub,2027,593,needs-intermediate-stops,9,5,I-10;I-35;I-30;I-40;I-65;I-75,ELP;SAT;DAL;LITTLE_ROCK;MEM;NASHVILLE;LOUISVILLE;CINCINNATI;COLUMBUS,T1,45.4,38.5,48h two-day,40.1,28.5,6.6,not-time-competitive,freight-rail-wins-bulk-road-wins-express,heuristic-planning
ELP,El Paso,T1,national_transfer_hub,CINCINNATI,Cincinnati,T2,national_transfer_hub,1909,593,needs-intermediate-stops,8,4,I-10;I-35;I-30;I-40;I-65,ELP;SAT;DAL;LITTLE_ROCK;MEM;NASHVILLE;LOUISVILLE;CINCINNATI,T1,42.5,36.1,48h two-day,37.6,26.7,6.3,not-time-competitive,freight-rail-wins-bulk-road-wins-express,heuristic-planning
ELP,El Paso,T1,national_transfer_hub,CHATTANOOGA,Chattanooga,T2,service_stop,1747,593,needs-intermediate-stops,9,4,I-10;US90;I-10;I-65;I-59,ELP;SAT;HOU;BEAUMONT;LAFAYETTE;GULFPORT;MOBILE;BHM_APPROACH;CHATTANOOGA,T1,39.1,33.2,36h next-day,34.7,24.6,6.0,not-time-competitive,freight-rail-wins-bulk-road-wins-express,heuristic-planning
ELP,El Paso,T1,national_transfer_hub,MONTGOMERY,Montgomery,T2,service_stop,1924,593,needs-intermediate-stops,10,5,I-10;US90;I-10;I-65;I-20;US80,ELP;SAT;HOU;BEAUMONT;LAFAYETTE;GULFPORT;MOBILE;BHM_APPROACH;ATL;MONTGOMERY,T1,43.3,36.7,48h two-day,38.2,27.1,6.3,not-time-competitive,freight-rail-wins-bulk-road-wins-express,heuristic-planning
ELP,El Paso,T1,national_transfer_hub,GAINESVILLE,Gainesville,T1,service_stop,2116,593,needs-intermediate-stops,10,5,I-10;US90;I-10;I-65;I-20;I-75,ELP;SAT;HOU;BEAUMONT;LAFAYETTE;GULFPORT;MOBILE;BHM_APPROACH;ATL;GAINESVILLE,T1,47.4,40.2,48h two-day,41.7,29.7,6.7,not-time-competitive,freight-rail-wins-bulk-road-wins-express,heuristic-planning
ELP,El Paso,T1,national_transfer_hub,SLC,Salt Lake,T1,national_transfer_hub,2562,657,needs-intermediate-stops,7,2,I-10;I-35;I-70,ELP;SAT;DAL;OKC;KC;DEN;SLC,T1,55.6,47.4,48h two-day,48.8,35.1,7.6,not-time-competitive,freight-rail-wins-bulk-road-wins-express,heuristic-planning
ELP,El Paso,T1,national_transfer_hub,CHEYENNE,Cheyenne,T2,service_stop,2240,657,needs-intermediate-stops,7,3,I-10;I-35;I-70;I-25,ELP;SAT;DAL;OKC;KC;DEN;CHEYENNE,T1,49.1,41.8,48h two-day,43.3,31.0,7.0,not-time-competitive,freight-rail-wins-bulk-road-wins-express,heuristic-planning
ELP,El Paso,T1,national_transfer_hub,OMAHA,Omaha,T1,national_transfer_hub,1823,593,needs-intermediate-stops,7,2,I-10;I-35;I-80,ELP;SAT;DAL;OKC;KC;DSM;OMAHA,T1,39.9,33.9,36h next-day,35.3,25.2,6.1,not-time-competitive,freight-rail-wins-bulk-road-wins-express,heuristic-planning
ELP,El Paso,T1,national_transfer_hub,FARGO,Fargo,T2,service_stop,2284,593,needs-intermediate-stops,8,3,I-10;I-35;I-80;I-29,ELP;SAT;DAL;OKC;KC;DSM;OMAHA;FARGO,T1,50.1,42.6,48h two-day,44.1,31.6,7.1,not-time-competitive,freight-rail-wins-bulk-road-wins-express,heuristic-planning
ELP,El Paso,T1,national_transfer_hub,NYC,New York,T2,transfer_hub,2591,593,needs-intermediate-stops,11,7,I-10;I-35;I-30;I-40;I-65;I-75;I-70;I-81,ELP;SAT;DAL;LITTLE_ROCK;MEM;NASHVILLE;LOUISVILLE;CINCINNATI;COLUMBUS;PENNSYLVANIA;NYC,T1,58.3,49.4,72h three-day,51.1,36.4,7.7,not-time-competitive,freight-rail-wins-bulk-road-wins-express,heuristic-planning
ELP,El Paso,T1,national_transfer_hub,BIL,Billings*,T1,national_transfer_hub,2163,974,needs-intermediate-stops,5,2,I-10;US83;I-90,ELP;SAT;ABILENE;RAPID_CITY;BIL,T1,47.0,40.0,48h two-day,41.5,29.7,6.8,not-time-competitive,freight-rail-wins-bulk-road-wins-express,heuristic-planning
ELP,El Paso,T1,national_transfer_hub,RAPID_CITY,Rapid City,T2,national_transfer_hub,1829,974,needs-intermediate-stops,4,1,I-10;US83,ELP;SAT;ABILENE;RAPID_CITY,T1,39.4,33.6,36h next-day,35.1,25.1,6.2,not-time-competitive,freight-rail-wins-bulk-road-wins-express,heuristic-planning
ELP,El Paso,T1,national_transfer_hub,MILWAUKEE,Milwaukee,T1,service_stop,2142,593,needs-intermediate-stops,9,3,I-10;I-35;I-80;I-90,ELP;SAT;DAL;OKC;KC;DSM;CHI;CHI_NORTH;MILWAUKEE,T1,47.2,40.1,48h two-day,41.5,29.7,6.8,not-time-competitive,freight-rail-wins-bulk-road-wins-express,heuristic-planning
ELP,El Paso,T1,national_transfer_hub,CHI_NORTH,North Chicago,T1,service_stop,2059,593,needs-intermediate-stops,8,3,I-10;I-35;I-80;I-90,ELP;SAT;DAL;OKC;KC;DSM;CHI;CHI_NORTH,T1,45.3,38.5,48h two-day,40.0,28.5,6.6,not-time-competitive,freight-rail-wins-bulk-road-wins-express,heuristic-planning
ELP,El Paso,T1,national_transfer_hub,PHILADELPHIA,Philadelphia,T2,service_stop,2519,593,needs-intermediate-stops,11,7,I-10;I-35;I-30;I-40;I-65;I-75;I-70;I-76,ELP;SAT;DAL;LITTLE_ROCK;MEM;NASHVILLE;LOUISVILLE;CINCINNATI;COLUMBUS;PENNSYLVANIA;PHILADELPHIA,T1,56.8,48.1,72h three-day,49.7,35.5,7.5,not-time-competitive,freight-rail-wins-bulk-road-wins-express,heuristic-planning
ELP,El Paso,T1,national_transfer_hub,DC,Washington,T1,service_stop,2521,593,needs-intermediate-stops,11,6,I-10;I-35;I-30;I-40;I-65;I-75;I-70,ELP;SAT;DAL;LITTLE_ROCK;MEM;NASHVILLE;LOUISVILLE;CINCINNATI;COLUMBUS;PENNSYLVANIA;DC,T1,56.5,47.9,48h two-day,49.4,35.3,7.5,not-time-competitive,freight-rail-wins-bulk-road-wins-express,heuristic-planning
ELP,El Paso,T1,national_transfer_hub,RIC,Richmond,T1,national_transfer_hub,2635,593,needs-intermediate-stops,12,7,I-10;I-35;I-30;I-40;I-65;I-75;I-70;I-95,ELP;SAT;DAL;LITTLE_ROCK;MEM;NASHVILLE;LOUISVILLE;CINCINNATI;COLUMBUS;PENNSYLVANIA;DC;RIC,T1,59.3,50.3,72h three-day,51.9,37.0,7.8,not-time-competitive,freight-rail-wins-bulk-road-wins-express,heuristic-planning
ELP,El Paso,T1,national_transfer_hub,BEN,Benson,T1,transfer_hub,3073,593,needs-intermediate-stops,14,8,I-10;I-35;I-30;I-40;I-65;I-75;I-70;I-95;I-40,ELP;SAT;DAL;LITTLE_ROCK;MEM;NASHVILLE;LOUISVILLE;CINCINNATI;COLUMBUS;PENNSYLVANIA;DC;RIC;FLO;BEN,T1,69.2,58.6,72h three-day,60.2,43.1,8.6,not-time-competitive,freight-rail-wins-bulk-road-wins-express,heuristic-planning
ELP,El Paso,T1,national_transfer_hub,GREENVILLE,Greenville,T2,service_stop,1913,593,needs-intermediate-stops,10,5,I-10;US90;I-10;I-65;I-20;I-85,ELP;SAT;HOU;BEAUMONT;LAFAYETTE;GULFPORT;MOBILE;BHM_APPROACH;ATL;GREENVILLE,T1,43.1,36.5,48h two-day,38.0,27.0,6.3,not-time-competitive,freight-rail-wins-bulk-road-wins-express,heuristic-planning
ELP,El Paso,T1,national_transfer_hub,GREENSBORO,Greensboro,T2,service_stop,2119,593,needs-intermediate-stops,12,5,I-10;US90;I-10;I-65;I-20;I-85,ELP;SAT;HOU;BEAUMONT;LAFAYETTE;GULFPORT;MOBILE;BHM_APPROACH;ATL;GREENVILLE;CLT;GREENSBORO,T1,47.6,40.4,48h two-day,41.8,29.8,6.7,not-time-competitive,freight-rail-wins-bulk-road-wins-express,heuristic-planning
ELP,El Paso,T1,national_transfer_hub,MOBILE,Mobile,T1,service_stop,1341,593,needs-intermediate-stops,7,2,I-10;US90;I-10,ELP;SAT;HOU;BEAUMONT;LAFAYETTE;GULFPORT;MOBILE,T1,29.6,25.2,36h next-day,26.6,18.8,5.2,not-time-competitive,freight-rail-wins-bulk-road-wins-express,heuristic-planning
ELP,El Paso,T1,national_transfer_hub,LOUISVILLE,Louisville,T2,national_transfer_hub,1802,593,needs-intermediate-stops,7,4,I-10;I-35;I-30;I-40;I-65,ELP;SAT;DAL;LITTLE_ROCK;MEM;NASHVILLE;LOUISVILLE,T1,40.1,34.1,36h next-day,35.7,25.3,6.1,not-time-competitive,freight-rail-wins-bulk-road-wins-express,heuristic-planning
ELP,El Paso,T1,national_transfer_hub,LITTLE_ROCK,Little Rock,T2,national_transfer_hub,1236,593,needs-intermediate-stops,4,2,I-10;I-35;I-30,ELP;SAT;DAL;LITTLE_ROCK,T1,27.2,23.1,24h overnight,24.7,17.4,5.0,not-time-competitive,freight-rail-wins-bulk-road-wins-express,heuristic-planning
ELP,El Paso,T1,national_transfer_hub,DEN,Denver,T1,national_transfer_hub,2125,657,needs-intermediate-stops,6,2,I-10;I-35;I-70,ELP;SAT;DAL;OKC;KC;DEN,T1,46.2,39.4,48h two-day,40.8,29.2,6.8,not-time-competitive,freight-rail-wins-bulk-road-wins-express,heuristic-planning
ELP,El Paso,T1,national_transfer_hub,COLORADO_SPRINGS,Colorado Springs,T2,service_stop,2200,657,needs-intermediate-stops,7,3,I-10;I-35;I-70;I-25,ELP;SAT;DAL;OKC;KC;DEN;COLORADO_SPRINGS,T1,48.3,41.1,48h two-day,42.6,30.4,6.9,not-time-competitive,freight-rail-wins-bulk-road-wins-express,heuristic-planning
ELP,El Paso,T1,national_transfer_hub,CAPITAL_BELTWAY_N,Capital North,T2,service_stop,2532,593,needs-intermediate-stops,12,7,I-10;I-35;I-30;I-40;I-65;I-75;I-70;I-495,ELP;SAT;DAL;LITTLE_ROCK;MEM;NASHVILLE;LOUISVILLE;CINCINNATI;COLUMBUS;PENNSYLVANIA;DC;CAPITAL_BELTWAY_N,T1,57.1,48.4,72h three-day,50.0,35.7,7.6,not-time-competitive,freight-rail-wins-bulk-road-wins-express,heuristic-planning
ELP,El Paso,T1,national_transfer_hub,CAPITAL_BELTWAY_E,Capital East,T2,service_stop,2543,593,needs-intermediate-stops,13,7,I-10;I-35;I-30;I-40;I-65;I-75;I-70;I-495,ELP;SAT;DAL;LITTLE_ROCK;MEM;NASHVILLE;LOUISVILLE;CINCINNATI;COLUMBUS;PENNSYLVANIA;DC;CAPITAL_BELTWAY_S;CAPITAL_BELTWAY_E,T1,57.4,48.6,72h three-day,50.2,35.8,7.6,not-time-competitive,freight-rail-wins-bulk-road-wins-express,heuristic-planning
ELP,El Paso,T1,national_transfer_hub,CAPITAL_BELTWAY_S,Capital South,T2,service_stop,2530,593,needs-intermediate-stops,12,7,I-10;I-35;I-30;I-40;I-65;I-75;I-70;I-495,ELP;SAT;DAL;LITTLE_ROCK;MEM;NASHVILLE;LOUISVILLE;CINCINNATI;COLUMBUS;PENNSYLVANIA;DC;CAPITAL_BELTWAY_S,T1,57.1,48.4,72h three-day,50.0,35.6,7.6,not-time-competitive,freight-rail-wins-bulk-road-wins-express,heuristic-planning
ELP,El Paso,T1,national_transfer_hub,JOPLIN,Joplin,T2,service_stop,1476,593,needs-intermediate-stops,5,3,I-10;I-35;I-20;I-49,ELP;SAT;DAL;SHV;JOPLIN,T1,32.7,27.8,36h next-day,29.4,20.8,5.5,not-time-competitive,freight-rail-wins-bulk-road-wins-express,heuristic-planning
ELP,El Paso,T1,national_transfer_hub,HAGERSTOWN,Hagerstown,T2,service_stop,2483,593,needs-intermediate-stops,11,7,I-10;I-35;I-30;I-40;I-65;I-75;I-70;I-81,ELP;SAT;DAL;LITTLE_ROCK;MEM;NASHVILLE;LOUISVILLE;CINCINNATI;COLUMBUS;PENNSYLVANIA;HAGERSTOWN,T1,56.0,47.4,48h two-day,49.1,35.0,7.5,not-time-competitive,freight-rail-wins-bulk-road-wins-express,heuristic-planning
ELP,El Paso,T1,national_transfer_hub,STL,St. Louis,T1,national_transfer_hub,1748,593,needs-intermediate-stops,6,2,I-10;I-35;I-70,ELP;SAT;DAL;OKC;KC;STL,T1,38.2,32.5,36h next-day,34.0,24.2,6.0,not-time-competitive,freight-rail-wins-bulk-road-wins-express,heuristic-planning
ELP,El Paso,T1,national_transfer_hub,PITTSBURGH,Pittsburgh,T2,service_stop,2450,593,needs-intermediate-stops,12,6,I-10;US90;I-10;I-65;I-20;I-85;I-77,ELP;SAT;HOU;BEAUMONT;LAFAYETTE;GULFPORT;MOBILE;BHM_APPROACH;ATL;GREENVILLE;CLT;PITTSBURGH,T1,55.0,46.6,48h two-day,48.1,34.4,7.4,not-time-competitive,freight-rail-wins-bulk-road-wins-express,heuristic-planning
ELP,El Paso,T1,national_transfer_hub,PENNSYLVANIA,Harrisburg,T1,national_transfer_hub,2409,593,needs-intermediate-stops,10,6,I-10;I-35;I-30;I-40;I-65;I-75;I-70,ELP;SAT;DAL;LITTLE_ROCK;MEM;NASHVILLE;LOUISVILLE;CINCINNATI;COLUMBUS;PENNSYLVANIA,T1,54.0,45.8,48h two-day,47.4,33.8,7.3,not-time-competitive,freight-rail-wins-bulk-road-wins-express,heuristic-planning
ELP,El Paso,T1,national_transfer_hub,GULFPORT,Gulfport,T2,national_transfer_hub,1263,593,needs-intermediate-stops,6,1,I-10;US90,ELP;SAT;HOU;BEAUMONT;LAFAYETTE;GULFPORT,T1,27.5,23.5,24h overnight,24.8,17.5,5.0,not-time-competitive,freight-rail-wins-bulk-road-wins-express,heuristic-planning
ELP,El Paso,T1,national_transfer_hub,CORPUS,Corpus Christi,T2,national_transfer_hub,746,593,needs-intermediate-stops,3,1,I-10;I-37,ELP;SAT;CORPUS,T1,16.3,13.9,24h overnight,15.4,10.6,4.0,not-time-competitive,freight-rail-wins-bulk-road-wins-express,heuristic-planning
SAT,San Antonio,T1,national_transfer_hub,LRD,Laredo,T1,national_terminal,172,172,sla-stop-rhythm-ok,2,0,I-35,SAT;LRD,T1,3.7,3.1,6h local,4.6,2.8,2.8,time-competitive,corridor-specific-rail-check-needed,heuristic-planning
SAT,San Antonio,T1,national_transfer_hub,HOU,Houston*,T1,national_transfer_hub,223,223,sla-stop-rhythm-ok,2,0,I-10,SAT;HOU,T1,4.7,4.1,6h local,5.6,3.5,2.9,near-competitive-short-haul,corridor-specific-rail-check-needed,heuristic-planning
SAT,San Antonio,T1,national_transfer_hub,BEAUMONT,Beaumont,T1,service_stop,314,223,sla-stop-rhythm-ok,3,0,I-10,SAT;HOU;BEAUMONT,T1,6.8,5.8,6h local,7.2,4.7,3.1,not-time-competitive,corridor-specific-rail-check-needed,heuristic-planning
SAT,San Antonio,T1,national_transfer_hub,LAFAYETTE,Lafayette,T1,service_stop,464,223,sla-stop-rhythm-ok,4,0,I-10,SAT;HOU;BEAUMONT;LAFAYETTE,T1,10.0,8.5,12h half-day,9.9,6.7,3.4,not-time-competitive,corridor-specific-rail-check-needed,heuristic-planning
SAT,San Antonio,T1,national_transfer_hub,NOLA,New Orleans,T1,service_stop,603,223,sla-stop-rhythm-ok,5,0,I-10,SAT;HOU;BEAUMONT;LAFAYETTE;NOLA,T1,13.1,11.1,12h half-day,12.5,8.5,3.7,not-time-competitive,corridor-specific-rail-check-needed,heuristic-planning
SAT,San Antonio,T1,national_transfer_hub,TALLAHASSEE,Tallahassee,T1,service_stop,1013,265,long-gap-review,7,2,I-10;US90;I-10,SAT;HOU;BEAUMONT;LAFAYETTE;GULFPORT;MOBILE;TALLAHASSEE,T1,22.7,19.2,24h overnight,20.6,14.4,4.5,not-time-competitive,freight-rail-wins-bulk-road-wins-express,heuristic-planning
SAT,San Antonio,T1,national_transfer_hub,JAX,Jacksonville,T2,national_transfer_hub,1193,523,needs-intermediate-stops,6,1,I-10;US90,SAT;HOU;BEAUMONT;LAFAYETTE;GULFPORT;JAX,T1,26.0,22.2,24h overnight,23.5,16.6,4.9,not-time-competitive,freight-rail-wins-bulk-road-wins-express,heuristic-planning
SAT,San Antonio,T1,national_transfer_hub,DAL,Dallas,T1,national_transfer_hub,298,298,long-gap-review,2,0,I-35,SAT;DAL,T1,6.3,5.4,6h local,6.9,4.5,3.1,near-competitive-short-haul,corridor-specific-rail-check-needed,heuristic-planning
SAT,San Antonio,T2,national_transfer_hub,ABILENE,Abilene,T2,service_stop,262,262,long-gap-review,2,0,US83,SAT;ABILENE,T2,5.6,4.8,6h local,6.3,4.0,3.0,near-competitive-short-haul,rail-often-absent-road-flexibility-case,heuristic-planning
SAT,San Antonio,T1,national_transfer_hub,SHV,Shreveport,T1,service_stop,509,298,long-gap-review,3,1,I-35;I-20,SAT;DAL;SHV,T1,11.3,9.6,12h half-day,11.1,7.5,3.5,not-time-competitive,corridor-specific-rail-check-needed,heuristic-planning
SAT,San Antonio,T1,national_transfer_hub,BHM_APPROACH,Birmingham,T2,national_transfer_hub,994,246,sla-stop-rhythm-ok,7,3,I-10;US90;I-10;I-65,SAT;HOU;BEAUMONT;LAFAYETTE;GULFPORT;MOBILE;BHM_APPROACH,T1,22.6,19.1,24h overnight,20.6,14.4,4.5,not-time-competitive,freight-rail-wins-bulk-road-wins-express,heuristic-planning
SAT,San Antonio,T1,national_transfer_hub,ATL,Atlanta,T1,national_transfer_hub,1159,246,sla-stop-rhythm-ok,8,4,I-10;US90;I-10;I-65;I-20,SAT;HOU;BEAUMONT;LAFAYETTE;GULFPORT;MOBILE;BHM_APPROACH;ATL,T1,26.5,22.4,24h overnight,24.0,16.8,4.8,not-time-competitive,freight-rail-wins-bulk-road-wins-express,heuristic-planning
SAT,San Antonio,T1,national_transfer_hub,COLUMBIA,Columbia,T1,service_stop,1387,246,sla-stop-rhythm-ok,9,4,I-10;US90;I-10;I-65;I-20,SAT;HOU;BEAUMONT;LAFAYETTE;GULFPORT;MOBILE;BHM_APPROACH;ATL;COLUMBIA,T1,31.5,26.6,36h next-day,28.1,19.8,5.3,not-time-competitive,freight-rail-wins-bulk-road-wins-express,heuristic-planning
SAT,San Antonio,T1,national_transfer_hub,FLO,Florence,T1,transfer_hub,2355,382,long-gap-review,12,6,I-35;I-30;I-40;I-65;I-75;I-70;I-95,SAT;DAL;LITTLE_ROCK;MEM;NASHVILLE;LOUISVILLE;CINCINNATI;COLUMBUS;PENNSYLVANIA;DC;RIC;FLO,T1,53.0,44.9,48h two-day,46.4,33.1,7.2,not-time-competitive,freight-rail-wins-bulk-road-wins-express,heuristic-planning
SAT,San Antonio,T1,national_transfer_hub,MIN,Minneapolis,T1,national_transfer_hub,1364,352,long-gap-review,6,0,I-35,SAT;DAL;OKC;KC;DSM;MIN,T1,29.3,25.0,36h next-day,26.3,18.7,5.2,not-time-competitive,freight-rail-wins-bulk-road-wins-express,heuristic-planning
SAT,San Antonio,T1,national_transfer_hub,DSM,Des Moines,T1,transfer_hub,1087,352,long-gap-review,5,0,I-35,SAT;DAL;OKC;KC;DSM,T1,23.4,19.9,24h overnight,21.3,15.0,4.7,not-time-competitive,freight-rail-wins-bulk-road-wins-express,heuristic-planning
SAT,San Antonio,T1,national_transfer_hub,KC,Kansas City,T1,national_transfer_hub,875,352,long-gap-review,4,0,I-35,SAT;DAL;OKC;KC,T1,18.8,16.0,24h overnight,17.4,12.2,4.2,not-time-competitive,freight-rail-wins-bulk-road-wins-express,heuristic-planning
SAT,San Antonio,T1,national_transfer_hub,OKC,Oklahoma City,T1,national_transfer_hub,523,298,long-gap-review,3,0,I-35,SAT;DAL;OKC,T1,11.2,9.6,12h half-day,11.0,7.5,3.5,not-time-competitive,corridor-specific-rail-check-needed,heuristic-planning
SAT,San Antonio,T1,national_transfer_hub,AMA,Amarillo,T2,service_stop,692,394,long-gap-review,3,1,I-35;US287,SAT;DAL;AMA,T1,15.2,12.9,24h overnight,14.4,9.9,3.9,not-time-competitive,corridor-specific-rail-check-needed,heuristic-planning
SAT,San Antonio,T1,national_transfer_hub,MEM,Memphis,T2,national_transfer_hub,797,345,long-gap-review,4,1,I-35;I-30,SAT;DAL;LITTLE_ROCK;MEM,T1,17.5,14.9,24h overnight,16.3,11.3,4.1,not-time-competitive,freight-rail-wins-bulk-road-wins-express,heuristic-planning
SAT,San Antonio,T1,national_transfer_hub,NASHVILLE,Nashville,T1,national_transfer_hub,1028,345,long-gap-review,5,2,I-35;I-30;I-40,SAT;DAL;LITTLE_ROCK;MEM;NASHVILLE,T1,22.8,19.4,24h overnight,20.9,14.6,4.6,not-time-competitive,freight-rail-wins-bulk-road-wins-express,heuristic-planning
SAT,San Antonio,T1,national_transfer_hub,KNX,Knoxville,T1,transfer_hub,1218,345,long-gap-review,6,2,I-35;I-30;I-40,SAT;DAL;LITTLE_ROCK;MEM;NASHVILLE;KNX,T1,26.9,22.9,24h overnight,24.3,17.1,4.9,not-time-competitive,freight-rail-wins-bulk-road-wins-express,heuristic-planning
SAT,San Antonio,T1,national_transfer_hub,ASHEVILLE,Asheville,T1,service_stop,1547,246,sla-stop-rhythm-ok,11,6,I-10;US90;I-10;I-65;I-20;I-85;I-40,SAT;HOU;BEAUMONT;LAFAYETTE;GULFPORT;MOBILE;BHM_APPROACH;ATL;GREENVILLE;CLT;ASHEVILLE,T1,35.7,30.2,36h next-day,31.7,22.3,5.6,not-time-competitive,freight-rail-wins-bulk-road-wins-express,heuristic-planning
SAT,San Antonio,T1,national_transfer_hub,CLT,Charlotte,T2,national_transfer_hub,1429,246,sla-stop-rhythm-ok,10,5,I-10;US90;I-10;I-65;I-20;I-85,SAT;HOU;BEAUMONT;LAFAYETTE;GULFPORT;MOBILE;BHM_APPROACH;ATL;GREENVILLE;CLT,T1,32.8,27.7,36h next-day,29.2,20.6,5.4,not-time-competitive,freight-rail-wins-bulk-road-wins-express,heuristic-planning
SAT,San Antonio,T1,national_transfer_hub,RALEIGH_APPROACH,Raleigh,T1,national_transfer_hub,1582,246,sla-stop-rhythm-ok,11,6,I-10;US90;I-10;I-65;I-20;I-85;I-40,SAT;HOU;BEAUMONT;LAFAYETTE;GULFPORT;MOBILE;BHM_APPROACH;ATL;GREENVILLE;CLT;RALEIGH_APPROACH,T1,36.5,30.8,36h next-day,32.4,22.8,5.7,not-time-competitive,freight-rail-wins-bulk-road-wins-express,heuristic-planning
SAT,San Antonio,T1,national_transfer_hub,INDY_APPROACH,Indianapolis,T1,national_transfer_hub,1632,345,long-gap-review,9,5,I-35;I-30;I-40;I-65;I-75;I-70,SAT;DAL;LITTLE_ROCK;MEM;NASHVILLE;LOUISVILLE;CINCINNATI;COLUMBUS;INDY_APPROACH,T1,37.0,31.3,36h next-day,32.9,23.3,5.8,not-time-competitive,freight-rail-wins-bulk-road-wins-express,heuristic-planning
SAT,San Antonio,T1,national_transfer_hub,FORT_WAYNE,Fort Wayne,T1,service_stop,1756,345,long-gap-review,10,6,I-35;I-30;I-40;I-65;I-75;I-70;I-69,SAT;DAL;LITTLE_ROCK;MEM;NASHVILLE;LOUISVILLE;CINCINNATI;COLUMBUS;INDY_APPROACH;FORT_WAYNE,T1,40.1,33.9,36h next-day,35.5,25.1,6.0,not-time-competitive,freight-rail-wins-bulk-road-wins-express,heuristic-planning
SAT,San Antonio,T1,national_transfer_hub,CHI_APPROACH,South Bend,T1,service_stop,1537,365,long-gap-review,7,2,I-35;I-80;I-69,SAT;DAL;OKC;KC;DSM;CHI;CHI_APPROACH,T1,33.8,28.7,36h next-day,30.1,21.4,5.6,not-time-competitive,freight-rail-wins-bulk-road-wins-express,heuristic-planning
SAT,San Antonio,T1,national_transfer_hub,CHI,Chicago,T1,national_transfer_hub,1452,365,long-gap-review,6,1,I-35;I-80,SAT;DAL;OKC;KC;DSM;CHI,T1,31.6,26.9,36h next-day,28.2,20.1,5.4,not-time-competitive,freight-rail-wins-bulk-road-wins-express,heuristic-planning
SAT,San Antonio,T1,national_transfer_hub,TOL,Toledo,T1,national_transfer_hub,1577,345,long-gap-review,9,4,I-35;I-30;I-40;I-65;I-75,SAT;DAL;LITTLE_ROCK;MEM;NASHVILLE;LOUISVILLE;CINCINNATI;COLUMBUS;TOL,T1,35.5,30.1,36h next-day,31.6,22.3,5.7,not-time-competitive,freight-rail-wins-bulk-road-wins-express,heuristic-planning
SAT,San Antonio,T1,national_transfer_hub,COLUMBUS,Columbus,T1,national_transfer_hub,1434,345,long-gap-review,8,4,I-35;I-30;I-40;I-65;I-75,SAT;DAL;LITTLE_ROCK;MEM;NASHVILLE;LOUISVILLE;CINCINNATI;COLUMBUS,T1,32.4,27.4,36h next-day,29.0,20.4,5.4,not-time-competitive,freight-rail-wins-bulk-road-wins-express,heuristic-planning
SAT,San Antonio,T1,national_transfer_hub,CINCINNATI,Cincinnati,T2,national_transfer_hub,1316,345,long-gap-review,7,3,I-35;I-30;I-40;I-65,SAT;DAL;LITTLE_ROCK;MEM;NASHVILLE;LOUISVILLE;CINCINNATI,T1,29.4,25.0,36h next-day,26.5,18.6,5.1,not-time-competitive,freight-rail-wins-bulk-road-wins-express,heuristic-planning
SAT,San Antonio,T1,national_transfer_hub,CHATTANOOGA,Chattanooga,T2,service_stop,1155,246,sla-stop-rhythm-ok,8,4,I-10;US90;I-10;I-65;I-59,SAT;HOU;BEAUMONT;LAFAYETTE;GULFPORT;MOBILE;BHM_APPROACH;CHATTANOOGA,T1,26.4,22.4,24h overnight,23.9,16.7,4.8,not-time-competitive,freight-rail-wins-bulk-road-wins-express,heuristic-planning
SAT,San Antonio,T1,national_transfer_hub,MONTGOMERY,Montgomery,T2,service_stop,1331,246,sla-stop-rhythm-ok,9,5,I-10;US90;I-10;I-65;I-20;US80,SAT;HOU;BEAUMONT;LAFAYETTE;GULFPORT;MOBILE;BHM_APPROACH;ATL;MONTGOMERY,T1,30.6,25.9,36h next-day,27.4,19.2,5.2,not-time-competitive,freight-rail-wins-bulk-road-wins-express,heuristic-planning
SAT,San Antonio,T1,national_transfer_hub,GAINESVILLE,Gainesville,T1,service_stop,1523,364,long-gap-review,9,5,I-10;US90;I-10;I-65;I-20;I-75,SAT;HOU;BEAUMONT;LAFAYETTE;GULFPORT;MOBILE;BHM_APPROACH;ATL;GAINESVILLE,T1,34.7,29.4,36h next-day,30.9,21.8,5.5,not-time-competitive,freight-rail-wins-bulk-road-wins-express,heuristic-planning
SAT,San Antonio,T1,national_transfer_hub,SLC,Salt Lake,T1,national_transfer_hub,1970,657,needs-intermediate-stops,6,1,I-35;I-70,SAT;DAL;OKC;KC;DEN;SLC,T1,42.6,36.3,48h two-day,37.7,27.0,6.4,not-time-competitive,freight-rail-wins-bulk-road-wins-express,heuristic-planning
SAT,San Antonio,T1,national_transfer_hub,CHEYENNE,Cheyenne,T2,service_stop,1647,657,needs-intermediate-stops,6,2,I-35;I-70;I-25,SAT;DAL;OKC;KC;DEN;CHEYENNE,T1,36.1,30.7,36h next-day,32.1,22.9,5.8,not-time-competitive,freight-rail-wins-bulk-road-wins-express,heuristic-planning
SAT,San Antonio,T1,national_transfer_hub,OMAHA,Omaha,T1,national_transfer_hub,1230,352,long-gap-review,6,1,I-35;I-80,SAT;DAL;OKC;KC;DSM;OMAHA,T1,26.8,22.9,24h overnight,24.2,17.1,5.0,not-time-competitive,freight-rail-wins-bulk-road-wins-express,heuristic-planning
SAT,San Antonio,T1,national_transfer_hub,FARGO,Fargo,T2,service_stop,1691,461,needs-intermediate-stops,7,2,I-35;I-80;I-29,SAT;DAL;OKC;KC;DSM;OMAHA;FARGO,T1,37.1,31.5,36h next-day,32.9,23.4,5.9,not-time-competitive,freight-rail-wins-bulk-road-wins-express,heuristic-planning
SAT,San Antonio,T1,national_transfer_hub,NYC,New York,T2,transfer_hub,1998,382,long-gap-review,10,6,I-35;I-30;I-40;I-65;I-75;I-70;I-81,SAT;DAL;LITTLE_ROCK;MEM;NASHVILLE;LOUISVILLE;CINCINNATI;COLUMBUS;PENNSYLVANIA;NYC,T1,45.2,38.3,48h two-day,39.9,28.3,6.5,not-time-competitive,freight-rail-wins-bulk-road-wins-express,heuristic-planning
SAT,San Antonio,T2,national_transfer_hub,BIL,Billings*,T1,national_transfer_hub,1570,974,needs-intermediate-stops,4,1,US83;I-90,SAT;ABILENE;RAPID_CITY;BIL,T1,33.9,28.9,36h next-day,30.4,21.6,5.6,not-time-competitive,freight-rail-wins-bulk-road-wins-express,heuristic-planning
SAT,San Antonio,T2,national_transfer_hub,RAPID_CITY,Rapid City,T2,national_transfer_hub,1236,974,needs-intermediate-stops,3,0,US83,SAT;ABILENE;RAPID_CITY,T2,26.4,22.5,24h overnight,24.0,17.0,5.0,not-time-competitive,freight-rail-wins-bulk-road-wins-express,heuristic-planning
SAT,San Antonio,T1,national_transfer_hub,MILWAUKEE,Milwaukee,T1,service_stop,1549,365,long-gap-review,8,2,I-35;I-80;I-90,SAT;DAL;OKC;KC;DSM;CHI;CHI_NORTH;MILWAUKEE,T1,34.1,29.0,36h next-day,30.4,21.6,5.6,not-time-competitive,freight-rail-wins-bulk-road-wins-express,heuristic-planning
SAT,San Antonio,T1,national_transfer_hub,CHI_NORTH,North Chicago,T1,service_stop,1466,365,long-gap-review,7,2,I-35;I-80;I-90,SAT;DAL;OKC;KC;DSM;CHI;CHI_NORTH,T1,32.3,27.5,36h next-day,28.9,20.4,5.4,not-time-competitive,freight-rail-wins-bulk-road-wins-express,heuristic-planning
SAT,San Antonio,T1,national_transfer_hub,PHILADELPHIA,Philadelphia,T2,service_stop,1926,382,long-gap-review,10,6,I-35;I-30;I-40;I-65;I-75;I-70;I-76,SAT;DAL;LITTLE_ROCK;MEM;NASHVILLE;LOUISVILLE;CINCINNATI;COLUMBUS;PENNSYLVANIA;PHILADELPHIA,T1,43.7,37.0,48h two-day,38.6,27.4,6.4,not-time-competitive,freight-rail-wins-bulk-road-wins-express,heuristic-planning
SAT,San Antonio,T1,national_transfer_hub,DC,Washington,T1,service_stop,1928,382,long-gap-review,10,5,I-35;I-30;I-40;I-65;I-75;I-70,SAT;DAL;LITTLE_ROCK;MEM;NASHVILLE;LOUISVILLE;CINCINNATI;COLUMBUS;PENNSYLVANIA;DC,T1,43.4,36.8,48h two-day,38.3,27.2,6.4,not-time-competitive,freight-rail-wins-bulk-road-wins-express,heuristic-planning
SAT,San Antonio,T1,national_transfer_hub,RIC,Richmond,T1,national_transfer_hub,2042,382,long-gap-review,11,6,I-35;I-30;I-40;I-65;I-75;I-70;I-95,SAT;DAL;LITTLE_ROCK;MEM;NASHVILLE;LOUISVILLE;CINCINNATI;COLUMBUS;PENNSYLVANIA;DC;RIC,T1,46.3,39.2,48h two-day,40.7,28.9,6.6,not-time-competitive,freight-rail-wins-bulk-road-wins-express,heuristic-planning
SAT,San Antonio,T1,national_transfer_hub,BEN,Benson,T1,transfer_hub,2481,382,long-gap-review,13,7,I-35;I-30;I-40;I-65;I-75;I-70;I-95;I-40,SAT;DAL;LITTLE_ROCK;MEM;NASHVILLE;LOUISVILLE;CINCINNATI;COLUMBUS;PENNSYLVANIA;DC;RIC;FLO;BEN,T1,56.1,47.5,48h two-day,49.1,35.0,7.5,not-time-competitive,freight-rail-wins-bulk-road-wins-express,heuristic-planning
SAT,San Antonio,T1,national_transfer_hub,GREENVILLE,Greenville,T2,service_stop,1320,246,sla-stop-rhythm-ok,9,5,I-10;US90;I-10;I-65;I-20;I-85,SAT;HOU;BEAUMONT;LAFAYETTE;GULFPORT;MOBILE;BHM_APPROACH;ATL;GREENVILLE,T1,30.4,25.7,36h next-day,27.3,19.1,5.1,not-time-competitive,freight-rail-wins-bulk-road-wins-express,heuristic-planning
SAT,San Antonio,T1,national_transfer_hub,GREENSBORO,Greensboro,T2,service_stop,1527,246,sla-stop-rhythm-ok,11,5,I-10;US90;I-10;I-65;I-20;I-85,SAT;HOU;BEAUMONT;LAFAYETTE;GULFPORT;MOBILE;BHM_APPROACH;ATL;GREENVILLE;CLT;GREENSBORO,T1,35.0,29.5,36h next-day,31.0,21.9,5.6,not-time-competitive,freight-rail-wins-bulk-road-wins-express,heuristic-planning
SAT,San Antonio,T1,national_transfer_hub,MOBILE,Mobile,T1,service_stop,748,223,sla-stop-rhythm-ok,6,2,I-10;US90;I-10,SAT;HOU;BEAUMONT;LAFAYETTE;GULFPORT;MOBILE,T1,16.9,14.3,24h overnight,15.8,10.9,4.0,not-time-competitive,freight-rail-wins-bulk-road-wins-express,heuristic-planning
SAT,San Antonio,T1,national_transfer_hub,LOUISVILLE,Louisville,T2,national_transfer_hub,1209,345,long-gap-review,6,3,I-35;I-30;I-40;I-65,SAT;DAL;LITTLE_ROCK;MEM;NASHVILLE;LOUISVILLE,T1,27.1,23.0,24h overnight,24.5,17.2,4.9,not-time-competitive,freight-rail-wins-bulk-road-wins-express,heuristic-planning
SAT,San Antonio,T1,national_transfer_hub,LITTLE_ROCK,Little Rock,T2,national_transfer_hub,644,345,long-gap-review,3,1,I-35;I-30,SAT;DAL;LITTLE_ROCK,T1,14.1,12.0,24h overnight,13.6,9.3,3.8,not-time-competitive,corridor-specific-rail-check-needed,heuristic-planning
SAT,San Antonio,T1,national_transfer_hub,DEN,Denver,T1,national_transfer_hub,1532,657,needs-intermediate-stops,5,1,I-35;I-70,SAT;DAL;OKC;KC;DEN,T1,33.2,28.3,36h next-day,29.7,21.1,5.6,not-time-competitive,freight-rail-wins-bulk-road-wins-express,heuristic-planning
SAT,San Antonio,T1,national_transfer_hub,COLORADO_SPRINGS,Colorado Springs,T2,service_stop,1607,657,needs-intermediate-stops,6,2,I-35;I-70;I-25,SAT;DAL;OKC;KC;DEN;COLORADO_SPRINGS,T1,35.2,30.0,36h next-day,31.4,22.3,5.7,not-time-competitive,freight-rail-wins-bulk-road-wins-express,heuristic-planning
SAT,San Antonio,T1,national_transfer_hub,CAPITAL_BELTWAY_N,Capital North,T2,service_stop,1939,382,long-gap-review,11,6,I-35;I-30;I-40;I-65;I-75;I-70;I-495,SAT;DAL;LITTLE_ROCK;MEM;NASHVILLE;LOUISVILLE;CINCINNATI;COLUMBUS;PENNSYLVANIA;DC;CAPITAL_BELTWAY_N,T1,44.1,37.3,48h two-day,38.9,27.6,6.4,not-time-competitive,freight-rail-wins-bulk-road-wins-express,heuristic-planning
SAT,San Antonio,T1,national_transfer_hub,CAPITAL_BELTWAY_E,Capital East,T2,service_stop,1950,382,long-gap-review,12,6,I-35;I-30;I-40;I-65;I-75;I-70;I-495,SAT;DAL;LITTLE_ROCK;MEM;NASHVILLE;LOUISVILLE;CINCINNATI;COLUMBUS;PENNSYLVANIA;DC;CAPITAL_BELTWAY_S;CAPITAL_BELTWAY_E,T1,44.4,37.6,48h two-day,39.1,27.7,6.4,not-time-competitive,freight-rail-wins-bulk-road-wins-express,heuristic-planning
SAT,San Antonio,T1,national_transfer_hub,CAPITAL_BELTWAY_S,Capital South,T2,service_stop,1937,382,long-gap-review,11,6,I-35;I-30;I-40;I-65;I-75;I-70;I-495,SAT;DAL;LITTLE_ROCK;MEM;NASHVILLE;LOUISVILLE;CINCINNATI;COLUMBUS;PENNSYLVANIA;DC;CAPITAL_BELTWAY_S,T1,44.0,37.3,48h two-day,38.8,27.5,6.4,not-time-competitive,freight-rail-wins-bulk-road-wins-express,heuristic-planning
SAT,San Antonio,T1,national_transfer_hub,JOPLIN,Joplin,T2,service_stop,883,374,long-gap-review,4,2,I-35;I-20;I-49,SAT;DAL;SHV;JOPLIN,T1,19.6,16.7,24h overnight,18.3,12.7,4.3,not-time-competitive,freight-rail-wins-bulk-road-wins-express,heuristic-planning
SAT,San Antonio,T1,national_transfer_hub,HAGERSTOWN,Hagerstown,T2,service_stop,1890,382,long-gap-review,10,6,I-35;I-30;I-40;I-65;I-75;I-70;I-81,SAT;DAL;LITTLE_ROCK;MEM;NASHVILLE;LOUISVILLE;CINCINNATI;COLUMBUS;PENNSYLVANIA;HAGERSTOWN,T1,42.9,36.3,48h two-day,38.0,26.9,6.3,not-time-competitive,freight-rail-wins-bulk-road-wins-express,heuristic-planning
SAT,San Antonio,T1,national_transfer_hub,STL,St. Louis,T1,national_transfer_hub,1156,352,long-gap-review,5,1,I-35;I-70,SAT;DAL;OKC;KC;STL,T1,25.2,21.4,24h overnight,22.9,16.1,4.8,not-time-competitive,freight-rail-wins-bulk-road-wins-express,heuristic-planning
SAT,San Antonio,T1,national_transfer_hub,PITTSBURGH,Pittsburgh,T2,service_stop,1857,428,needs-intermediate-stops,11,6,I-10;US90;I-10;I-65;I-20;I-85;I-77,SAT;HOU;BEAUMONT;LAFAYETTE;GULFPORT;MOBILE;BHM_APPROACH;ATL;GREENVILLE;CLT;PITTSBURGH,T1,42.3,35.8,36h next-day,37.4,26.5,6.2,not-time-competitive,freight-rail-wins-bulk-road-wins-express,heuristic-planning
SAT,San Antonio,T1,national_transfer_hub,PENNSYLVANIA,Harrisburg,T1,national_transfer_hub,1816,382,long-gap-review,9,5,I-35;I-30;I-40;I-65;I-75;I-70,SAT;DAL;LITTLE_ROCK;MEM;NASHVILLE;LOUISVILLE;CINCINNATI;COLUMBUS;PENNSYLVANIA,T1,41.0,34.7,36h next-day,36.3,25.7,6.1,not-time-competitive,freight-rail-wins-bulk-road-wins-express,heuristic-planning
SAT,San Antonio,T1,national_transfer_hub,GULFPORT,Gulfport,T2,national_transfer_hub,670,223,sla-stop-rhythm-ok,5,1,I-10;US90,SAT;HOU;BEAUMONT;LAFAYETTE;GULFPORT,T1,14.8,12.6,24h overnight,14.0,9.6,3.8,not-time-competitive,corridor-specific-rail-check-needed,heuristic-planning
SAT,San Antonio,T2,national_transfer_hub,CORPUS,Corpus Christi,T2,national_transfer_hub,153,153,sla-stop-rhythm-ok,2,0,I-37,SAT;CORPUS,T2,3.3,2.8,6h local,4.3,2.5,2.8,time-competitive,rail-often-absent-road-flexibility-case,heuristic-planning
HOU,Houston*,T1,national_transfer_hub,BEAUMONT,Beaumont,T1,service_stop,91,91,sla-stop-rhythm-ok,2,0,I-10,HOU;BEAUMONT,T1,1.9,1.7,6h local,3.2,1.7,2.7,time-competitive,corridor-specific-rail-check-needed,heuristic-planning
HOU,Houston*,T1,national_transfer_hub,LAFAYETTE,Lafayette,T1,service_stop,241,149,sla-stop-rhythm-ok,3,0,I-10,HOU;BEAUMONT;LAFAYETTE,T1,5.2,4.4,6h local,5.9,3.7,3.0,near-competitive-short-haul,corridor-specific-rail-check-needed,heuristic-planning
HOU,Houston*,T1,national_transfer_hub,NOLA,New Orleans,T1,service_stop,380,149,sla-stop-rhythm-ok,4,0,I-10,HOU;BEAUMONT;LAFAYETTE;NOLA,T1,8.2,7.0,12h half-day,8.4,5.6,3.3,not-time-competitive,corridor-specific-rail-check-needed,heuristic-planning
HOU,Houston*,T1,national_transfer_hub,TALLAHASSEE,Tallahassee,T1,service_stop,790,265,long-gap-review,6,2,I-10;US90;I-10,HOU;BEAUMONT;LAFAYETTE;GULFPORT;MOBILE;TALLAHASSEE,T1,17.8,15.1,24h overnight,16.6,11.4,4.1,not-time-competitive,freight-rail-wins-bulk-road-wins-express,heuristic-planning
HOU,Houston*,T1,national_transfer_hub,JAX,Jacksonville,T2,national_transfer_hub,970,523,needs-intermediate-stops,5,1,I-10;US90,HOU;BEAUMONT;LAFAYETTE;GULFPORT;JAX,T1,21.2,18.1,24h overnight,19.5,13.6,4.4,not-time-competitive,freight-rail-wins-bulk-road-wins-express,heuristic-planning
HOU,Houston*,T1,national_transfer_hub,DAL,Dallas,T1,national_transfer_hub,521,298,long-gap-review,3,1,I-10;I-35,HOU;SAT;DAL,T1,11.5,9.8,12h half-day,11.3,7.6,3.5,not-time-competitive,corridor-specific-rail-check-needed,heuristic-planning
HOU,Houston*,T1,national_transfer_hub,ABILENE,Abilene,T2,service_stop,485,262,long-gap-review,3,1,I-10;US83,HOU;SAT;ABILENE,T1,10.7,9.1,12h half-day,10.7,7.2,3.5,not-time-competitive,corridor-specific-rail-check-needed,heuristic-planning
HOU,Houston*,T1,national_transfer_hub,SHV,Shreveport,T1,service_stop,732,298,long-gap-review,4,2,I-10;I-35;I-20,HOU;SAT;DAL;SHV,T1,16.4,13.9,24h overnight,15.5,10.7,4.0,not-time-competitive,freight-rail-wins-bulk-road-wins-express,heuristic-planning
HOU,Houston*,T1,national_transfer_hub,BHM_APPROACH,Birmingham,T2,national_transfer_hub,772,246,sla-stop-rhythm-ok,6,3,I-10;US90;I-10;I-65,HOU;BEAUMONT;LAFAYETTE;GULFPORT;MOBILE;BHM_APPROACH,T1,17.8,15.0,24h overnight,16.6,11.4,4.0,not-time-competitive,freight-rail-wins-bulk-road-wins-express,heuristic-planning
HOU,Houston*,T1,national_transfer_hub,ATL,Atlanta,T1,national_transfer_hub,936,246,sla-stop-rhythm-ok,7,4,I-10;US90;I-10;I-65;I-20,HOU;BEAUMONT;LAFAYETTE;GULFPORT;MOBILE;BHM_APPROACH;ATL,T1,21.7,18.3,24h overnight,19.9,13.8,4.4,not-time-competitive,freight-rail-wins-bulk-road-wins-express,heuristic-planning
HOU,Houston*,T1,national_transfer_hub,COLUMBIA,Columbia,T1,service_stop,1165,246,sla-stop-rhythm-ok,8,4,I-10;US90;I-10;I-65;I-20,HOU;BEAUMONT;LAFAYETTE;GULFPORT;MOBILE;BHM_APPROACH;ATL;COLUMBIA,T1,26.7,22.5,24h overnight,24.1,16.8,4.8,not-time-competitive,freight-rail-wins-bulk-road-wins-express,heuristic-planning
HOU,Houston*,T1,national_transfer_hub,FLO,Florence,T1,transfer_hub,2313,382,long-gap-review,14,6,I-10;US90;I-10;I-65;I-75;I-70;I-95,HOU;BEAUMONT;LAFAYETTE;GULFPORT;MOBILE;BHM_APPROACH;NASHVILLE;LOUISVILLE;CINCINNATI;COLUMBUS;PENNSYLVANIA;DC;RIC;FLO,T1,52.3,44.3,48h two-day,45.7,32.5,7.1,not-time-competitive,freight-rail-wins-bulk-road-wins-express,heuristic-planning
HOU,Houston*,T1,national_transfer_hub,MIN,Minneapolis,T1,national_transfer_hub,1587,352,long-gap-review,7,1,I-10;I-35,HOU;SAT;DAL;OKC;KC;DSM;MIN,T1,34.5,29.4,36h next-day,30.7,21.9,5.7,not-time-competitive,freight-rail-wins-bulk-road-wins-express,heuristic-planning
HOU,Houston*,T1,national_transfer_hub,DSM,Des Moines,T1,transfer_hub,1309,352,long-gap-review,6,1,I-10;I-35,HOU;SAT;DAL;OKC;KC;DSM,T1,28.5,24.3,36h next-day,25.7,18.2,5.1,not-time-competitive,freight-rail-wins-bulk-road-wins-express,heuristic-planning
HOU,Houston*,T1,national_transfer_hub,KC,Kansas City,T1,national_transfer_hub,1098,352,long-gap-review,5,1,I-10;I-35,HOU;SAT;DAL;OKC;KC,T1,23.9,20.4,24h overnight,21.8,15.3,4.7,not-time-competitive,freight-rail-wins-bulk-road-wins-express,heuristic-planning
HOU,Houston*,T1,national_transfer_hub,OKC,Oklahoma City,T1,national_transfer_hub,746,298,long-gap-review,4,1,I-10;I-35,HOU;SAT;DAL;OKC,T1,16.4,13.9,24h overnight,15.4,10.6,4.0,not-time-competitive,freight-rail-wins-bulk-road-wins-express,heuristic-planning
HOU,Houston*,T1,national_transfer_hub,AMA,Amarillo,T2,service_stop,915,394,long-gap-review,4,2,I-10;I-35;US287,HOU;SAT;DAL;AMA,T1,20.3,17.3,24h overnight,18.8,13.1,4.3,not-time-competitive,freight-rail-wins-bulk-road-wins-express,heuristic-planning
HOU,Houston*,T1,national_transfer_hub,MEM,Memphis,T2,national_transfer_hub,1020,345,long-gap-review,5,2,I-10;I-35;I-30,HOU;SAT;DAL;LITTLE_ROCK;MEM,T1,22.6,19.2,24h overnight,20.7,14.5,4.5,not-time-competitive,freight-rail-wins-bulk-road-wins-express,heuristic-planning
HOU,Houston*,T1,national_transfer_hub,NASHVILLE,Nashville,T2,national_transfer_hub,987,246,sla-stop-rhythm-ok,7,3,I-10;US90;I-10;I-65,HOU;BEAUMONT;LAFAYETTE;GULFPORT;MOBILE;BHM_APPROACH;NASHVILLE,T1,22.4,19.0,24h overnight,20.5,14.3,4.5,not-time-competitive,freight-rail-wins-bulk-road-wins-express,heuristic-planning
HOU,Houston*,T1,national_transfer_hub,KNX,Knoxville,T1,transfer_hub,1176,246,sla-stop-rhythm-ok,8,4,I-10;US90;I-10;I-65;I-40,HOU;BEAUMONT;LAFAYETTE;GULFPORT;MOBILE;BHM_APPROACH;NASHVILLE;KNX,T1,26.9,22.7,24h overnight,24.3,17.0,4.9,not-time-competitive,freight-rail-wins-bulk-road-wins-express,heuristic-planning
HOU,Houston*,T1,national_transfer_hub,ASHEVILLE,Asheville,T1,service_stop,1324,246,sla-stop-rhythm-ok,10,6,I-10;US90;I-10;I-65;I-20;I-85;I-40,HOU;BEAUMONT;LAFAYETTE;GULFPORT;MOBILE;BHM_APPROACH;ATL;GREENVILLE;CLT;ASHEVILLE,T1,30.9,26.0,36h next-day,27.7,19.3,5.1,not-time-competitive,freight-rail-wins-bulk-road-wins-express,heuristic-planning
HOU,Houston*,T1,national_transfer_hub,CLT,Charlotte,T2,national_transfer_hub,1206,246,sla-stop-rhythm-ok,9,5,I-10;US90;I-10;I-65;I-20;I-85,HOU;BEAUMONT;LAFAYETTE;GULFPORT;MOBILE;BHM_APPROACH;ATL;GREENVILLE;CLT,T1,28.0,23.6,24h overnight,25.2,17.6,4.9,not-time-competitive,freight-rail-wins-bulk-road-wins-express,heuristic-planning
HOU,Houston*,T1,national_transfer_hub,RALEIGH_APPROACH,Raleigh,T1,national_transfer_hub,1359,246,sla-stop-rhythm-ok,10,6,I-10;US90;I-10;I-65;I-20;I-85;I-40,HOU;BEAUMONT;LAFAYETTE;GULFPORT;MOBILE;BHM_APPROACH;ATL;GREENVILLE;CLT;RALEIGH_APPROACH,T1,31.7,26.7,36h next-day,28.3,19.8,5.2,not-time-competitive,freight-rail-wins-bulk-road-wins-express,heuristic-planning
HOU,Houston*,T1,national_transfer_hub,INDY_APPROACH,Indianapolis,T1,national_transfer_hub,1591,246,sla-stop-rhythm-ok,11,5,I-10;US90;I-10;I-65;I-75;I-70,HOU;BEAUMONT;LAFAYETTE;GULFPORT;MOBILE;BHM_APPROACH;NASHVILLE;LOUISVILLE;CINCINNATI;COLUMBUS;INDY_APPROACH,T1,36.3,30.7,36h next-day,32.2,22.7,5.7,not-time-competitive,freight-rail-wins-bulk-road-wins-express,heuristic-planning
HOU,Houston*,T1,national_transfer_hub,FORT_WAYNE,Fort Wayne,T1,service_stop,1715,246,sla-stop-rhythm-ok,12,6,I-10;US90;I-10;I-65;I-75;I-70;I-69,HOU;BEAUMONT;LAFAYETTE;GULFPORT;MOBILE;BHM_APPROACH;NASHVILLE;LOUISVILLE;CINCINNATI;COLUMBUS;INDY_APPROACH;FORT_WAYNE,T1,39.4,33.3,36h next-day,34.8,24.6,5.9,not-time-competitive,freight-rail-wins-bulk-road-wins-express,heuristic-planning
HOU,Houston*,T1,national_transfer_hub,CHI_APPROACH,South Bend,T1,service_stop,1760,365,long-gap-review,8,3,I-10;I-35;I-80;I-69,HOU;SAT;DAL;OKC;KC;DSM;CHI;CHI_APPROACH,T1,39.0,33.1,36h next-day,34.6,24.6,6.0,not-time-competitive,freight-rail-wins-bulk-road-wins-express,heuristic-planning
HOU,Houston*,T1,national_transfer_hub,CHI,Chicago,T1,national_transfer_hub,1675,365,long-gap-review,7,2,I-10;I-35;I-80,HOU;SAT;DAL;OKC;KC;DSM;CHI,T1,36.7,31.2,36h next-day,32.6,23.2,5.8,not-time-competitive,freight-rail-wins-bulk-road-wins-express,heuristic-planning
HOU,Houston*,T1,national_transfer_hub,TOL,Toledo,T1,national_transfer_hub,1535,246,sla-stop-rhythm-ok,11,4,I-10;US90;I-10;I-65;I-75,HOU;BEAUMONT;LAFAYETTE;GULFPORT;MOBILE;BHM_APPROACH;NASHVILLE;LOUISVILLE;CINCINNATI;COLUMBUS;TOL,T1,34.8,29.5,36h next-day,30.8,21.8,5.6,not-time-competitive,freight-rail-wins-bulk-road-wins-express,heuristic-planning
HOU,Houston*,T1,national_transfer_hub,COLUMBUS,Columbus,T1,national_transfer_hub,1392,246,sla-stop-rhythm-ok,10,4,I-10;US90;I-10;I-65;I-75,HOU;BEAUMONT;LAFAYETTE;GULFPORT;MOBILE;BHM_APPROACH;NASHVILLE;LOUISVILLE;CINCINNATI;COLUMBUS,T1,31.7,26.8,36h next-day,28.2,19.9,5.3,not-time-competitive,freight-rail-wins-bulk-road-wins-express,heuristic-planning
HOU,Houston*,T1,national_transfer_hub,CINCINNATI,Cincinnati,T2,national_transfer_hub,1274,246,sla-stop-rhythm-ok,9,3,I-10;US90;I-10;I-65,HOU;BEAUMONT;LAFAYETTE;GULFPORT;MOBILE;BHM_APPROACH;NASHVILLE;LOUISVILLE;CINCINNATI,T1,28.7,24.3,36h next-day,25.7,18.1,5.0,not-time-competitive,freight-rail-wins-bulk-road-wins-express,heuristic-planning
HOU,Houston*,T1,national_transfer_hub,CHATTANOOGA,Chattanooga,T2,service_stop,932,246,sla-stop-rhythm-ok,7,4,I-10;US90;I-10;I-65;I-59,HOU;BEAUMONT;LAFAYETTE;GULFPORT;MOBILE;BHM_APPROACH;CHATTANOOGA,T1,21.6,18.2,24h overnight,19.8,13.7,4.4,not-time-competitive,freight-rail-wins-bulk-road-wins-express,heuristic-planning
HOU,Houston*,T1,national_transfer_hub,MONTGOMERY,Montgomery,T2,service_stop,1108,246,sla-stop-rhythm-ok,8,5,I-10;US90;I-10;I-65;I-20;US80,HOU;BEAUMONT;LAFAYETTE;GULFPORT;MOBILE;BHM_APPROACH;ATL;MONTGOMERY,T1,25.8,21.8,24h overnight,23.4,16.3,4.7,not-time-competitive,freight-rail-wins-bulk-road-wins-express,heuristic-planning
HOU,Houston*,T1,national_transfer_hub,GAINESVILLE,Gainesville,T1,service_stop,1300,364,long-gap-review,8,5,I-10;US90;I-10;I-65;I-20;I-75,HOU;BEAUMONT;LAFAYETTE;GULFPORT;MOBILE;BHM_APPROACH;ATL;GAINESVILLE,T1,29.9,25.2,36h next-day,26.9,18.8,5.1,not-time-competitive,freight-rail-wins-bulk-road-wins-express,heuristic-planning
HOU,Houston*,T1,national_transfer_hub,SLC,Salt Lake,T1,national_transfer_hub,2192,657,needs-intermediate-stops,7,2,I-10;I-35;I-70,HOU;SAT;DAL;OKC;KC;DEN;SLC,T1,47.7,40.7,48h two-day,42.1,30.1,6.9,not-time-competitive,freight-rail-wins-bulk-road-wins-express,heuristic-planning
HOU,Houston*,T1,national_transfer_hub,CHEYENNE,Cheyenne,T2,service_stop,1870,657,needs-intermediate-stops,7,3,I-10;I-35;I-70;I-25,HOU;SAT;DAL;OKC;KC;DEN;CHEYENNE,T1,41.2,35.0,36h next-day,36.5,26.0,6.2,not-time-competitive,freight-rail-wins-bulk-road-wins-express,heuristic-planning
HOU,Houston*,T1,national_transfer_hub,OMAHA,Omaha,T1,national_transfer_hub,1453,352,long-gap-review,7,2,I-10;I-35;I-80,HOU;SAT;DAL;OKC;KC;DSM;OMAHA,T1,32.0,27.2,36h next-day,28.6,20.3,5.4,not-time-competitive,freight-rail-wins-bulk-road-wins-express,heuristic-planning
HOU,Houston*,T1,national_transfer_hub,FARGO,Fargo,T2,service_stop,1914,461,needs-intermediate-stops,8,3,I-10;I-35;I-80;I-29,HOU;SAT;DAL;OKC;KC;DSM;OMAHA;FARGO,T1,42.3,35.9,36h next-day,37.4,26.6,6.3,not-time-competitive,freight-rail-wins-bulk-road-wins-express,heuristic-planning
HOU,Houston*,T1,national_transfer_hub,NYC,New York,T2,transfer_hub,1956,382,long-gap-review,12,6,I-10;US90;I-10;I-65;I-75;I-70;I-81,HOU;BEAUMONT;LAFAYETTE;GULFPORT;MOBILE;BHM_APPROACH;NASHVILLE;LOUISVILLE;CINCINNATI;COLUMBUS;PENNSYLVANIA;NYC,T1,44.5,37.7,48h two-day,39.2,27.8,6.4,not-time-competitive,freight-rail-wins-bulk-road-wins-express,heuristic-planning
HOU,Houston*,T1,national_transfer_hub,BIL,Billings*,T1,national_transfer_hub,1793,974,needs-intermediate-stops,5,2,I-10;US83;I-90,HOU;SAT;ABILENE;RAPID_CITY;BIL,T1,39.1,33.3,36h next-day,34.8,24.8,6.1,not-time-competitive,freight-rail-wins-bulk-road-wins-express,heuristic-planning
HOU,Houston*,T1,national_transfer_hub,RAPID_CITY,Rapid City,T2,national_transfer_hub,1459,974,needs-intermediate-stops,4,1,I-10;US83,HOU;SAT;ABILENE;RAPID_CITY,T1,31.5,26.9,36h next-day,28.4,20.2,5.4,not-time-competitive,freight-rail-wins-bulk-road-wins-express,heuristic-planning
HOU,Houston*,T1,national_transfer_hub,MILWAUKEE,Milwaukee,T1,service_stop,1772,365,long-gap-review,9,3,I-10;I-35;I-80;I-90,HOU;SAT;DAL;OKC;KC;DSM;CHI;CHI_NORTH;MILWAUKEE,T1,39.3,33.4,36h next-day,34.8,24.7,6.0,not-time-competitive,freight-rail-wins-bulk-road-wins-express,heuristic-planning
HOU,Houston*,T1,national_transfer_hub,CHI_NORTH,North Chicago,T1,service_stop,1689,365,long-gap-review,8,3,I-10;I-35;I-80;I-90,HOU;SAT;DAL;OKC;KC;DSM;CHI;CHI_NORTH,T1,37.5,31.8,36h next-day,33.3,23.6,5.9,not-time-competitive,freight-rail-wins-bulk-road-wins-express,heuristic-planning
HOU,Houston*,T1,national_transfer_hub,PHILADELPHIA,Philadelphia,T2,service_stop,1884,382,long-gap-review,12,6,I-10;US90;I-10;I-65;I-75;I-70;I-76,HOU;BEAUMONT;LAFAYETTE;GULFPORT;MOBILE;BHM_APPROACH;NASHVILLE;LOUISVILLE;CINCINNATI;COLUMBUS;PENNSYLVANIA;PHILADELPHIA,T1,43.0,36.4,48h two-day,37.9,26.8,6.3,not-time-competitive,freight-rail-wins-bulk-road-wins-express,heuristic-planning
HOU,Houston*,T1,national_transfer_hub,DC,Washington,T1,service_stop,1887,382,long-gap-review,12,5,I-10;US90;I-10;I-65;I-75;I-70,HOU;BEAUMONT;LAFAYETTE;GULFPORT;MOBILE;BHM_APPROACH;NASHVILLE;LOUISVILLE;CINCINNATI;COLUMBUS;PENNSYLVANIA;DC,T1,42.7,36.2,48h two-day,37.6,26.7,6.3,not-time-competitive,freight-rail-wins-bulk-road-wins-express,heuristic-planning
HOU,Houston*,T1,national_transfer_hub,RIC,Richmond,T1,national_transfer_hub,2000,382,long-gap-review,13,6,I-10;US90;I-10;I-65;I-75;I-70;I-95,HOU;BEAUMONT;LAFAYETTE;GULFPORT;MOBILE;BHM_APPROACH;NASHVILLE;LOUISVILLE;CINCINNATI;COLUMBUS;PENNSYLVANIA;DC;RIC,T1,45.5,38.5,48h two-day,40.0,28.4,6.5,not-time-competitive,freight-rail-wins-bulk-road-wins-express,heuristic-planning
HOU,Houston*,T1,national_transfer_hub,BEN,Benson,T1,transfer_hub,2439,382,long-gap-review,15,7,I-10;US90;I-10;I-65;I-75;I-70;I-95;I-40,HOU;BEAUMONT;LAFAYETTE;GULFPORT;MOBILE;BHM_APPROACH;NASHVILLE;LOUISVILLE;CINCINNATI;COLUMBUS;PENNSYLVANIA;DC;RIC;FLO;BEN,T1,55.4,46.9,48h two-day,48.3,34.4,7.4,not-time-competitive,freight-rail-wins-bulk-road-wins-express,heuristic-planning
HOU,Houston*,T1,national_transfer_hub,GREENVILLE,Greenville,T2,service_stop,1097,246,sla-stop-rhythm-ok,8,5,I-10;US90;I-10;I-65;I-20;I-85,HOU;BEAUMONT;LAFAYETTE;GULFPORT;MOBILE;BHM_APPROACH;ATL;GREENVILLE,T1,25.6,21.6,24h overnight,23.2,16.1,4.7,not-time-competitive,freight-rail-wins-bulk-road-wins-express,heuristic-planning
HOU,Houston*,T1,national_transfer_hub,GREENSBORO,Greensboro,T2,service_stop,1304,246,sla-stop-rhythm-ok,10,5,I-10;US90;I-10;I-65;I-20;I-85,HOU;BEAUMONT;LAFAYETTE;GULFPORT;MOBILE;BHM_APPROACH;ATL;GREENVILLE;CLT;GREENSBORO,T1,30.1,25.4,36h next-day,27.0,18.9,5.1,not-time-competitive,freight-rail-wins-bulk-road-wins-express,heuristic-planning
HOU,Houston*,T1,national_transfer_hub,MOBILE,Mobile,T1,service_stop,525,207,sla-stop-rhythm-ok,5,2,I-10;US90;I-10,HOU;BEAUMONT;LAFAYETTE;GULFPORT;MOBILE,T1,12.1,10.2,12h half-day,11.8,7.9,3.6,not-time-competitive,corridor-specific-rail-check-needed,heuristic-planning
HOU,Houston*,T1,national_transfer_hub,LOUISVILLE,Louisville,T2,national_transfer_hub,1168,246,sla-stop-rhythm-ok,8,3,I-10;US90;I-10;I-65,HOU;BEAUMONT;LAFAYETTE;GULFPORT;MOBILE;BHM_APPROACH;NASHVILLE;LOUISVILLE,T1,26.4,22.3,24h overnight,23.8,16.7,4.8,not-time-competitive,freight-rail-wins-bulk-road-wins-express,heuristic-planning
HOU,Houston*,T1,national_transfer_hub,LITTLE_ROCK,Little Rock,T2,national_transfer_hub,866,345,long-gap-review,4,2,I-10;I-35;I-30,HOU;SAT;DAL;LITTLE_ROCK,T1,19.3,16.4,24h overnight,18.0,12.5,4.2,not-time-competitive,freight-rail-wins-bulk-road-wins-express,heuristic-planning
HOU,Houston*,T1,national_transfer_hub,DEN,Denver,T1,national_transfer_hub,1755,657,needs-intermediate-stops,6,2,I-10;I-35;I-70,HOU;SAT;DAL;OKC;KC;DEN,T1,38.4,32.7,36h next-day,34.1,24.3,6.0,not-time-competitive,freight-rail-wins-bulk-road-wins-express,heuristic-planning
HOU,Houston*,T1,national_transfer_hub,COLORADO_SPRINGS,Colorado Springs,T2,service_stop,1830,657,needs-intermediate-stops,7,3,I-10;I-35;I-70;I-25,HOU;SAT;DAL;OKC;KC;DEN;COLORADO_SPRINGS,T1,40.4,34.3,36h next-day,35.8,25.5,6.2,not-time-competitive,freight-rail-wins-bulk-road-wins-express,heuristic-planning
HOU,Houston*,T1,national_transfer_hub,CAPITAL_BELTWAY_N,Capital North,T2,service_stop,1898,382,long-gap-review,13,6,I-10;US90;I-10;I-65;I-75;I-70;I-495,HOU;BEAUMONT;LAFAYETTE;GULFPORT;MOBILE;BHM_APPROACH;NASHVILLE;LOUISVILLE;CINCINNATI;COLUMBUS;PENNSYLVANIA;DC;CAPITAL_BELTWAY_N,T1,43.4,36.7,48h two-day,38.1,27.0,6.3,not-time-competitive,freight-rail-wins-bulk-road-wins-express,heuristic-planning
HOU,Houston*,T1,national_transfer_hub,CAPITAL_BELTWAY_E,Capital East,T2,service_stop,1908,382,long-gap-review,14,6,I-10;US90;I-10;I-65;I-75;I-70;I-495,HOU;BEAUMONT;LAFAYETTE;GULFPORT;MOBILE;BHM_APPROACH;NASHVILLE;LOUISVILLE;CINCINNATI;COLUMBUS;PENNSYLVANIA;DC;CAPITAL_BELTWAY_S;CAPITAL_BELTWAY_E,T1,43.7,36.9,48h two-day,38.3,27.1,6.3,not-time-competitive,freight-rail-wins-bulk-road-wins-express,heuristic-planning
HOU,Houston*,T1,national_transfer_hub,CAPITAL_BELTWAY_S,Capital South,T2,service_stop,1896,382,long-gap-review,13,6,I-10;US90;I-10;I-65;I-75;I-70;I-495,HOU;BEAUMONT;LAFAYETTE;GULFPORT;MOBILE;BHM_APPROACH;NASHVILLE;LOUISVILLE;CINCINNATI;COLUMBUS;PENNSYLVANIA;DC;CAPITAL_BELTWAY_S,T1,43.3,36.6,48h two-day,38.1,27.0,6.3,not-time-competitive,freight-rail-wins-bulk-road-wins-express,heuristic-planning
HOU,Houston*,T1,national_transfer_hub,JOPLIN,Joplin,T2,service_stop,1106,374,long-gap-review,5,3,I-10;I-35;I-20;I-49,HOU;SAT;DAL;SHV;JOPLIN,T1,24.8,21.0,24h overnight,22.7,15.8,4.7,not-time-competitive,freight-rail-wins-bulk-road-wins-express,heuristic-planning
HOU,Houston*,T1,national_transfer_hub,HAGERSTOWN,Hagerstown,T2,service_stop,1848,382,long-gap-review,12,6,I-10;US90;I-10;I-65;I-75;I-70;I-81,HOU;BEAUMONT;LAFAYETTE;GULFPORT;MOBILE;BHM_APPROACH;NASHVILLE;LOUISVILLE;CINCINNATI;COLUMBUS;PENNSYLVANIA;HAGERSTOWN,T1,42.2,35.7,36h next-day,37.2,26.3,6.2,not-time-competitive,freight-rail-wins-bulk-road-wins-express,heuristic-planning
HOU,Houston*,T1,national_transfer_hub,STL,St. Louis,T1,national_transfer_hub,1378,352,long-gap-review,6,2,I-10;I-35;I-70,HOU;SAT;DAL;OKC;KC;STL,T1,30.3,25.8,36h next-day,27.3,19.3,5.3,not-time-competitive,freight-rail-wins-bulk-road-wins-express,heuristic-planning
HOU,Houston*,T1,national_transfer_hub,PITTSBURGH,Pittsburgh,T2,service_stop,1634,428,needs-intermediate-stops,10,6,I-10;US90;I-10;I-65;I-20;I-85;I-77,HOU;BEAUMONT;LAFAYETTE;GULFPORT;MOBILE;BHM_APPROACH;ATL;GREENVILLE;CLT;PITTSBURGH,T1,37.5,31.7,36h next-day,33.3,23.5,5.8,not-time-competitive,freight-rail-wins-bulk-road-wins-express,heuristic-planning
HOU,Houston*,T1,national_transfer_hub,PENNSYLVANIA,Harrisburg,T1,national_transfer_hub,1775,382,long-gap-review,11,5,I-10;US90;I-10;I-65;I-75;I-70,HOU;BEAUMONT;LAFAYETTE;GULFPORT;MOBILE;BHM_APPROACH;NASHVILLE;LOUISVILLE;CINCINNATI;COLUMBUS;PENNSYLVANIA,T1,40.2,34.1,36h next-day,35.5,25.2,6.0,not-time-competitive,freight-rail-wins-bulk-road-wins-express,heuristic-planning
HOU,Houston*,T1,national_transfer_hub,GULFPORT,Gulfport,T2,national_transfer_hub,447,207,sla-stop-rhythm-ok,4,1,I-10;US90,HOU;BEAUMONT;LAFAYETTE;GULFPORT,T1,10.0,8.5,12h half-day,10.0,6.7,3.4,not-time-competitive,corridor-specific-rail-check-needed,heuristic-planning
HOU,Houston*,T1,national_transfer_hub,CORPUS,Corpus Christi,T2,national_transfer_hub,376,223,sla-stop-rhythm-ok,3,1,I-10;I-37,HOU;SAT;CORPUS,T1,8.4,7.2,12h half-day,8.7,5.7,3.3,not-time-competitive,corridor-specific-rail-check-needed,heuristic-planning
BEAUMONT,Beaumont,T1,service_stop,LAFAYETTE,Lafayette,T1,service_stop,149,149,sla-stop-rhythm-ok,2,0,I-10,BEAUMONT;LAFAYETTE,T1,3.2,2.7,6h local,4.2,2.5,2.8,time-competitive,corridor-specific-rail-check-needed,heuristic-planning
BEAUMONT,Beaumont,T1,service_stop,NOLA,New Orleans,T1,service_stop,289,149,sla-stop-rhythm-ok,3,0,I-10,BEAUMONT;LAFAYETTE;NOLA,T1,6.2,5.3,6h local,6.7,4.3,3.1,near-competitive-short-haul,corridor-specific-rail-check-needed,heuristic-planning
BEAUMONT,Beaumont,T1,service_stop,TALLAHASSEE,Tallahassee,T1,service_stop,699,265,long-gap-review,5,2,I-10;US90;I-10,BEAUMONT;LAFAYETTE;GULFPORT;MOBILE;TALLAHASSEE,T1,15.8,13.4,24h overnight,14.9,10.2,3.9,not-time-competitive,corridor-specific-rail-check-needed,heuristic-planning
BEAUMONT,Beaumont,T1,service_stop,JAX,Jacksonville,T2,national_transfer_hub,878,523,needs-intermediate-stops,4,1,I-10;US90,BEAUMONT;LAFAYETTE;GULFPORT;JAX,T1,19.2,16.3,24h overnight,17.8,12.4,4.3,not-time-competitive,freight-rail-wins-bulk-road-wins-express,heuristic-planning
BEAUMONT,Beaumont,T1,service_stop,DAL,Dallas,T1,national_transfer_hub,613,298,long-gap-review,4,1,I-10;I-35,BEAUMONT;HOU;SAT;DAL,T1,13.5,11.5,12h half-day,13.0,8.9,3.7,not-time-competitive,corridor-specific-rail-check-needed,heuristic-planning
BEAUMONT,Beaumont,T1,service_stop,ABILENE,Abilene,T2,service_stop,576,262,long-gap-review,4,1,I-10;US83,BEAUMONT;HOU;SAT;ABILENE,T1,12.8,10.8,12h half-day,12.3,8.4,3.7,not-time-competitive,corridor-specific-rail-check-needed,heuristic-planning
BEAUMONT,Beaumont,T1,service_stop,SHV,Shreveport,T1,service_stop,823,298,long-gap-review,5,2,I-10;I-35;I-20,BEAUMONT;HOU;SAT;DAL;SHV,T1,18.4,15.6,24h overnight,17.2,11.9,4.1,not-time-competitive,freight-rail-wins-bulk-road-wins-express,heuristic-planning
BEAUMONT,Beaumont,T1,service_stop,BHM_APPROACH,Birmingham,T2,national_transfer_hub,680,246,sla-stop-rhythm-ok,5,3,I-10;US90;I-10;I-65,BEAUMONT;LAFAYETTE;GULFPORT;MOBILE;BHM_APPROACH,T1,15.8,13.3,24h overnight,14.9,10.2,3.9,not-time-competitive,corridor-specific-rail-check-needed,heuristic-planning
BEAUMONT,Beaumont,T1,service_stop,ATL,Atlanta,T1,national_transfer_hub,845,246,sla-stop-rhythm-ok,6,4,I-10;US90;I-10;I-65;I-20,BEAUMONT;LAFAYETTE;GULFPORT;MOBILE;BHM_APPROACH;ATL,T1,19.7,16.6,24h overnight,18.3,12.6,4.2,not-time-competitive,freight-rail-wins-bulk-road-wins-express,heuristic-planning
BEAUMONT,Beaumont,T1,service_stop,COLUMBIA,Columbia,T1,service_stop,1073,246,sla-stop-rhythm-ok,7,4,I-10;US90;I-10;I-65;I-20,BEAUMONT;LAFAYETTE;GULFPORT;MOBILE;BHM_APPROACH;ATL;COLUMBIA,T1,24.6,20.8,24h overnight,22.4,15.6,4.6,not-time-competitive,freight-rail-wins-bulk-road-wins-express,heuristic-planning
BEAUMONT,Beaumont,T1,service_stop,FLO,Florence,T1,transfer_hub,2222,382,long-gap-review,13,6,I-10;US90;I-10;I-65;I-75;I-70;I-95,BEAUMONT;LAFAYETTE;GULFPORT;MOBILE;BHM_APPROACH;NASHVILLE;LOUISVILLE;CINCINNATI;COLUMBUS;PENNSYLVANIA;DC;RIC;FLO,T1,50.3,42.6,48h two-day,44.0,31.3,6.9,not-time-competitive,freight-rail-wins-bulk-road-wins-express,heuristic-planning
BEAUMONT,Beaumont,T1,service_stop,MIN,Minneapolis,T1,national_transfer_hub,1678,352,long-gap-review,8,1,I-10;I-35,BEAUMONT;HOU;SAT;DAL;OKC;KC;DSM;MIN,T1,36.5,31.1,36h next-day,32.4,23.1,5.9,not-time-competitive,freight-rail-wins-bulk-road-wins-express,heuristic-planning
BEAUMONT,Beaumont,T1,service_stop,DSM,Des Moines,T1,transfer_hub,1401,352,long-gap-review,7,1,I-10;I-35,BEAUMONT;HOU;SAT;DAL;OKC;KC;DSM,T1,30.6,26.0,36h next-day,27.3,19.4,5.3,not-time-competitive,freight-rail-wins-bulk-road-wins-express,heuristic-planning
BEAUMONT,Beaumont,T1,service_stop,KC,Kansas City,T1,national_transfer_hub,1189,352,long-gap-review,6,1,I-10;I-35,BEAUMONT;HOU;SAT;DAL;OKC;KC,T1,26.0,22.1,24h overnight,23.5,16.6,4.9,not-time-competitive,freight-rail-wins-bulk-road-wins-express,heuristic-planning
BEAUMONT,Beaumont,T1,service_stop,OKC,Oklahoma City,T1,national_transfer_hub,837,298,long-gap-review,5,1,I-10;I-35,BEAUMONT;HOU;SAT;DAL;OKC,T1,18.4,15.7,24h overnight,17.1,11.9,4.2,not-time-competitive,freight-rail-wins-bulk-road-wins-express,heuristic-planning
BEAUMONT,Beaumont,T1,service_stop,AMA,Amarillo,T2,service_stop,1006,394,long-gap-review,5,2,I-10;I-35;US287,BEAUMONT;HOU;SAT;DAL;AMA,T1,22.4,19.0,24h overnight,20.5,14.3,4.5,not-time-competitive,freight-rail-wins-bulk-road-wins-express,heuristic-planning
BEAUMONT,Beaumont,T1,service_stop,MEM,Memphis,T2,national_transfer_hub,936,256,long-gap-review,6,4,I-10;US90;I-10;I-65;I-22,BEAUMONT;LAFAYETTE;GULFPORT;MOBILE;BHM_APPROACH;MEM,T1,21.6,18.3,24h overnight,19.9,13.8,4.4,not-time-competitive,freight-rail-wins-bulk-road-wins-express,heuristic-planning
BEAUMONT,Beaumont,T1,service_stop,NASHVILLE,Nashville,T2,national_transfer_hub,895,246,sla-stop-rhythm-ok,6,3,I-10;US90;I-10;I-65,BEAUMONT;LAFAYETTE;GULFPORT;MOBILE;BHM_APPROACH;NASHVILLE,T1,20.4,17.3,24h overnight,18.8,13.0,4.3,not-time-competitive,freight-rail-wins-bulk-road-wins-express,heuristic-planning
BEAUMONT,Beaumont,T1,service_stop,KNX,Knoxville,T1,transfer_hub,1085,246,sla-stop-rhythm-ok,7,4,I-10;US90;I-10;I-65;I-40,BEAUMONT;LAFAYETTE;GULFPORT;MOBILE;BHM_APPROACH;NASHVILLE;KNX,T1,24.9,21.0,24h overnight,22.6,15.8,4.7,not-time-competitive,freight-rail-wins-bulk-road-wins-express,heuristic-planning
BEAUMONT,Beaumont,T1,service_stop,ASHEVILLE,Asheville,T1,service_stop,1232,246,sla-stop-rhythm-ok,9,6,I-10;US90;I-10;I-65;I-20;I-85;I-40,BEAUMONT;LAFAYETTE;GULFPORT;MOBILE;BHM_APPROACH;ATL;GREENVILLE;CLT;ASHEVILLE,T1,28.9,24.3,36h next-day,26.0,18.1,5.0,not-time-competitive,freight-rail-wins-bulk-road-wins-express,heuristic-planning
BEAUMONT,Beaumont,T1,service_stop,CLT,Charlotte,T2,national_transfer_hub,1115,246,sla-stop-rhythm-ok,8,5,I-10;US90;I-10;I-65;I-20;I-85,BEAUMONT;LAFAYETTE;GULFPORT;MOBILE;BHM_APPROACH;ATL;GREENVILLE;CLT,T1,25.9,21.9,24h overnight,23.5,16.4,4.7,not-time-competitive,freight-rail-wins-bulk-road-wins-express,heuristic-planning
BEAUMONT,Beaumont,T1,service_stop,RALEIGH_APPROACH,Raleigh,T1,national_transfer_hub,1267,246,sla-stop-rhythm-ok,9,6,I-10;US90;I-10;I-65;I-20;I-85;I-40,BEAUMONT;LAFAYETTE;GULFPORT;MOBILE;BHM_APPROACH;ATL;GREENVILLE;CLT;RALEIGH_APPROACH,T1,29.6,25.0,36h next-day,26.6,18.6,5.0,not-time-competitive,freight-rail-wins-bulk-road-wins-express,heuristic-planning
BEAUMONT,Beaumont,T1,service_stop,INDY_APPROACH,Indianapolis,T1,national_transfer_hub,1499,246,sla-stop-rhythm-ok,10,5,I-10;US90;I-10;I-65;I-75;I-70,BEAUMONT;LAFAYETTE;GULFPORT;MOBILE;BHM_APPROACH;NASHVILLE;LOUISVILLE;CINCINNATI;COLUMBUS;INDY_APPROACH,T1,34.3,29.0,36h next-day,30.5,21.5,5.5,not-time-competitive,freight-rail-wins-bulk-road-wins-express,heuristic-planning
BEAUMONT,Beaumont,T1,service_stop,FORT_WAYNE,Fort Wayne,T1,service_stop,1623,246,sla-stop-rhythm-ok,11,6,I-10;US90;I-10;I-65;I-75;I-70;I-69,BEAUMONT;LAFAYETTE;GULFPORT;MOBILE;BHM_APPROACH;NASHVILLE;LOUISVILLE;CINCINNATI;COLUMBUS;INDY_APPROACH;FORT_WAYNE,T1,37.4,31.6,36h next-day,33.1,23.3,5.7,not-time-competitive,freight-rail-wins-bulk-road-wins-express,heuristic-planning
BEAUMONT,Beaumont,T1,service_stop,CHI_APPROACH,South Bend,T1,service_stop,1851,365,long-gap-review,9,3,I-10;I-35;I-80;I-69,BEAUMONT;HOU;SAT;DAL;OKC;KC;DSM;CHI;CHI_APPROACH,T1,41.0,34.8,36h next-day,36.2,25.8,6.2,not-time-competitive,freight-rail-wins-bulk-road-wins-express,heuristic-planning
BEAUMONT,Beaumont,T1,service_stop,CHI,Chicago,T1,national_transfer_hub,1766,365,long-gap-review,8,2,I-10;I-35;I-80,BEAUMONT;HOU;SAT;DAL;OKC;KC;DSM;CHI,T1,38.8,33.0,36h next-day,34.3,24.4,6.0,not-time-competitive,freight-rail-wins-bulk-road-wins-express,heuristic-planning
BEAUMONT,Beaumont,T1,service_stop,TOL,Toledo,T1,national_transfer_hub,1444,246,sla-stop-rhythm-ok,10,4,I-10;US90;I-10;I-65;I-75,BEAUMONT;LAFAYETTE;GULFPORT;MOBILE;BHM_APPROACH;NASHVILLE;LOUISVILLE;CINCINNATI;COLUMBUS;TOL,T1,32.8,27.7,36h next-day,29.1,20.5,5.4,not-time-competitive,freight-rail-wins-bulk-road-wins-express,heuristic-planning
BEAUMONT,Beaumont,T1,service_stop,COLUMBUS,Columbus,T1,national_transfer_hub,1301,246,sla-stop-rhythm-ok,9,4,I-10;US90;I-10;I-65;I-75,BEAUMONT;LAFAYETTE;GULFPORT;MOBILE;BHM_APPROACH;NASHVILLE;LOUISVILLE;CINCINNATI;COLUMBUS,T1,29.6,25.1,36h next-day,26.6,18.6,5.1,not-time-competitive,freight-rail-wins-bulk-road-wins-express,heuristic-planning
BEAUMONT,Beaumont,T1,service_stop,CINCINNATI,Cincinnati,T2,national_transfer_hub,1183,246,sla-stop-rhythm-ok,8,3,I-10;US90;I-10;I-65,BEAUMONT;LAFAYETTE;GULFPORT;MOBILE;BHM_APPROACH;NASHVILLE;LOUISVILLE;CINCINNATI,T1,26.7,22.6,24h overnight,24.1,16.9,4.9,not-time-competitive,freight-rail-wins-bulk-road-wins-express,heuristic-planning
BEAUMONT,Beaumont,T1,service_stop,CHATTANOOGA,Chattanooga,T2,service_stop,840,246,sla-stop-rhythm-ok,6,4,I-10;US90;I-10;I-65;I-59,BEAUMONT;LAFAYETTE;GULFPORT;MOBILE;BHM_APPROACH;CHATTANOOGA,T1,19.6,16.5,24h overnight,18.2,12.5,4.2,not-time-competitive,freight-rail-wins-bulk-road-wins-express,heuristic-planning
BEAUMONT,Beaumont,T1,service_stop,MONTGOMERY,Montgomery,T2,service_stop,1017,246,sla-stop-rhythm-ok,7,5,I-10;US90;I-10;I-65;I-20;US80,BEAUMONT;LAFAYETTE;GULFPORT;MOBILE;BHM_APPROACH;ATL;MONTGOMERY,T1,23.8,20.0,24h overnight,21.7,15.1,4.5,not-time-competitive,freight-rail-wins-bulk-road-wins-express,heuristic-planning
BEAUMONT,Beaumont,T1,service_stop,GAINESVILLE,Gainesville,T1,service_stop,1209,364,long-gap-review,7,5,I-10;US90;I-10;I-65;I-20;I-75,BEAUMONT;LAFAYETTE;GULFPORT;MOBILE;BHM_APPROACH;ATL;GAINESVILLE,T1,27.9,23.5,24h overnight,25.2,17.6,4.9,not-time-competitive,freight-rail-wins-bulk-road-wins-express,heuristic-planning
BEAUMONT,Beaumont,T1,service_stop,SLC,Salt Lake,T1,national_transfer_hub,2284,657,needs-intermediate-stops,8,2,I-10;I-35;I-70,BEAUMONT;HOU;SAT;DAL;OKC;KC;DEN;SLC,T1,49.8,42.4,48h two-day,43.7,31.4,7.1,not-time-competitive,freight-rail-wins-bulk-road-wins-express,heuristic-planning
BEAUMONT,Beaumont,T1,service_stop,CHEYENNE,Cheyenne,T2,service_stop,1961,657,needs-intermediate-stops,8,3,I-10;I-35;I-70;I-25,BEAUMONT;HOU;SAT;DAL;OKC;KC;DEN;CHEYENNE,T1,43.3,36.8,48h two-day,38.2,27.3,6.4,not-time-competitive,freight-rail-wins-bulk-road-wins-express,heuristic-planning
BEAUMONT,Beaumont,T1,service_stop,OMAHA,Omaha,T1,national_transfer_hub,1545,352,long-gap-review,8,2,I-10;I-35;I-80,BEAUMONT;HOU;SAT;DAL;OKC;KC;DSM;OMAHA,T1,34.0,28.9,36h next-day,30.3,21.5,5.6,not-time-competitive,freight-rail-wins-bulk-road-wins-express,heuristic-planning
BEAUMONT,Beaumont,T1,service_stop,FARGO,Fargo,T2,service_stop,2006,461,needs-intermediate-stops,9,3,I-10;I-35;I-80;I-29,BEAUMONT;HOU;SAT;DAL;OKC;KC;DSM;OMAHA;FARGO,T1,44.3,37.6,48h two-day,39.0,27.8,6.5,not-time-competitive,freight-rail-wins-bulk-road-wins-express,heuristic-planning
BEAUMONT,Beaumont,T1,service_stop,NYC,New York,T2,transfer_hub,1865,382,long-gap-review,11,6,I-10;US90;I-10;I-65;I-75;I-70;I-81,BEAUMONT;LAFAYETTE;GULFPORT;MOBILE;BHM_APPROACH;NASHVILLE;LOUISVILLE;CINCINNATI;COLUMBUS;PENNSYLVANIA;NYC,T1,42.5,35.9,36h next-day,37.5,26.6,6.2,not-time-competitive,freight-rail-wins-bulk-road-wins-express,heuristic-planning
BEAUMONT,Beaumont,T1,service_stop,BIL,Billings*,T1,national_transfer_hub,1884,974,needs-intermediate-stops,6,2,I-10;US83;I-90,BEAUMONT;HOU;SAT;ABILENE;RAPID_CITY;BIL,T1,41.1,35.0,36h next-day,36.5,26.0,6.3,not-time-competitive,freight-rail-wins-bulk-road-wins-express,heuristic-planning
BEAUMONT,Beaumont,T1,service_stop,RAPID_CITY,Rapid City,T2,national_transfer_hub,1550,974,needs-intermediate-stops,5,1,I-10;US83,BEAUMONT;HOU;SAT;ABILENE;RAPID_CITY,T1,33.6,28.6,36h next-day,30.0,21.4,5.6,not-time-competitive,freight-rail-wins-bulk-road-wins-express,heuristic-planning
BEAUMONT,Beaumont,T1,service_stop,MILWAUKEE,Milwaukee,T1,service_stop,1863,365,long-gap-review,10,3,I-10;I-35;I-80;I-90,BEAUMONT;HOU;SAT;DAL;OKC;KC;DSM;CHI;CHI_NORTH;MILWAUKEE,T1,41.3,35.1,36h next-day,36.4,25.9,6.2,not-time-competitive,freight-rail-wins-bulk-road-wins-express,heuristic-planning
BEAUMONT,Beaumont,T1,service_stop,CHI_NORTH,North Chicago,T1,service_stop,1780,365,long-gap-review,9,3,I-10;I-35;I-80;I-90,BEAUMONT;HOU;SAT;DAL;OKC;KC;DSM;CHI;CHI_NORTH,T1,39.5,33.5,36h next-day,34.9,24.8,6.1,not-time-competitive,freight-rail-wins-bulk-road-wins-express,heuristic-planning
BEAUMONT,Beaumont,T1,service_stop,PHILADELPHIA,Philadelphia,T2,service_stop,1793,382,long-gap-review,11,6,I-10;US90;I-10;I-65;I-75;I-70;I-76,BEAUMONT;LAFAYETTE;GULFPORT;MOBILE;BHM_APPROACH;NASHVILLE;LOUISVILLE;CINCINNATI;COLUMBUS;PENNSYLVANIA;PHILADELPHIA,T1,41.0,34.6,36h next-day,36.2,25.6,6.1,not-time-competitive,freight-rail-wins-bulk-road-wins-express,heuristic-planning
BEAUMONT,Beaumont,T1,service_stop,DC,Washington,T1,service_stop,1795,382,long-gap-review,11,5,I-10;US90;I-10;I-65;I-75;I-70,BEAUMONT;LAFAYETTE;GULFPORT;MOBILE;BHM_APPROACH;NASHVILLE;LOUISVILLE;CINCINNATI;COLUMBUS;PENNSYLVANIA;DC,T1,40.7,34.4,36h next-day,35.9,25.4,6.1,not-time-competitive,freight-rail-wins-bulk-road-wins-express,heuristic-planning
BEAUMONT,Beaumont,T1,service_stop,RIC,Richmond,T1,national_transfer_hub,1909,382,long-gap-review,12,6,I-10;US90;I-10;I-65;I-75;I-70;I-95,BEAUMONT;LAFAYETTE;GULFPORT;MOBILE;BHM_APPROACH;NASHVILLE;LOUISVILLE;CINCINNATI;COLUMBUS;PENNSYLVANIA;DC;RIC,T1,43.5,36.8,48h two-day,38.3,27.2,6.3,not-time-competitive,freight-rail-wins-bulk-road-wins-express,heuristic-planning
BEAUMONT,Beaumont,T1,service_stop,BEN,Benson,T1,transfer_hub,2348,382,long-gap-review,14,7,I-10;US90;I-10;I-65;I-75;I-70;I-95;I-40,BEAUMONT;LAFAYETTE;GULFPORT;MOBILE;BHM_APPROACH;NASHVILLE;LOUISVILLE;CINCINNATI;COLUMBUS;PENNSYLVANIA;DC;RIC;FLO;BEN,T1,53.4,45.2,48h two-day,46.6,33.2,7.2,not-time-competitive,freight-rail-wins-bulk-road-wins-express,heuristic-planning
BEAUMONT,Beaumont,T1,service_stop,GREENVILLE,Greenville,T2,service_stop,1006,246,sla-stop-rhythm-ok,7,5,I-10;US90;I-10;I-65;I-20;I-85,BEAUMONT;LAFAYETTE;GULFPORT;MOBILE;BHM_APPROACH;ATL;GREENVILLE,T1,23.6,19.8,24h overnight,21.5,14.9,4.5,not-time-competitive,freight-rail-wins-bulk-road-wins-express,heuristic-planning
BEAUMONT,Beaumont,T1,service_stop,GREENSBORO,Greensboro,T2,service_stop,1212,246,sla-stop-rhythm-ok,9,5,I-10;US90;I-10;I-65;I-20;I-85,BEAUMONT;LAFAYETTE;GULFPORT;MOBILE;BHM_APPROACH;ATL;GREENVILLE;CLT;GREENSBORO,T1,28.1,23.7,24h overnight,25.3,17.7,4.9,not-time-competitive,freight-rail-wins-bulk-road-wins-express,heuristic-planning
BEAUMONT,Beaumont,T1,service_stop,MOBILE,Mobile,T1,service_stop,434,207,sla-stop-rhythm-ok,4,2,I-10;US90;I-10,BEAUMONT;LAFAYETTE;GULFPORT;MOBILE,T1,10.1,8.5,12h half-day,10.1,6.7,3.4,not-time-competitive,corridor-specific-rail-check-needed,heuristic-planning
BEAUMONT,Beaumont,T1,service_stop,LOUISVILLE,Louisville,T2,national_transfer_hub,1076,246,sla-stop-rhythm-ok,7,3,I-10;US90;I-10;I-65,BEAUMONT;LAFAYETTE;GULFPORT;MOBILE;BHM_APPROACH;NASHVILLE;LOUISVILLE,T1,24.3,20.6,24h overnight,22.1,15.4,4.7,not-time-competitive,freight-rail-wins-bulk-road-wins-express,heuristic-planning
BEAUMONT,Beaumont,T1,service_stop,LITTLE_ROCK,Little Rock,T2,national_transfer_hub,958,345,long-gap-review,5,2,I-10;I-35;I-30,BEAUMONT;HOU;SAT;DAL;LITTLE_ROCK,T1,21.3,18.1,24h overnight,19.6,13.7,4.4,not-time-competitive,freight-rail-wins-bulk-road-wins-express,heuristic-planning
BEAUMONT,Beaumont,T1,service_stop,DEN,Denver,T1,national_transfer_hub,1847,657,needs-intermediate-stops,7,2,I-10;I-35;I-70,BEAUMONT;HOU;SAT;DAL;OKC;KC;DEN,T1,40.4,34.4,36h next-day,35.8,25.5,6.2,not-time-competitive,freight-rail-wins-bulk-road-wins-express,heuristic-planning
BEAUMONT,Beaumont,T1,service_stop,COLORADO_SPRINGS,Colorado Springs,T2,service_stop,1922,657,needs-intermediate-stops,8,3,I-10;I-35;I-70;I-25,BEAUMONT;HOU;SAT;DAL;OKC;KC;DEN;COLORADO_SPRINGS,T1,42.4,36.0,48h two-day,37.5,26.7,6.3,not-time-competitive,freight-rail-wins-bulk-road-wins-express,heuristic-planning
BEAUMONT,Beaumont,T1,service_stop,CAPITAL_BELTWAY_N,Capital North,T2,service_stop,1806,382,long-gap-review,12,6,I-10;US90;I-10;I-65;I-75;I-70;I-495,BEAUMONT;LAFAYETTE;GULFPORT;MOBILE;BHM_APPROACH;NASHVILLE;LOUISVILLE;CINCINNATI;COLUMBUS;PENNSYLVANIA;DC;CAPITAL_BELTWAY_N,T1,41.3,34.9,36h next-day,36.4,25.8,6.1,not-time-competitive,freight-rail-wins-bulk-road-wins-express,heuristic-planning
BEAUMONT,Beaumont,T1,service_stop,CAPITAL_BELTWAY_E,Capital East,T2,service_stop,1817,382,long-gap-review,13,6,I-10;US90;I-10;I-65;I-75;I-70;I-495,BEAUMONT;LAFAYETTE;GULFPORT;MOBILE;BHM_APPROACH;NASHVILLE;LOUISVILLE;CINCINNATI;COLUMBUS;PENNSYLVANIA;DC;CAPITAL_BELTWAY_S;CAPITAL_BELTWAY_E,T1,41.6,35.2,36h next-day,36.6,25.9,6.1,not-time-competitive,freight-rail-wins-bulk-road-wins-express,heuristic-planning
BEAUMONT,Beaumont,T1,service_stop,CAPITAL_BELTWAY_S,Capital South,T2,service_stop,1804,382,long-gap-review,12,6,I-10;US90;I-10;I-65;I-75;I-70;I-495,BEAUMONT;LAFAYETTE;GULFPORT;MOBILE;BHM_APPROACH;NASHVILLE;LOUISVILLE;CINCINNATI;COLUMBUS;PENNSYLVANIA;DC;CAPITAL_BELTWAY_S,T1,41.3,34.9,36h next-day,36.4,25.8,6.1,not-time-competitive,freight-rail-wins-bulk-road-wins-express,heuristic-planning
BEAUMONT,Beaumont,T1,service_stop,JOPLIN,Joplin,T2,service_stop,1197,374,long-gap-review,6,3,I-10;I-35;I-20;I-49,BEAUMONT;HOU;SAT;DAL;SHV;JOPLIN,T1,26.8,22.8,24h overnight,24.3,17.1,4.9,not-time-competitive,freight-rail-wins-bulk-road-wins-express,heuristic-planning
BEAUMONT,Beaumont,T1,service_stop,HAGERSTOWN,Hagerstown,T2,service_stop,1757,382,long-gap-review,11,6,I-10;US90;I-10;I-65;I-75;I-70;I-81,BEAUMONT;LAFAYETTE;GULFPORT;MOBILE;BHM_APPROACH;NASHVILLE;LOUISVILLE;CINCINNATI;COLUMBUS;PENNSYLVANIA;HAGERSTOWN,T1,40.2,34.0,36h next-day,35.5,25.1,6.0,not-time-competitive,freight-rail-wins-bulk-road-wins-express,heuristic-planning
BEAUMONT,Beaumont,T1,service_stop,STL,St. Louis,T1,national_transfer_hub,1470,352,long-gap-review,7,2,I-10;I-35;I-70,BEAUMONT;HOU;SAT;DAL;OKC;KC;STL,T1,32.4,27.5,36h next-day,28.9,20.5,5.4,not-time-competitive,freight-rail-wins-bulk-road-wins-express,heuristic-planning
BEAUMONT,Beaumont,T1,service_stop,PITTSBURGH,Pittsburgh,T2,service_stop,1543,428,needs-intermediate-stops,9,6,I-10;US90;I-10;I-65;I-20;I-85;I-77,BEAUMONT;LAFAYETTE;GULFPORT;MOBILE;BHM_APPROACH;ATL;GREENVILLE;CLT;PITTSBURGH,T1,35.5,30.0,36h next-day,31.7,22.3,5.6,not-time-competitive,freight-rail-wins-bulk-road-wins-express,heuristic-planning
BEAUMONT,Beaumont,T1,service_stop,PENNSYLVANIA,Harrisburg,T1,national_transfer_hub,1683,382,long-gap-review,10,5,I-10;US90;I-10;I-65;I-75;I-70,BEAUMONT;LAFAYETTE;GULFPORT;MOBILE;BHM_APPROACH;NASHVILLE;LOUISVILLE;CINCINNATI;COLUMBUS;PENNSYLVANIA,T1,38.2,32.3,36h next-day,33.9,23.9,5.9,not-time-competitive,freight-rail-wins-bulk-road-wins-express,heuristic-planning
BEAUMONT,Beaumont,T1,service_stop,GULFPORT,Gulfport,T2,national_transfer_hub,356,207,sla-stop-rhythm-ok,3,1,I-10;US90,BEAUMONT;LAFAYETTE;GULFPORT,T1,8.0,6.8,12h half-day,8.3,5.4,3.2,not-time-competitive,corridor-specific-rail-check-needed,heuristic-planning
BEAUMONT,Beaumont,T1,service_stop,CORPUS,Corpus Christi,T2,national_transfer_hub,468,223,sla-stop-rhythm-ok,4,1,I-10;I-37,BEAUMONT;HOU;SAT;CORPUS,T1,10.5,8.9,12h half-day,10.4,6.9,3.4,not-time-competitive,corridor-specific-rail-check-needed,heuristic-planning
LAFAYETTE,Lafayette,T1,service_stop,NOLA,New Orleans,T1,service_stop,139,139,sla-stop-rhythm-ok,2,0,I-10,LAFAYETTE;NOLA,T1,3.0,2.5,6h local,4.0,2.4,2.8,time-competitive,corridor-specific-rail-check-needed,heuristic-planning
LAFAYETTE,Lafayette,T2,service_stop,TALLAHASSEE,Tallahassee,T1,service_stop,550,265,long-gap-review,4,1,US90;I-10,LAFAYETTE;GULFPORT;MOBILE;TALLAHASSEE,T1,12.2,10.4,12h half-day,11.8,8.0,3.6,not-time-competitive,corridor-specific-rail-check-needed,heuristic-planning
LAFAYETTE,Lafayette,T2,service_stop,JAX,Jacksonville,T2,national_transfer_hub,729,523,needs-intermediate-stops,3,0,US90,LAFAYETTE;GULFPORT;JAX,T2,15.6,13.3,24h overnight,14.8,10.2,4.0,not-time-competitive,freight-rail-wins-bulk-road-wins-express,heuristic-planning
LAFAYETTE,Lafayette,T1,service_stop,DAL,Dallas,T1,national_transfer_hub,762,298,long-gap-review,5,1,I-10;I-35,LAFAYETTE;BEAUMONT;HOU;SAT;DAL,T1,16.8,14.3,24h overnight,15.7,10.9,4.0,not-time-competitive,freight-rail-wins-bulk-road-wins-express,heuristic-planning
LAFAYETTE,Lafayette,T1,service_stop,ABILENE,Abilene,T2,service_stop,725,262,long-gap-review,5,1,I-10;US83,LAFAYETTE;BEAUMONT;HOU;SAT;ABILENE,T1,16.0,13.6,24h overnight,15.0,10.4,4.0,not-time-competitive,freight-rail-wins-bulk-road-wins-express,heuristic-planning
LAFAYETTE,Lafayette,T1,service_stop,SHV,Shreveport,T1,service_stop,972,298,long-gap-review,6,2,I-10;I-35;I-20,LAFAYETTE;BEAUMONT;HOU;SAT;DAL;SHV,T1,21.7,18.4,24h overnight,19.9,13.9,4.4,not-time-competitive,freight-rail-wins-bulk-road-wins-express,heuristic-planning
LAFAYETTE,Lafayette,T2,service_stop,BHM_APPROACH,Birmingham,T2,national_transfer_hub,531,246,sla-stop-rhythm-ok,4,2,US90;I-10;I-65,LAFAYETTE;GULFPORT;MOBILE;BHM_APPROACH,T1,12.2,10.3,12h half-day,11.9,8.0,3.6,not-time-competitive,corridor-specific-rail-check-needed,heuristic-planning
LAFAYETTE,Lafayette,T2,service_stop,ATL,Atlanta,T1,national_transfer_hub,696,246,sla-stop-rhythm-ok,5,3,US90;I-10;I-65;I-20,LAFAYETTE;GULFPORT;MOBILE;BHM_APPROACH;ATL,T1,16.1,13.6,24h overnight,15.2,10.4,3.9,not-time-competitive,corridor-specific-rail-check-needed,heuristic-planning
LAFAYETTE,Lafayette,T2,service_stop,COLUMBIA,Columbia,T1,service_stop,924,246,sla-stop-rhythm-ok,6,3,US90;I-10;I-65;I-20,LAFAYETTE;GULFPORT;MOBILE;BHM_APPROACH;ATL;COLUMBIA,T1,21.0,17.8,24h overnight,19.3,13.4,4.3,not-time-competitive,freight-rail-wins-bulk-road-wins-express,heuristic-planning
LAFAYETTE,Lafayette,T2,service_stop,FLO,Florence,T1,transfer_hub,2073,382,long-gap-review,12,5,US90;I-10;I-65;I-75;I-70;I-95,LAFAYETTE;GULFPORT;MOBILE;BHM_APPROACH;NASHVILLE;LOUISVILLE;CINCINNATI;COLUMBUS;PENNSYLVANIA;DC;RIC;FLO,T1,46.6,39.5,48h two-day,40.9,29.1,6.6,not-time-competitive,freight-rail-wins-bulk-road-wins-express,heuristic-planning
LAFAYETTE,Lafayette,T1,service_stop,MIN,Minneapolis,T1,national_transfer_hub,1827,352,long-gap-review,9,1,I-10;I-35,LAFAYETTE;BEAUMONT;HOU;SAT;DAL;OKC;KC;DSM;MIN,T1,39.8,33.9,36h next-day,35.1,25.1,6.2,not-time-competitive,freight-rail-wins-bulk-road-wins-express,heuristic-planning
LAFAYETTE,Lafayette,T1,service_stop,DSM,Des Moines,T1,transfer_hub,1550,352,long-gap-review,8,1,I-10;I-35,LAFAYETTE;BEAUMONT;HOU;SAT;DAL;OKC;KC;DSM,T1,33.8,28.8,36h next-day,30.0,21.4,5.6,not-time-competitive,freight-rail-wins-bulk-road-wins-express,heuristic-planning
LAFAYETTE,Lafayette,T1,service_stop,KC,Kansas City,T1,national_transfer_hub,1338,352,long-gap-review,7,1,I-10;I-35,LAFAYETTE;BEAUMONT;HOU;SAT;DAL;OKC;KC,T1,29.2,24.9,36h next-day,26.2,18.5,5.2,not-time-competitive,freight-rail-wins-bulk-road-wins-express,heuristic-planning
LAFAYETTE,Lafayette,T1,service_stop,OKC,Oklahoma City,T1,national_transfer_hub,986,298,long-gap-review,6,1,I-10;I-35,LAFAYETTE;BEAUMONT;HOU;SAT;DAL;OKC,T1,21.7,18.4,24h overnight,19.8,13.9,4.5,not-time-competitive,freight-rail-wins-bulk-road-wins-express,heuristic-planning
LAFAYETTE,Lafayette,T1,service_stop,AMA,Amarillo,T2,service_stop,1156,394,long-gap-review,6,2,I-10;I-35;US287,LAFAYETTE;BEAUMONT;HOU;SAT;DAL;AMA,T1,25.6,21.8,24h overnight,23.2,16.3,4.8,not-time-competitive,freight-rail-wins-bulk-road-wins-express,heuristic-planning
LAFAYETTE,Lafayette,T2,service_stop,MEM,Memphis,T2,national_transfer_hub,787,256,long-gap-review,5,3,US90;I-10;I-65;I-22,LAFAYETTE;GULFPORT;MOBILE;BHM_APPROACH;MEM,T1,18.0,15.2,24h overnight,16.9,11.6,4.1,not-time-competitive,freight-rail-wins-bulk-road-wins-express,heuristic-planning
LAFAYETTE,Lafayette,T2,service_stop,NASHVILLE,Nashville,T2,national_transfer_hub,746,246,sla-stop-rhythm-ok,5,2,US90;I-10;I-65,LAFAYETTE;GULFPORT;MOBILE;BHM_APPROACH;NASHVILLE,T1,16.8,14.2,24h overnight,15.8,10.8,4.0,not-time-competitive,freight-rail-wins-bulk-road-wins-express,heuristic-planning
LAFAYETTE,Lafayette,T2,service_stop,KNX,Knoxville,T1,transfer_hub,935,246,sla-stop-rhythm-ok,6,3,US90;I-10;I-65;I-40,LAFAYETTE;GULFPORT;MOBILE;BHM_APPROACH;NASHVILLE;KNX,T1,21.3,18.0,24h overnight,19.6,13.6,4.4,not-time-competitive,freight-rail-wins-bulk-road-wins-express,heuristic-planning
LAFAYETTE,Lafayette,T2,service_stop,ASHEVILLE,Asheville,T1,service_stop,1083,246,sla-stop-rhythm-ok,8,5,US90;I-10;I-65;I-20;I-85;I-40,LAFAYETTE;GULFPORT;MOBILE;BHM_APPROACH;ATL;GREENVILLE;CLT;ASHEVILLE,T1,25.3,21.3,24h overnight,22.9,15.9,4.7,not-time-competitive,freight-rail-wins-bulk-road-wins-express,heuristic-planning
LAFAYETTE,Lafayette,T2,service_stop,CLT,Charlotte,T2,national_transfer_hub,966,246,sla-stop-rhythm-ok,7,4,US90;I-10;I-65;I-20;I-85,LAFAYETTE;GULFPORT;MOBILE;BHM_APPROACH;ATL;GREENVILLE;CLT,T1,22.3,18.9,24h overnight,20.5,14.2,4.4,not-time-competitive,freight-rail-wins-bulk-road-wins-express,heuristic-planning
LAFAYETTE,Lafayette,T2,service_stop,RALEIGH_APPROACH,Raleigh,T1,national_transfer_hub,1118,246,sla-stop-rhythm-ok,8,5,US90;I-10;I-65;I-20;I-85;I-40,LAFAYETTE;GULFPORT;MOBILE;BHM_APPROACH;ATL;GREENVILLE;CLT;RALEIGH_APPROACH,T1,26.0,21.9,24h overnight,23.6,16.4,4.7,not-time-competitive,freight-rail-wins-bulk-road-wins-express,heuristic-planning
LAFAYETTE,Lafayette,T2,service_stop,INDY_APPROACH,Indianapolis,T1,national_transfer_hub,1350,246,sla-stop-rhythm-ok,9,4,US90;I-10;I-65;I-75;I-70,LAFAYETTE;GULFPORT;MOBILE;BHM_APPROACH;NASHVILLE;LOUISVILLE;CINCINNATI;COLUMBUS;INDY_APPROACH,T1,30.7,26.0,36h next-day,27.4,19.3,5.2,not-time-competitive,freight-rail-wins-bulk-road-wins-express,heuristic-planning
LAFAYETTE,Lafayette,T2,service_stop,FORT_WAYNE,Fort Wayne,T1,service_stop,1474,246,sla-stop-rhythm-ok,10,5,US90;I-10;I-65;I-75;I-70;I-69,LAFAYETTE;GULFPORT;MOBILE;BHM_APPROACH;NASHVILLE;LOUISVILLE;CINCINNATI;COLUMBUS;INDY_APPROACH;FORT_WAYNE,T1,33.8,28.5,36h next-day,30.1,21.2,5.4,not-time-competitive,freight-rail-wins-bulk-road-wins-express,heuristic-planning
LAFAYETTE,Lafayette,T1,service_stop,CHI_APPROACH,South Bend,T1,service_stop,2001,365,long-gap-review,10,3,I-10;I-35;I-80;I-69,LAFAYETTE;BEAUMONT;HOU;SAT;DAL;OKC;KC;DSM;CHI;CHI_APPROACH,T1,44.3,37.6,48h two-day,38.9,27.8,6.5,not-time-competitive,freight-rail-wins-bulk-road-wins-express,heuristic-planning
LAFAYETTE,Lafayette,T1,service_stop,CHI,Chicago,T1,national_transfer_hub,1915,365,long-gap-review,9,2,I-10;I-35;I-80,LAFAYETTE;BEAUMONT;HOU;SAT;DAL;OKC;KC;DSM;CHI,T1,42.0,35.7,36h next-day,37.0,26.4,6.3,not-time-competitive,freight-rail-wins-bulk-road-wins-express,heuristic-planning
LAFAYETTE,Lafayette,T2,service_stop,TOL,Toledo,T1,national_transfer_hub,1295,246,sla-stop-rhythm-ok,9,3,US90;I-10;I-65;I-75,LAFAYETTE;GULFPORT;MOBILE;BHM_APPROACH;NASHVILLE;LOUISVILLE;CINCINNATI;COLUMBUS;TOL,T1,29.2,24.7,36h next-day,26.1,18.4,5.1,not-time-competitive,freight-rail-wins-bulk-road-wins-express,heuristic-planning
LAFAYETTE,Lafayette,T2,service_stop,COLUMBUS,Columbus,T1,national_transfer_hub,1152,246,sla-stop-rhythm-ok,8,3,US90;I-10;I-65;I-75,LAFAYETTE;GULFPORT;MOBILE;BHM_APPROACH;NASHVILLE;LOUISVILLE;CINCINNATI;COLUMBUS,T1,26.0,22.0,24h overnight,23.5,16.5,4.8,not-time-competitive,freight-rail-wins-bulk-road-wins-express,heuristic-planning
LAFAYETTE,Lafayette,T2,service_stop,CINCINNATI,Cincinnati,T2,national_transfer_hub,1034,246,sla-stop-rhythm-ok,7,2,US90;I-10;I-65,LAFAYETTE;GULFPORT;MOBILE;BHM_APPROACH;NASHVILLE;LOUISVILLE;CINCINNATI,T1,23.1,19.6,24h overnight,21.0,14.7,4.6,not-time-competitive,freight-rail-wins-bulk-road-wins-express,heuristic-planning
LAFAYETTE,Lafayette,T2,service_stop,CHATTANOOGA,Chattanooga,T2,service_stop,691,246,sla-stop-rhythm-ok,5,3,US90;I-10;I-65;I-59,LAFAYETTE;GULFPORT;MOBILE;BHM_APPROACH;CHATTANOOGA,T1,16.0,13.5,24h overnight,15.1,10.3,3.9,not-time-competitive,corridor-specific-rail-check-needed,heuristic-planning
LAFAYETTE,Lafayette,T2,service_stop,MONTGOMERY,Montgomery,T2,service_stop,867,246,sla-stop-rhythm-ok,6,4,US90;I-10;I-65;I-20;US80,LAFAYETTE;GULFPORT;MOBILE;BHM_APPROACH;ATL;MONTGOMERY,T1,20.2,17.0,24h overnight,18.7,12.9,4.2,not-time-competitive,freight-rail-wins-bulk-road-wins-express,heuristic-planning
LAFAYETTE,Lafayette,T2,service_stop,GAINESVILLE,Gainesville,T1,service_stop,1059,364,long-gap-review,6,4,US90;I-10;I-65;I-20;I-75,LAFAYETTE;GULFPORT;MOBILE;BHM_APPROACH;ATL;GAINESVILLE,T1,24.3,20.5,24h overnight,22.2,15.4,4.6,not-time-competitive,freight-rail-wins-bulk-road-wins-express,heuristic-planning
LAFAYETTE,Lafayette,T1,service_stop,SLC,Salt Lake,T1,national_transfer_hub,2433,657,needs-intermediate-stops,9,2,I-10;I-35;I-70,LAFAYETTE;BEAUMONT;HOU;SAT;DAL;OKC;KC;DEN;SLC,T1,53.0,45.2,48h two-day,46.4,33.3,7.4,not-time-competitive,freight-rail-wins-bulk-road-wins-express,heuristic-planning
LAFAYETTE,Lafayette,T1,service_stop,CHEYENNE,Cheyenne,T2,service_stop,2110,657,needs-intermediate-stops,9,3,I-10;I-35;I-70;I-25,LAFAYETTE;BEAUMONT;HOU;SAT;DAL;OKC;KC;DEN;CHEYENNE,T1,46.5,39.5,48h two-day,40.9,29.2,6.7,not-time-competitive,freight-rail-wins-bulk-road-wins-express,heuristic-planning
LAFAYETTE,Lafayette,T1,service_stop,OMAHA,Omaha,T1,national_transfer_hub,1694,352,long-gap-review,9,2,I-10;I-35;I-80,LAFAYETTE;BEAUMONT;HOU;SAT;DAL;OKC;KC;DSM;OMAHA,T1,37.3,31.7,36h next-day,33.0,23.5,5.9,not-time-competitive,freight-rail-wins-bulk-road-wins-express,heuristic-planning
LAFAYETTE,Lafayette,T1,service_stop,FARGO,Fargo,T2,service_stop,2155,461,needs-intermediate-stops,10,3,I-10;I-35;I-80;I-29,LAFAYETTE;BEAUMONT;HOU;SAT;DAL;OKC;KC;DSM;OMAHA;FARGO,T1,47.5,40.4,48h two-day,41.7,29.8,6.8,not-time-competitive,freight-rail-wins-bulk-road-wins-express,heuristic-planning
LAFAYETTE,Lafayette,T2,service_stop,NYC,New York,T2,transfer_hub,1716,382,long-gap-review,10,5,US90;I-10;I-65;I-75;I-70;I-81,LAFAYETTE;GULFPORT;MOBILE;BHM_APPROACH;NASHVILLE;LOUISVILLE;CINCINNATI;COLUMBUS;PENNSYLVANIA;NYC,T1,38.9,32.9,36h next-day,34.4,24.4,5.9,not-time-competitive,freight-rail-wins-bulk-road-wins-express,heuristic-planning
LAFAYETTE,Lafayette,T1,service_stop,BIL,Billings*,T1,national_transfer_hub,2034,974,needs-intermediate-stops,7,2,I-10;US83;I-90,LAFAYETTE;BEAUMONT;HOU;SAT;ABILENE;RAPID_CITY;BIL,T1,44.4,37.8,48h two-day,39.2,28.0,6.6,not-time-competitive,freight-rail-wins-bulk-road-wins-express,heuristic-planning
LAFAYETTE,Lafayette,T1,service_stop,RAPID_CITY,Rapid City,T2,national_transfer_hub,1699,974,needs-intermediate-stops,6,1,I-10;US83,LAFAYETTE;BEAUMONT;HOU;SAT;ABILENE;RAPID_CITY,T1,36.8,31.4,36h next-day,32.7,23.4,5.9,not-time-competitive,freight-rail-wins-bulk-road-wins-express,heuristic-planning
LAFAYETTE,Lafayette,T1,service_stop,MILWAUKEE,Milwaukee,T1,service_stop,2012,365,long-gap-review,11,3,I-10;I-35;I-80;I-90,LAFAYETTE;BEAUMONT;HOU;SAT;DAL;OKC;KC;DSM;CHI;CHI_NORTH;MILWAUKEE,T1,44.6,37.9,48h two-day,39.1,27.9,6.5,not-time-competitive,freight-rail-wins-bulk-road-wins-express,heuristic-planning
LAFAYETTE,Lafayette,T1,service_stop,CHI_NORTH,North Chicago,T1,service_stop,1929,365,long-gap-review,10,3,I-10;I-35;I-80;I-90,LAFAYETTE;BEAUMONT;HOU;SAT;DAL;OKC;KC;DSM;CHI;CHI_NORTH,T1,42.7,36.3,48h two-day,37.6,26.8,6.4,not-time-competitive,freight-rail-wins-bulk-road-wins-express,heuristic-planning
LAFAYETTE,Lafayette,T2,service_stop,PHILADELPHIA,Philadelphia,T2,service_stop,1644,382,long-gap-review,10,5,US90;I-10;I-65;I-75;I-70;I-76,LAFAYETTE;GULFPORT;MOBILE;BHM_APPROACH;NASHVILLE;LOUISVILLE;CINCINNATI;COLUMBUS;PENNSYLVANIA;PHILADELPHIA,T1,37.4,31.6,36h next-day,33.1,23.4,5.8,not-time-competitive,freight-rail-wins-bulk-road-wins-express,heuristic-planning
LAFAYETTE,Lafayette,T2,service_stop,DC,Washington,T1,service_stop,1646,382,long-gap-review,10,4,US90;I-10;I-65;I-75;I-70,LAFAYETTE;GULFPORT;MOBILE;BHM_APPROACH;NASHVILLE;LOUISVILLE;CINCINNATI;COLUMBUS;PENNSYLVANIA;DC,T1,37.1,31.4,36h next-day,32.8,23.2,5.8,not-time-competitive,freight-rail-wins-bulk-road-wins-express,heuristic-planning
LAFAYETTE,Lafayette,T2,service_stop,RIC,Richmond,T1,national_transfer_hub,1760,382,long-gap-review,11,5,US90;I-10;I-65;I-75;I-70;I-95,LAFAYETTE;GULFPORT;MOBILE;BHM_APPROACH;NASHVILLE;LOUISVILLE;CINCINNATI;COLUMBUS;PENNSYLVANIA;DC;RIC,T1,39.9,33.8,36h next-day,35.2,25.0,6.0,not-time-competitive,freight-rail-wins-bulk-road-wins-express,heuristic-planning
LAFAYETTE,Lafayette,T2,service_stop,BEN,Benson,T1,transfer_hub,2198,382,long-gap-review,13,6,US90;I-10;I-65;I-75;I-70;I-95;I-40,LAFAYETTE;GULFPORT;MOBILE;BHM_APPROACH;NASHVILLE;LOUISVILLE;CINCINNATI;COLUMBUS;PENNSYLVANIA;DC;RIC;FLO;BEN,T1,49.8,42.1,48h two-day,43.6,31.0,6.9,not-time-competitive,freight-rail-wins-bulk-road-wins-express,heuristic-planning
LAFAYETTE,Lafayette,T2,service_stop,GREENVILLE,Greenville,T2,service_stop,857,246,sla-stop-rhythm-ok,6,4,US90;I-10;I-65;I-20;I-85,LAFAYETTE;GULFPORT;MOBILE;BHM_APPROACH;ATL;GREENVILLE,T1,20.0,16.8,24h overnight,18.5,12.7,4.2,not-time-competitive,freight-rail-wins-bulk-road-wins-express,heuristic-planning
LAFAYETTE,Lafayette,T2,service_stop,GREENSBORO,Greensboro,T2,service_stop,1063,246,sla-stop-rhythm-ok,8,4,US90;I-10;I-65;I-20;I-85,LAFAYETTE;GULFPORT;MOBILE;BHM_APPROACH;ATL;GREENVILLE;CLT;GREENSBORO,T1,24.5,20.7,24h overnight,22.2,15.5,4.6,not-time-competitive,freight-rail-wins-bulk-road-wins-express,heuristic-planning
LAFAYETTE,Lafayette,T2,service_stop,MOBILE,Mobile,T1,service_stop,285,207,sla-stop-rhythm-ok,3,1,US90;I-10,LAFAYETTE;GULFPORT;MOBILE,T1,6.5,5.5,6h local,7.0,4.5,3.1,near-competitive-short-haul,corridor-specific-rail-check-needed,heuristic-planning
LAFAYETTE,Lafayette,T2,service_stop,LOUISVILLE,Louisville,T2,national_transfer_hub,927,246,sla-stop-rhythm-ok,6,2,US90;I-10;I-65,LAFAYETTE;GULFPORT;MOBILE;BHM_APPROACH;NASHVILLE;LOUISVILLE,T1,20.7,17.6,24h overnight,19.1,13.3,4.4,not-time-competitive,freight-rail-wins-bulk-road-wins-express,heuristic-planning
LAFAYETTE,Lafayette,T2,service_stop,LITTLE_ROCK,Little Rock,T2,national_transfer_hub,940,256,long-gap-review,6,4,US90;I-10;I-65;I-22;I-30,LAFAYETTE;GULFPORT;MOBILE;BHM_APPROACH;MEM;LITTLE_ROCK,T1,21.7,18.3,24h overnight,20.0,13.8,4.4,not-time-competitive,freight-rail-wins-bulk-road-wins-express,heuristic-planning
LAFAYETTE,Lafayette,T1,service_stop,DEN,Denver,T1,national_transfer_hub,1996,657,needs-intermediate-stops,8,2,I-10;I-35;I-70,LAFAYETTE;BEAUMONT;HOU;SAT;DAL;OKC;KC;DEN,T1,43.6,37.1,48h two-day,38.5,27.5,6.5,not-time-competitive,freight-rail-wins-bulk-road-wins-express,heuristic-planning
LAFAYETTE,Lafayette,T1,service_stop,COLORADO_SPRINGS,Colorado Springs,T2,service_stop,2071,657,needs-intermediate-stops,9,3,I-10;I-35;I-70;I-25,LAFAYETTE;BEAUMONT;HOU;SAT;DAL;OKC;KC;DEN;COLORADO_SPRINGS,T1,45.7,38.8,48h two-day,40.2,28.7,6.6,not-time-competitive,freight-rail-wins-bulk-road-wins-express,heuristic-planning
LAFAYETTE,Lafayette,T2,service_stop,CAPITAL_BELTWAY_N,Capital North,T2,service_stop,1657,382,long-gap-review,11,5,US90;I-10;I-65;I-75;I-70;I-495,LAFAYETTE;GULFPORT;MOBILE;BHM_APPROACH;NASHVILLE;LOUISVILLE;CINCINNATI;COLUMBUS;PENNSYLVANIA;DC;CAPITAL_BELTWAY_N,T1,37.7,31.9,36h next-day,33.4,23.6,5.8,not-time-competitive,freight-rail-wins-bulk-road-wins-express,heuristic-planning
LAFAYETTE,Lafayette,T2,service_stop,CAPITAL_BELTWAY_E,Capital East,T2,service_stop,1668,382,long-gap-review,12,5,US90;I-10;I-65;I-75;I-70;I-495,LAFAYETTE;GULFPORT;MOBILE;BHM_APPROACH;NASHVILLE;LOUISVILLE;CINCINNATI;COLUMBUS;PENNSYLVANIA;DC;CAPITAL_BELTWAY_S;CAPITAL_BELTWAY_E,T1,38.0,32.2,36h next-day,33.6,23.7,5.8,not-time-competitive,freight-rail-wins-bulk-road-wins-express,heuristic-planning
LAFAYETTE,Lafayette,T2,service_stop,CAPITAL_BELTWAY_S,Capital South,T2,service_stop,1655,382,long-gap-review,11,5,US90;I-10;I-65;I-75;I-70;I-495,LAFAYETTE;GULFPORT;MOBILE;BHM_APPROACH;NASHVILLE;LOUISVILLE;CINCINNATI;COLUMBUS;PENNSYLVANIA;DC;CAPITAL_BELTWAY_S,T1,37.7,31.9,36h next-day,33.3,23.6,5.8,not-time-competitive,freight-rail-wins-bulk-road-wins-express,heuristic-planning
LAFAYETTE,Lafayette,T1,service_stop,JOPLIN,Joplin,T2,service_stop,1347,374,long-gap-review,7,3,I-10;I-35;I-20;I-49,LAFAYETTE;BEAUMONT;HOU;SAT;DAL;SHV;JOPLIN,T1,30.1,25.5,36h next-day,27.0,19.1,5.2,not-time-competitive,freight-rail-wins-bulk-road-wins-express,heuristic-planning
LAFAYETTE,Lafayette,T2,service_stop,HAGERSTOWN,Hagerstown,T2,service_stop,1607,382,long-gap-review,10,5,US90;I-10;I-65;I-75;I-70;I-81,LAFAYETTE;GULFPORT;MOBILE;BHM_APPROACH;NASHVILLE;LOUISVILLE;CINCINNATI;COLUMBUS;PENNSYLVANIA;HAGERSTOWN,T1,36.6,31.0,36h next-day,32.5,22.9,5.7,not-time-competitive,freight-rail-wins-bulk-road-wins-express,heuristic-planning
LAFAYETTE,Lafayette,T1,service_stop,STL,St. Louis,T1,national_transfer_hub,1619,352,long-gap-review,8,2,I-10;I-35;I-70,LAFAYETTE;BEAUMONT;HOU;SAT;DAL;OKC;KC;STL,T1,35.6,30.3,36h next-day,31.6,22.5,5.7,not-time-competitive,freight-rail-wins-bulk-road-wins-express,heuristic-planning
LAFAYETTE,Lafayette,T2,service_stop,PITTSBURGH,Pittsburgh,T2,service_stop,1394,428,needs-intermediate-stops,8,5,US90;I-10;I-65;I-20;I-85;I-77,LAFAYETTE;GULFPORT;MOBILE;BHM_APPROACH;ATL;GREENVILLE;CLT;PITTSBURGH,T1,31.9,27.0,36h next-day,28.6,20.1,5.3,not-time-competitive,freight-rail-wins-bulk-road-wins-express,heuristic-planning
LAFAYETTE,Lafayette,T2,service_stop,PENNSYLVANIA,Harrisburg,T1,national_transfer_hub,1534,382,long-gap-review,9,4,US90;I-10;I-65;I-75;I-70,LAFAYETTE;GULFPORT;MOBILE;BHM_APPROACH;NASHVILLE;LOUISVILLE;CINCINNATI;COLUMBUS;PENNSYLVANIA,T1,34.6,29.3,36h next-day,30.8,21.8,5.6,not-time-competitive,freight-rail-wins-bulk-road-wins-express,heuristic-planning
LAFAYETTE,Lafayette,T2,service_stop,GULFPORT,Gulfport,T2,national_transfer_hub,207,207,sla-stop-rhythm-ok,2,0,US90,LAFAYETTE;GULFPORT,T2,4.4,3.8,6h local,5.3,3.3,2.9,near-competitive-short-haul,rail-often-absent-road-flexibility-case,heuristic-planning
LAFAYETTE,Lafayette,T1,service_stop,CORPUS,Corpus Christi,T2,national_transfer_hub,617,223,sla-stop-rhythm-ok,5,1,I-10;I-37,LAFAYETTE;BEAUMONT;HOU;SAT;CORPUS,T1,13.7,11.6,12h half-day,13.1,8.9,3.7,not-time-competitive,corridor-specific-rail-check-needed,heuristic-planning
NOLA,New Orleans,T2,service_stop,BHM_APPROACH,Birmingham,T2,national_transfer_hub,369,369,long-gap-review,2,0,I-59,NOLA;BHM_APPROACH,T2,7.8,6.7,12h half-day,8.2,5.4,3.2,not-time-competitive,rail-often-absent-road-flexibility-case,heuristic-planning
NOLA,New Orleans,T1,service_stop,GULFPORT,Gulfport,T1,national_transfer_hub,77,77,sla-stop-rhythm-ok,2,0,I-10,NOLA;GULFPORT,T1,1.6,1.4,6h local,2.9,1.5,2.7,time-competitive,corridor-specific-rail-check-needed,heuristic-planning
TALLAHASSEE,Tallahassee,T1,service_stop,JAX,Jacksonville,T1,national_transfer_hub,184,184,sla-stop-rhythm-ok,2,0,I-10,TALLAHASSEE;JAX,T1,3.9,3.4,6h local,4.9,3.0,2.9,near-competitive-short-haul,corridor-specific-rail-check-needed,heuristic-planning
TALLAHASSEE,Tallahassee,T1,service_stop,MIA,Miami,T1,national_terminal,572,387,long-gap-review,3,1,I-10;I-95,TALLAHASSEE;JAX;MIA,T1,12.6,10.7,12h half-day,12.2,8.3,3.6,not-time-competitive,corridor-specific-rail-check-needed,heuristic-planning
TALLAHASSEE,Tallahassee,T1,service_stop,ATL,Atlanta,T1,national_transfer_hub,1318,387,long-gap-review,6,2,I-10;I-95;I-75,TALLAHASSEE;JAX;MIA;TAMPA;GAINESVILLE;ATL,T1,29.1,24.7,36h next-day,26.2,18.5,5.1,not-time-competitive,freight-rail-wins-bulk-road-wins-express,heuristic-planning
TALLAHASSEE,Tallahassee,T1,service_stop,FLO,Florence,T1,transfer_hub,774,463,needs-intermediate-stops,4,2,I-10;I-95;I-40,TALLAHASSEE;JAX;BEN;FLO,T1,17.3,14.7,24h overnight,16.3,11.2,4.0,not-time-competitive,freight-rail-wins-bulk-road-wins-express,heuristic-planning
TALLAHASSEE,Tallahassee,T1,service_stop,GAINESVILLE,Gainesville,T1,service_stop,954,387,long-gap-review,5,2,I-10;I-95;I-75,TALLAHASSEE;JAX;MIA;TAMPA;GAINESVILLE,T1,21.2,18.0,24h overnight,19.5,13.6,4.4,not-time-competitive,freight-rail-wins-bulk-road-wins-express,heuristic-planning
TALLAHASSEE,Tallahassee,T1,service_stop,TAMPA,Tampa,T1,transfer_hub,815,387,long-gap-review,4,2,I-10;I-95;I-75,TALLAHASSEE;JAX;MIA;TAMPA,T1,18.2,15.4,24h overnight,17.0,11.8,4.1,not-time-competitive,freight-rail-wins-bulk-road-wins-express,heuristic-planning
TALLAHASSEE,Tallahassee,T1,service_stop,BEN,Benson,T1,transfer_hub,648,463,needs-intermediate-stops,3,1,I-10;I-95,TALLAHASSEE;JAX;BEN,T1,14.2,12.1,24h overnight,13.6,9.3,3.8,not-time-competitive,corridor-specific-rail-check-needed,heuristic-planning
TALLAHASSEE,Tallahassee,T1,service_stop,MOBILE,Mobile,T1,service_stop,265,265,long-gap-review,2,0,I-10,TALLAHASSEE;MOBILE,T1,5.6,4.8,6h local,6.3,4.0,3.0,near-competitive-short-haul,corridor-specific-rail-check-needed,heuristic-planning
TALLAHASSEE,Tallahassee,T1,service_stop,GULFPORT,Gulfport,T2,national_transfer_hub,707,523,needs-intermediate-stops,3,1,I-10;US90,TALLAHASSEE;JAX;GULFPORT,T1,15.5,13.2,24h overnight,14.7,10.1,3.9,not-time-competitive,freight-rail-wins-bulk-road-wins-express,heuristic-planning
JAX,Jacksonville,T1,national_transfer_hub,MIA,Miami,T1,national_terminal,387,387,long-gap-review,2,0,I-95,JAX;MIA,T1,8.2,7.0,12h half-day,8.5,5.7,3.3,not-time-competitive,corridor-specific-rail-check-needed,heuristic-planning
JAX,Jacksonville,T1,national_transfer_hub,ATL,Atlanta,T1,national_transfer_hub,1133,387,long-gap-review,5,1,I-95;I-75,JAX;MIA;TAMPA;GAINESVILLE;ATL,T1,24.7,21.0,24h overnight,22.5,15.8,4.8,not-time-competitive,freight-rail-wins-bulk-road-wins-express,heuristic-planning
JAX,Jacksonville,T1,national_transfer_hub,FLO,Florence,T1,transfer_hub,589,463,needs-intermediate-stops,3,1,I-95;I-40,JAX;BEN;FLO,T1,13.0,11.0,12h half-day,12.6,8.6,3.7,not-time-competitive,corridor-specific-rail-check-needed,heuristic-planning
JAX,Jacksonville,T1,national_transfer_hub,GAINESVILLE,Gainesville,T1,service_stop,769,387,long-gap-review,4,1,I-95;I-75,JAX;MIA;TAMPA;GAINESVILLE,T1,16.9,14.4,24h overnight,15.8,11.0,4.0,not-time-competitive,freight-rail-wins-bulk-road-wins-express,heuristic-planning
JAX,Jacksonville,T1,national_transfer_hub,TAMPA,Tampa,T1,transfer_hub,630,387,long-gap-review,3,1,I-95;I-75,JAX;MIA;TAMPA,T1,13.8,11.8,12h half-day,13.3,9.1,3.8,not-time-competitive,corridor-specific-rail-check-needed,heuristic-planning
JAX,Jacksonville,T1,national_transfer_hub,BEN,Benson,T1,transfer_hub,463,463,needs-intermediate-stops,2,0,I-95,JAX;BEN,T1,9.9,8.4,12h half-day,9.9,6.7,3.4,not-time-competitive,corridor-specific-rail-check-needed,heuristic-planning
JAX,Jacksonville,T1,national_transfer_hub,MOBILE,Mobile,T1,service_stop,449,265,long-gap-review,3,0,I-10,JAX;TALLAHASSEE;MOBILE,T1,9.6,8.2,12h half-day,9.7,6.5,3.4,not-time-competitive,corridor-specific-rail-check-needed,heuristic-planning
JAX,Jacksonville,T2,national_transfer_hub,GULFPORT,Gulfport,T2,national_transfer_hub,523,523,needs-intermediate-stops,2,0,US90,JAX;GULFPORT,T2,11.1,9.5,12h half-day,11.0,7.5,3.5,not-time-competitive,rail-often-absent-road-flexibility-case,heuristic-planning
MIA,Miami,T1,national_terminal,ATL,Atlanta,T1,national_transfer_hub,746,364,long-gap-review,4,0,I-75,MIA;TAMPA;GAINESVILLE;ATL,T1,16.0,13.7,24h overnight,15.1,10.4,4.0,not-time-competitive,freight-rail-wins-bulk-road-wins-express,heuristic-planning
MIA,Miami,T1,national_terminal,FLO,Florence,T1,transfer_hub,977,463,needs-intermediate-stops,4,1,I-95;I-40,MIA;JAX;BEN;FLO,T1,21.3,18.1,24h overnight,19.6,13.7,4.5,not-time-competitive,freight-rail-wins-bulk-road-wins-express,heuristic-planning
MIA,Miami,T1,national_terminal,GAINESVILLE,Gainesville,T1,service_stop,382,243,sla-stop-rhythm-ok,3,0,I-75,MIA;TAMPA;GAINESVILLE,T1,8.2,7.0,12h half-day,8.4,5.6,3.3,not-time-competitive,corridor-specific-rail-check-needed,heuristic-planning
MIA,Miami,T1,national_terminal,TAMPA,Tampa,T1,transfer_hub,243,243,sla-stop-rhythm-ok,2,0,I-75,MIA;TAMPA,T1,5.2,4.4,6h local,5.9,3.7,3.0,near-competitive-short-haul,corridor-specific-rail-check-needed,heuristic-planning
MIA,Miami,T1,national_terminal,BEN,Benson,T1,transfer_hub,851,463,needs-intermediate-stops,3,0,I-95,MIA;JAX;BEN,T1,18.2,15.5,24h overnight,17.0,11.8,4.2,not-time-competitive,freight-rail-wins-bulk-road-wins-express,heuristic-planning
MIA,Miami,T1,national_terminal,MOBILE,Mobile,T1,service_stop,837,387,long-gap-review,4,1,I-95;I-10,MIA;JAX;TALLAHASSEE;MOBILE,T1,18.3,15.6,24h overnight,17.1,11.9,4.2,not-time-competitive,freight-rail-wins-bulk-road-wins-express,heuristic-planning
MIA,Miami,T1,national_terminal,GULFPORT,Gulfport,T2,national_transfer_hub,910,523,needs-intermediate-stops,3,1,I-95;US90,MIA;JAX;GULFPORT,T1,19.8,16.9,24h overnight,18.4,12.8,4.3,not-time-competitive,freight-rail-wins-bulk-road-wins-express,heuristic-planning
DAL,Dallas,T2,national_transfer_hub,ABILENE,Abilene,T2,service_stop,203,203,sla-stop-rhythm-ok,2,0,US80,DAL;ABILENE,T2,4.3,3.7,6h local,5.2,3.2,2.9,near-competitive-short-haul,rail-often-absent-road-flexibility-case,heuristic-planning
DAL,Dallas,T1,national_transfer_hub,SHV,Shreveport,T1,service_stop,210,210,sla-stop-rhythm-ok,2,0,I-20,DAL;SHV,T1,4.5,3.8,6h local,5.3,3.3,2.9,near-competitive-short-haul,corridor-specific-rail-check-needed,heuristic-planning
DAL,Dallas,T2,national_transfer_hub,BHM_APPROACH,Birmingham,T2,national_transfer_hub,754,345,long-gap-review,4,1,I-30;I-22,DAL;LITTLE_ROCK;MEM;BHM_APPROACH,T2,16.6,14.1,24h overnight,15.6,10.8,4.0,not-time-competitive,freight-rail-wins-bulk-road-wins-express,heuristic-planning
DAL,Dallas,T2,national_transfer_hub,ATL,Atlanta,T1,national_transfer_hub,919,345,long-gap-review,5,2,I-30;I-22;I-20,DAL;LITTLE_ROCK;MEM;BHM_APPROACH;ATL,T1,20.5,17.4,24h overnight,18.9,13.2,4.3,not-time-competitive,freight-rail-wins-bulk-road-wins-express,heuristic-planning
DAL,Dallas,T2,national_transfer_hub,COLUMBIA,Columbia,T1,service_stop,1147,345,long-gap-review,6,2,I-30;I-22;I-20,DAL;LITTLE_ROCK;MEM;BHM_APPROACH;ATL;COLUMBIA,T1,25.4,21.6,24h overnight,23.1,16.2,4.8,not-time-competitive,freight-rail-wins-bulk-road-wins-express,heuristic-planning
DAL,Dallas,T2,national_transfer_hub,FLO,Florence,T1,transfer_hub,2057,382,long-gap-review,11,5,I-30;I-40;I-65;I-75;I-70;I-95,DAL;LITTLE_ROCK;MEM;NASHVILLE;LOUISVILLE;CINCINNATI;COLUMBUS;PENNSYLVANIA;DC;RIC;FLO,T1,46.2,39.2,48h two-day,40.6,28.9,6.6,not-time-competitive,freight-rail-wins-bulk-road-wins-express,heuristic-planning
DAL,Dallas,T1,national_transfer_hub,MIN,Minneapolis,T1,national_transfer_hub,1065,352,long-gap-review,5,0,I-35,DAL;OKC;KC;DSM;MIN,T1,22.9,19.6,24h overnight,20.9,14.7,4.6,not-time-competitive,freight-rail-wins-bulk-road-wins-express,heuristic-planning
DAL,Dallas,T1,national_transfer_hub,DSM,Des Moines,T1,transfer_hub,788,352,long-gap-review,4,0,I-35,DAL;OKC;KC;DSM,T1,16.9,14.5,24h overnight,15.8,11.0,4.1,not-time-competitive,freight-rail-wins-bulk-road-wins-express,heuristic-planning
DAL,Dallas,T1,national_transfer_hub,KC,Kansas City,T1,national_transfer_hub,577,352,long-gap-review,3,0,I-35,DAL;OKC;KC,T1,12.3,10.5,12h half-day,12.0,8.2,3.7,not-time-competitive,corridor-specific-rail-check-needed,heuristic-planning
DAL,Dallas,T1,national_transfer_hub,OKC,Oklahoma City,T1,national_transfer_hub,225,225,sla-stop-rhythm-ok,2,0,I-35,DAL;OKC,T1,4.8,4.1,6h local,5.6,3.5,2.9,near-competitive-short-haul,corridor-specific-rail-check-needed,heuristic-planning
DAL,Dallas,T2,national_transfer_hub,AMA,Amarillo,T2,service_stop,394,394,long-gap-review,2,0,US287,DAL;AMA,T2,8.4,7.2,12h half-day,8.7,5.8,3.3,not-time-competitive,rail-often-absent-road-flexibility-case,heuristic-planning
DAL,Dallas,T2,national_transfer_hub,MEM,Memphis,T2,national_transfer_hub,498,345,long-gap-review,3,0,I-30,DAL;LITTLE_ROCK;MEM,T2,10.7,9.1,12h half-day,10.6,7.1,3.5,not-time-competitive,rail-often-absent-road-flexibility-case,heuristic-planning
DAL,Dallas,T2,national_transfer_hub,NASHVILLE,Nashville,T1,national_transfer_hub,730,345,long-gap-review,4,1,I-30;I-40,DAL;LITTLE_ROCK;MEM;NASHVILLE,T1,16.0,13.6,24h overnight,15.1,10.4,4.0,not-time-competitive,freight-rail-wins-bulk-road-wins-express,heuristic-planning
DAL,Dallas,T2,national_transfer_hub,KNX,Knoxville,T1,transfer_hub,919,345,long-gap-review,5,1,I-30;I-40,DAL;LITTLE_ROCK;MEM;NASHVILLE;KNX,T1,20.2,17.1,24h overnight,18.6,13.0,4.3,not-time-competitive,freight-rail-wins-bulk-road-wins-express,heuristic-planning
DAL,Dallas,T2,national_transfer_hub,ASHEVILLE,Asheville,T1,service_stop,1307,345,long-gap-review,8,4,I-30;I-22;I-20;I-85;I-40,DAL;LITTLE_ROCK;MEM;BHM_APPROACH;ATL;GREENVILLE;CLT;ASHEVILLE,T1,29.7,25.1,36h next-day,26.7,18.7,5.1,not-time-competitive,freight-rail-wins-bulk-road-wins-express,heuristic-planning
DAL,Dallas,T2,national_transfer_hub,CLT,Charlotte,T2,national_transfer_hub,1189,345,long-gap-review,7,3,I-30;I-22;I-20;I-85,DAL;LITTLE_ROCK;MEM;BHM_APPROACH;ATL;GREENVILLE;CLT,T1,26.7,22.7,24h overnight,24.2,17.0,4.9,not-time-competitive,freight-rail-wins-bulk-road-wins-express,heuristic-planning
DAL,Dallas,T2,national_transfer_hub,RALEIGH_APPROACH,Raleigh,T1,national_transfer_hub,1342,345,long-gap-review,8,4,I-30;I-22;I-20;I-85;I-40,DAL;LITTLE_ROCK;MEM;BHM_APPROACH;ATL;GREENVILLE;CLT;RALEIGH_APPROACH,T1,30.4,25.8,36h next-day,27.3,19.2,5.2,not-time-competitive,freight-rail-wins-bulk-road-wins-express,heuristic-planning
DAL,Dallas,T2,national_transfer_hub,INDY_APPROACH,Indianapolis,T1,national_transfer_hub,1334,345,long-gap-review,8,4,I-30;I-40;I-65;I-75;I-70,DAL;LITTLE_ROCK;MEM;NASHVILLE;LOUISVILLE;CINCINNATI;COLUMBUS;INDY_APPROACH,T1,30.3,25.6,36h next-day,27.2,19.1,5.2,not-time-competitive,freight-rail-wins-bulk-road-wins-express,heuristic-planning
DAL,Dallas,T2,national_transfer_hub,FORT_WAYNE,Fort Wayne,T1,service_stop,1458,345,long-gap-review,9,5,I-30;I-40;I-65;I-75;I-70;I-69,DAL;LITTLE_ROCK;MEM;NASHVILLE;LOUISVILLE;CINCINNATI;COLUMBUS;INDY_APPROACH;FORT_WAYNE,T1,33.3,28.2,36h next-day,29.8,20.9,5.4,not-time-competitive,freight-rail-wins-bulk-road-wins-express,heuristic-planning
DAL,Dallas,T1,national_transfer_hub,CHI_APPROACH,South Bend,T1,service_stop,1239,365,long-gap-review,6,2,I-35;I-80;I-69,DAL;OKC;KC;DSM;CHI;CHI_APPROACH,T1,27.4,23.3,24h overnight,24.7,17.4,5.0,not-time-competitive,freight-rail-wins-bulk-road-wins-express,heuristic-planning
DAL,Dallas,T1,national_transfer_hub,CHI,Chicago,T1,national_transfer_hub,1153,365,long-gap-review,5,1,I-35;I-80,DAL;OKC;KC;DSM;CHI,T1,25.1,21.4,24h overnight,22.8,16.1,4.8,not-time-competitive,freight-rail-wins-bulk-road-wins-express,heuristic-planning
DAL,Dallas,T2,national_transfer_hub,TOL,Toledo,T1,national_transfer_hub,1279,345,long-gap-review,8,3,I-30;I-40;I-65;I-75,DAL;LITTLE_ROCK;MEM;NASHVILLE;LOUISVILLE;CINCINNATI;COLUMBUS;TOL,T1,28.7,24.4,36h next-day,25.8,18.1,5.1,not-time-competitive,freight-rail-wins-bulk-road-wins-express,heuristic-planning
DAL,Dallas,T2,national_transfer_hub,COLUMBUS,Columbus,T1,national_transfer_hub,1136,345,long-gap-review,7,3,I-30;I-40;I-65;I-75,DAL;LITTLE_ROCK;MEM;NASHVILLE;LOUISVILLE;CINCINNATI;COLUMBUS,T1,25.6,21.7,24h overnight,23.2,16.2,4.8,not-time-competitive,freight-rail-wins-bulk-road-wins-express,heuristic-planning
DAL,Dallas,T2,national_transfer_hub,CINCINNATI,Cincinnati,T2,national_transfer_hub,1018,345,long-gap-review,6,2,I-30;I-40;I-65,DAL;LITTLE_ROCK;MEM;NASHVILLE;LOUISVILLE;CINCINNATI,T1,22.7,19.2,24h overnight,20.7,14.5,4.5,not-time-competitive,freight-rail-wins-bulk-road-wins-express,heuristic-planning
DAL,Dallas,T2,national_transfer_hub,CHATTANOOGA,Chattanooga,T2,service_stop,915,345,long-gap-review,5,2,I-30;I-22;I-59,DAL;LITTLE_ROCK;MEM;BHM_APPROACH;CHATTANOOGA,T2,20.4,17.3,24h overnight,18.8,13.1,4.3,not-time-competitive,freight-rail-wins-bulk-road-wins-express,heuristic-planning
DAL,Dallas,T2,national_transfer_hub,MONTGOMERY,Montgomery,T2,service_stop,1091,345,long-gap-review,6,3,I-30;I-22;I-20;US80,DAL;LITTLE_ROCK;MEM;BHM_APPROACH;ATL;MONTGOMERY,T1,24.6,20.8,24h overnight,22.4,15.6,4.7,not-time-competitive,freight-rail-wins-bulk-road-wins-express,heuristic-planning
DAL,Dallas,T2,national_transfer_hub,GAINESVILLE,Gainesville,T1,service_stop,1283,364,long-gap-review,6,3,I-30;I-22;I-20;I-75,DAL;LITTLE_ROCK;MEM;BHM_APPROACH;ATL;GAINESVILLE,T1,28.7,24.3,36h next-day,25.9,18.2,5.1,not-time-competitive,freight-rail-wins-bulk-road-wins-express,heuristic-planning
DAL,Dallas,T1,national_transfer_hub,SLC,Salt Lake,T1,national_transfer_hub,1671,657,needs-intermediate-stops,5,1,I-35;I-70,DAL;OKC;KC;DEN;SLC,T1,36.1,30.8,36h next-day,32.2,23.0,5.8,not-time-competitive,freight-rail-wins-bulk-road-wins-express,heuristic-planning
DAL,Dallas,T1,national_transfer_hub,CHEYENNE,Cheyenne,T2,service_stop,1349,657,needs-intermediate-stops,5,2,I-35;I-70;I-25,DAL;OKC;KC;DEN;CHEYENNE,T1,29.6,25.2,36h next-day,26.7,18.9,5.2,not-time-competitive,freight-rail-wins-bulk-road-wins-express,heuristic-planning
DAL,Dallas,T1,national_transfer_hub,OMAHA,Omaha,T1,national_transfer_hub,932,352,long-gap-review,5,1,I-35;I-80,DAL;OKC;KC;DSM;OMAHA,T1,20.4,17.4,24h overnight,18.8,13.1,4.4,not-time-competitive,freight-rail-wins-bulk-road-wins-express,heuristic-planning
DAL,Dallas,T1,national_transfer_hub,FARGO,Fargo,T2,service_stop,1393,461,needs-intermediate-stops,6,2,I-35;I-80;I-29,DAL;OKC;KC;DSM;OMAHA;FARGO,T1,30.7,26.1,36h next-day,27.5,19.5,5.3,not-time-competitive,freight-rail-wins-bulk-road-wins-express,heuristic-planning
DAL,Dallas,T2,national_transfer_hub,NYC,New York,T2,transfer_hub,1700,382,long-gap-review,9,5,I-30;I-40;I-65;I-75;I-70;I-81,DAL;LITTLE_ROCK;MEM;NASHVILLE;LOUISVILLE;CINCINNATI;COLUMBUS;PENNSYLVANIA;NYC,T1,38.5,32.6,36h next-day,34.2,24.2,5.9,not-time-competitive,freight-rail-wins-bulk-road-wins-express,heuristic-planning
DAL,Dallas,T2,national_transfer_hub,BIL,Billings*,T1,national_transfer_hub,1511,974,needs-intermediate-stops,4,2,US80;US83;I-90,DAL;ABILENE;RAPID_CITY;BIL,T1,33.0,28.1,36h next-day,29.7,21.1,5.5,not-time-competitive,freight-rail-wins-bulk-road-wins-express,heuristic-planning
DAL,Dallas,T2,national_transfer_hub,RAPID_CITY,Rapid City,T2,national_transfer_hub,1177,974,needs-intermediate-stops,3,1,US80;US83,DAL;ABILENE;RAPID_CITY,T2,25.5,21.7,24h overnight,23.3,16.4,4.9,not-time-competitive,freight-rail-wins-bulk-road-wins-express,heuristic-planning
DAL,Dallas,T1,national_transfer_hub,MILWAUKEE,Milwaukee,T1,service_stop,1251,365,long-gap-review,7,2,I-35;I-80;I-90,DAL;OKC;KC;DSM;CHI;CHI_NORTH;MILWAUKEE,T1,27.7,23.5,24h overnight,24.9,17.6,5.0,not-time-competitive,freight-rail-wins-bulk-road-wins-express,heuristic-planning
DAL,Dallas,T1,national_transfer_hub,CHI_NORTH,North Chicago,T1,service_stop,1168,365,long-gap-review,6,2,I-35;I-80;I-90,DAL;OKC;KC;DSM;CHI;CHI_NORTH,T1,25.9,22.0,24h overnight,23.4,16.5,4.8,not-time-competitive,freight-rail-wins-bulk-road-wins-express,heuristic-planning
DAL,Dallas,T2,national_transfer_hub,PHILADELPHIA,Philadelphia,T2,service_stop,1628,382,long-gap-review,9,5,I-30;I-40;I-65;I-75;I-70;I-76,DAL;LITTLE_ROCK;MEM;NASHVILLE;LOUISVILLE;CINCINNATI;COLUMBUS;PENNSYLVANIA;PHILADELPHIA,T1,36.9,31.3,36h next-day,32.8,23.2,5.8,not-time-competitive,freight-rail-wins-bulk-road-wins-express,heuristic-planning
DAL,Dallas,T2,national_transfer_hub,DC,Washington,T1,service_stop,1630,382,long-gap-review,9,4,I-30;I-40;I-65;I-75;I-70,DAL;LITTLE_ROCK;MEM;NASHVILLE;LOUISVILLE;CINCINNATI;COLUMBUS;PENNSYLVANIA;DC,T1,36.6,31.1,36h next-day,32.5,23.0,5.8,not-time-competitive,freight-rail-wins-bulk-road-wins-express,heuristic-planning
DAL,Dallas,T2,national_transfer_hub,RIC,Richmond,T1,national_transfer_hub,1744,382,long-gap-review,10,5,I-30;I-40;I-65;I-75;I-70;I-95,DAL;LITTLE_ROCK;MEM;NASHVILLE;LOUISVILLE;CINCINNATI;COLUMBUS;PENNSYLVANIA;DC;RIC,T1,39.5,33.4,36h next-day,35.0,24.8,6.0,not-time-competitive,freight-rail-wins-bulk-road-wins-express,heuristic-planning
DAL,Dallas,T2,national_transfer_hub,BEN,Benson,T1,transfer_hub,2182,382,long-gap-review,12,6,I-30;I-40;I-65;I-75;I-70;I-95;I-40,DAL;LITTLE_ROCK;MEM;NASHVILLE;LOUISVILLE;CINCINNATI;COLUMBUS;PENNSYLVANIA;DC;RIC;FLO;BEN,T1,49.3,41.8,48h two-day,43.3,30.8,6.9,not-time-competitive,freight-rail-wins-bulk-road-wins-express,heuristic-planning
DAL,Dallas,T2,national_transfer_hub,GREENVILLE,Greenville,T2,service_stop,1080,345,long-gap-review,6,3,I-30;I-22;I-20;I-85,DAL;LITTLE_ROCK;MEM;BHM_APPROACH;ATL;GREENVILLE,T1,24.4,20.6,24h overnight,22.2,15.5,4.7,not-time-competitive,freight-rail-wins-bulk-road-wins-express,heuristic-planning
DAL,Dallas,T2,national_transfer_hub,GREENSBORO,Greensboro,T2,service_stop,1287,345,long-gap-review,8,3,I-30;I-22;I-20;I-85,DAL;LITTLE_ROCK;MEM;BHM_APPROACH;ATL;GREENVILLE;CLT;GREENSBORO,T1,28.9,24.5,36h next-day,25.9,18.3,5.1,not-time-competitive,freight-rail-wins-bulk-road-wins-express,heuristic-planning
DAL,Dallas,T2,national_transfer_hub,MOBILE,Mobile,T2,service_stop,1001,345,long-gap-review,5,2,I-30;I-22;I-65,DAL;LITTLE_ROCK;MEM;BHM_APPROACH;MOBILE,T2,22.2,18.9,24h overnight,20.4,14.2,4.5,not-time-competitive,freight-rail-wins-bulk-road-wins-express,heuristic-planning
DAL,Dallas,T2,national_transfer_hub,LOUISVILLE,Louisville,T2,national_transfer_hub,911,345,long-gap-review,5,2,I-30;I-40;I-65,DAL;LITTLE_ROCK;MEM;NASHVILLE;LOUISVILLE,T1,20.3,17.2,24h overnight,18.8,13.0,4.3,not-time-competitive,freight-rail-wins-bulk-road-wins-express,heuristic-planning
DAL,Dallas,T2,national_transfer_hub,LITTLE_ROCK,Little Rock,T2,national_transfer_hub,345,345,long-gap-review,2,0,I-30,DAL;LITTLE_ROCK,T2,7.3,6.3,12h half-day,7.8,5.1,3.2,not-time-competitive,rail-often-absent-road-flexibility-case,heuristic-planning
DAL,Dallas,T1,national_transfer_hub,DEN,Denver,T1,national_transfer_hub,1234,657,needs-intermediate-stops,4,1,I-35;I-70,DAL;OKC;KC;DEN,T1,26.8,22.8,24h overnight,24.3,17.2,5.0,not-time-competitive,freight-rail-wins-bulk-road-wins-express,heuristic-planning
DAL,Dallas,T1,national_transfer_hub,COLORADO_SPRINGS,Colorado Springs,T2,service_stop,1309,657,needs-intermediate-stops,5,2,I-35;I-70;I-25,DAL;OKC;KC;DEN;COLORADO_SPRINGS,T1,28.8,24.5,36h next-day,26.0,18.4,5.1,not-time-competitive,freight-rail-wins-bulk-road-wins-express,heuristic-planning
DAL,Dallas,T2,national_transfer_hub,CAPITAL_BELTWAY_N,Capital North,T2,service_stop,1641,382,long-gap-review,10,5,I-30;I-40;I-65;I-75;I-70;I-495,DAL;LITTLE_ROCK;MEM;NASHVILLE;LOUISVILLE;CINCINNATI;COLUMBUS;PENNSYLVANIA;DC;CAPITAL_BELTWAY_N,T1,37.3,31.6,36h next-day,33.1,23.4,5.8,not-time-competitive,freight-rail-wins-bulk-road-wins-express,heuristic-planning
DAL,Dallas,T2,national_transfer_hub,CAPITAL_BELTWAY_E,Capital East,T2,service_stop,1652,382,long-gap-review,11,5,I-30;I-40;I-65;I-75;I-70;I-495,DAL;LITTLE_ROCK;MEM;NASHVILLE;LOUISVILLE;CINCINNATI;COLUMBUS;PENNSYLVANIA;DC;CAPITAL_BELTWAY_S;CAPITAL_BELTWAY_E,T1,37.6,31.8,36h next-day,33.3,23.5,5.8,not-time-competitive,freight-rail-wins-bulk-road-wins-express,heuristic-planning
DAL,Dallas,T2,national_transfer_hub,CAPITAL_BELTWAY_S,Capital South,T2,service_stop,1639,382,long-gap-review,10,5,I-30;I-40;I-65;I-75;I-70;I-495,DAL;LITTLE_ROCK;MEM;NASHVILLE;LOUISVILLE;CINCINNATI;COLUMBUS;PENNSYLVANIA;DC;CAPITAL_BELTWAY_S,T1,37.3,31.5,36h next-day,33.1,23.4,5.8,not-time-competitive,freight-rail-wins-bulk-road-wins-express,heuristic-planning
DAL,Dallas,T1,national_transfer_hub,JOPLIN,Joplin,T2,service_stop,585,374,long-gap-review,3,1,I-20;I-49,DAL;SHV;JOPLIN,T1,12.9,10.9,12h half-day,12.5,8.5,3.7,not-time-competitive,corridor-specific-rail-check-needed,heuristic-planning
DAL,Dallas,T2,national_transfer_hub,HAGERSTOWN,Hagerstown,T2,service_stop,1591,382,long-gap-review,9,5,I-30;I-40;I-65;I-75;I-70;I-81,DAL;LITTLE_ROCK;MEM;NASHVILLE;LOUISVILLE;CINCINNATI;COLUMBUS;PENNSYLVANIA;HAGERSTOWN,T1,36.2,30.6,36h next-day,32.2,22.7,5.7,not-time-competitive,freight-rail-wins-bulk-road-wins-express,heuristic-planning
DAL,Dallas,T1,national_transfer_hub,STL,St. Louis,T1,national_transfer_hub,857,352,long-gap-review,4,1,I-35;I-70,DAL;OKC;KC;STL,T1,18.8,16.0,24h overnight,17.4,12.1,4.2,not-time-competitive,freight-rail-wins-bulk-road-wins-express,heuristic-planning
DAL,Dallas,T2,national_transfer_hub,PITTSBURGH,Pittsburgh,T2,service_stop,1617,428,needs-intermediate-stops,8,4,I-30;I-22;I-20;I-85;I-77,DAL;LITTLE_ROCK;MEM;BHM_APPROACH;ATL;GREENVILLE;CLT;PITTSBURGH,T1,36.3,30.8,36h next-day,32.3,22.9,5.7,not-time-competitive,freight-rail-wins-bulk-road-wins-express,heuristic-planning
DAL,Dallas,T2,national_transfer_hub,PENNSYLVANIA,Harrisburg,T1,national_transfer_hub,1518,382,long-gap-review,8,4,I-30;I-40;I-65;I-75;I-70,DAL;LITTLE_ROCK;MEM;NASHVILLE;LOUISVILLE;CINCINNATI;COLUMBUS;PENNSYLVANIA,T1,34.2,29.0,36h next-day,30.5,21.5,5.5,not-time-competitive,freight-rail-wins-bulk-road-wins-express,heuristic-planning
DAL,Dallas,T1,national_transfer_hub,GULFPORT,Gulfport,T2,national_transfer_hub,968,298,long-gap-review,6,2,I-35;I-10;US90,DAL;SAT;HOU;BEAUMONT;LAFAYETTE;GULFPORT,T1,21.6,18.3,24h overnight,19.8,13.8,4.4,not-time-competitive,freight-rail-wins-bulk-road-wins-express,heuristic-planning
DAL,Dallas,T1,national_transfer_hub,CORPUS,Corpus Christi,T2,national_transfer_hub,452,298,long-gap-review,3,1,I-35;I-37,DAL;SAT;CORPUS,T1,10.0,8.5,12h half-day,10.1,6.7,3.4,not-time-competitive,corridor-specific-rail-check-needed,heuristic-planning
ABILENE,Abilene,T2,service_stop,SHV,Shreveport,T1,service_stop,413,210,sla-stop-rhythm-ok,3,1,US80;I-20,ABILENE;DAL;SHV,T1,9.2,7.8,12h half-day,9.4,6.2,3.3,not-time-competitive,corridor-specific-rail-check-needed,heuristic-planning
ABILENE,Abilene,T2,service_stop,BHM_APPROACH,Birmingham,T2,national_transfer_hub,957,345,long-gap-review,5,2,US80;I-30;I-22,ABILENE;DAL;LITTLE_ROCK;MEM;BHM_APPROACH,T2,21.3,18.1,24h overnight,19.6,13.7,4.4,not-time-competitive,freight-rail-wins-bulk-road-wins-express,heuristic-planning
ABILENE,Abilene,T2,service_stop,ATL,Atlanta,T1,national_transfer_hub,1122,345,long-gap-review,6,3,US80;I-30;I-22;I-20,ABILENE;DAL;LITTLE_ROCK;MEM;BHM_APPROACH;ATL,T1,25.2,21.4,24h overnight,23.0,16.1,4.7,not-time-competitive,freight-rail-wins-bulk-road-wins-express,heuristic-planning
ABILENE,Abilene,T2,service_stop,COLUMBIA,Columbia,T1,service_stop,1350,345,long-gap-review,7,3,US80;I-30;I-22;I-20,ABILENE;DAL;LITTLE_ROCK;MEM;BHM_APPROACH;ATL;COLUMBIA,T1,30.2,25.6,36h next-day,27.1,19.1,5.2,not-time-competitive,freight-rail-wins-bulk-road-wins-express,heuristic-planning
ABILENE,Abilene,T2,service_stop,FLO,Florence,T1,transfer_hub,2260,382,long-gap-review,12,6,US80;I-30;I-40;I-65;I-75;I-70;I-95,ABILENE;DAL;LITTLE_ROCK;MEM;NASHVILLE;LOUISVILLE;CINCINNATI;COLUMBUS;PENNSYLVANIA;DC;RIC;FLO,T1,51.0,43.2,48h two-day,44.7,31.8,7.0,not-time-competitive,freight-rail-wins-bulk-road-wins-express,heuristic-planning
ABILENE,Abilene,T2,service_stop,MIN,Minneapolis,T1,national_transfer_hub,1268,352,long-gap-review,6,1,US80;I-35,ABILENE;DAL;OKC;KC;DSM;MIN,T1,27.7,23.6,24h overnight,24.9,17.6,5.0,not-time-competitive,freight-rail-wins-bulk-road-wins-express,heuristic-planning
ABILENE,Abilene,T2,service_stop,DSM,Des Moines,T1,transfer_hub,991,352,long-gap-review,5,1,US80;I-35,ABILENE;DAL;OKC;KC;DSM,T1,21.7,18.5,24h overnight,19.9,13.9,4.5,not-time-competitive,freight-rail-wins-bulk-road-wins-express,heuristic-planning
ABILENE,Abilene,T2,service_stop,KC,Kansas City,T1,national_transfer_hub,780,352,long-gap-review,4,1,US80;I-35,ABILENE;DAL;OKC;KC,T1,17.1,14.5,24h overnight,16.0,11.1,4.1,not-time-competitive,freight-rail-wins-bulk-road-wins-express,heuristic-planning
ABILENE,Abilene,T2,service_stop,OKC,Oklahoma City,T1,national_transfer_hub,428,225,sla-stop-rhythm-ok,3,1,US80;I-35,ABILENE;DAL;OKC,T1,9.5,8.1,12h half-day,9.6,6.4,3.4,not-time-competitive,corridor-specific-rail-check-needed,heuristic-planning
ABILENE,Abilene,T2,service_stop,AMA,Amarillo,T2,service_stop,597,394,long-gap-review,3,1,US80;US287,ABILENE;DAL;AMA,T2,13.1,11.2,12h half-day,12.7,8.7,3.7,not-time-competitive,rail-often-absent-road-flexibility-case,heuristic-planning
ABILENE,Abilene,T2,service_stop,MEM,Memphis,T2,national_transfer_hub,701,345,long-gap-review,4,1,US80;I-30,ABILENE;DAL;LITTLE_ROCK;MEM,T2,15.4,13.1,24h overnight,14.6,10.1,3.9,not-time-competitive,freight-rail-wins-bulk-road-wins-express,heuristic-planning
ABILENE,Abilene,T2,service_stop,NASHVILLE,Nashville,T1,national_transfer_hub,933,345,long-gap-review,5,2,US80;I-30;I-40,ABILENE;DAL;LITTLE_ROCK;MEM;NASHVILLE,T1,20.8,17.6,24h overnight,19.2,13.3,4.4,not-time-competitive,freight-rail-wins-bulk-road-wins-express,heuristic-planning
ABILENE,Abilene,T2,service_stop,KNX,Knoxville,T1,transfer_hub,1122,345,long-gap-review,6,2,US80;I-30;I-40,ABILENE;DAL;LITTLE_ROCK;MEM;NASHVILLE;KNX,T1,24.9,21.1,24h overnight,22.6,15.9,4.7,not-time-competitive,freight-rail-wins-bulk-road-wins-express,heuristic-planning
ABILENE,Abilene,T2,service_stop,ASHEVILLE,Asheville,T1,service_stop,1510,345,long-gap-review,9,5,US80;I-30;I-22;I-20;I-85;I-40,ABILENE;DAL;LITTLE_ROCK;MEM;BHM_APPROACH;ATL;GREENVILLE;CLT;ASHEVILLE,T1,34.4,29.1,36h next-day,30.7,21.6,5.5,not-time-competitive,freight-rail-wins-bulk-road-wins-express,heuristic-planning
ABILENE,Abilene,T2,service_stop,CLT,Charlotte,T2,national_transfer_hub,1392,345,long-gap-review,8,4,US80;I-30;I-22;I-20;I-85,ABILENE;DAL;LITTLE_ROCK;MEM;BHM_APPROACH;ATL;GREENVILLE;CLT,T1,31.5,26.7,36h next-day,28.2,19.9,5.3,not-time-competitive,freight-rail-wins-bulk-road-wins-express,heuristic-planning
ABILENE,Abilene,T2,service_stop,RALEIGH_APPROACH,Raleigh,T1,national_transfer_hub,1545,345,long-gap-review,9,5,US80;I-30;I-22;I-20;I-85;I-40,ABILENE;DAL;LITTLE_ROCK;MEM;BHM_APPROACH;ATL;GREENVILLE;CLT;RALEIGH_APPROACH,T1,35.2,29.8,36h next-day,31.3,22.1,5.6,not-time-competitive,freight-rail-wins-bulk-road-wins-express,heuristic-planning
ABILENE,Abilene,T2,service_stop,INDY_APPROACH,Indianapolis,T1,national_transfer_hub,1537,345,long-gap-review,9,5,US80;I-30;I-40;I-65;I-75;I-70,ABILENE;DAL;LITTLE_ROCK;MEM;NASHVILLE;LOUISVILLE;CINCINNATI;COLUMBUS;INDY_APPROACH,T1,35.0,29.6,36h next-day,31.2,22.0,5.6,not-time-competitive,freight-rail-wins-bulk-road-wins-express,heuristic-planning
ABILENE,Abilene,T2,service_stop,FORT_WAYNE,Fort Wayne,T1,service_stop,1661,345,long-gap-review,10,6,US80;I-30;I-40;I-65;I-75;I-70;I-69,ABILENE;DAL;LITTLE_ROCK;MEM;NASHVILLE;LOUISVILLE;CINCINNATI;COLUMBUS;INDY_APPROACH;FORT_WAYNE,T1,38.1,32.2,36h next-day,33.8,23.8,5.8,not-time-competitive,freight-rail-wins-bulk-road-wins-express,heuristic-planning
ABILENE,Abilene,T2,service_stop,CHI_APPROACH,South Bend,T1,service_stop,1442,365,long-gap-review,7,3,US80;I-35;I-80;I-69,ABILENE;DAL;OKC;KC;DSM;CHI;CHI_APPROACH,T1,32.1,27.3,36h next-day,28.8,20.3,5.4,not-time-competitive,freight-rail-wins-bulk-road-wins-express,heuristic-planning
ABILENE,Abilene,T2,service_stop,CHI,Chicago,T1,national_transfer_hub,1356,365,long-gap-review,6,2,US80;I-35;I-80,ABILENE;DAL;OKC;KC;DSM;CHI,T1,29.9,25.4,36h next-day,26.9,19.0,5.2,not-time-competitive,freight-rail-wins-bulk-road-wins-express,heuristic-planning
ABILENE,Abilene,T2,service_stop,TOL,Toledo,T1,national_transfer_hub,1482,345,long-gap-review,9,4,US80;I-30;I-40;I-65;I-75,ABILENE;DAL;LITTLE_ROCK;MEM;NASHVILLE;LOUISVILLE;CINCINNATI;COLUMBUS;TOL,T1,33.5,28.4,36h next-day,29.8,21.1,5.5,not-time-competitive,freight-rail-wins-bulk-road-wins-express,heuristic-planning
ABILENE,Abilene,T2,service_stop,COLUMBUS,Columbus,T1,national_transfer_hub,1339,345,long-gap-review,8,4,US80;I-30;I-40;I-65;I-75,ABILENE;DAL;LITTLE_ROCK;MEM;NASHVILLE;LOUISVILLE;CINCINNATI;COLUMBUS,T1,30.4,25.7,36h next-day,27.2,19.1,5.2,not-time-competitive,freight-rail-wins-bulk-road-wins-express,heuristic-planning
ABILENE,Abilene,T2,service_stop,CINCINNATI,Cincinnati,T2,national_transfer_hub,1221,345,long-gap-review,7,3,US80;I-30;I-40;I-65,ABILENE;DAL;LITTLE_ROCK;MEM;NASHVILLE;LOUISVILLE;CINCINNATI,T1,27.4,23.2,24h overnight,24.7,17.4,4.9,not-time-competitive,freight-rail-wins-bulk-road-wins-express,heuristic-planning
ABILENE,Abilene,T2,service_stop,CHATTANOOGA,Chattanooga,T2,service_stop,1118,345,long-gap-review,6,3,US80;I-30;I-22;I-59,ABILENE;DAL;LITTLE_ROCK;MEM;BHM_APPROACH;CHATTANOOGA,T2,25.1,21.3,24h overnight,22.9,16.0,4.7,not-time-competitive,freight-rail-wins-bulk-road-wins-express,heuristic-planning
ABILENE,Abilene,T2,service_stop,MONTGOMERY,Montgomery,T2,service_stop,1294,345,long-gap-review,7,4,US80;I-30;I-22;I-20;US80,ABILENE;DAL;LITTLE_ROCK;MEM;BHM_APPROACH;ATL;MONTGOMERY,T1,29.3,24.8,36h next-day,26.4,18.6,5.1,not-time-competitive,freight-rail-wins-bulk-road-wins-express,heuristic-planning
ABILENE,Abilene,T2,service_stop,GAINESVILLE,Gainesville,T1,service_stop,1486,364,long-gap-review,7,4,US80;I-30;I-22;I-20;I-75,ABILENE;DAL;LITTLE_ROCK;MEM;BHM_APPROACH;ATL;GAINESVILLE,T1,33.4,28.3,36h next-day,29.9,21.1,5.5,not-time-competitive,freight-rail-wins-bulk-road-wins-express,heuristic-planning
ABILENE,Abilene,T2,service_stop,SLC,Salt Lake,T1,national_transfer_hub,1874,657,needs-intermediate-stops,6,2,US80;I-35;I-70,ABILENE;DAL;OKC;KC;DEN;SLC,T1,40.9,34.8,36h next-day,36.3,25.9,6.2,not-time-competitive,freight-rail-wins-bulk-road-wins-express,heuristic-planning
ABILENE,Abilene,T2,service_stop,CHEYENNE,Cheyenne,T2,service_stop,1552,657,needs-intermediate-stops,6,3,US80;I-35;I-70;I-25,ABILENE;DAL;OKC;KC;DEN;CHEYENNE,T1,34.4,29.2,36h next-day,30.8,21.8,5.6,not-time-competitive,freight-rail-wins-bulk-road-wins-express,heuristic-planning
ABILENE,Abilene,T2,service_stop,OMAHA,Omaha,T1,national_transfer_hub,1135,352,long-gap-review,6,2,US80;I-35;I-80,ABILENE;DAL;OKC;KC;DSM;OMAHA,T1,25.2,21.4,24h overnight,22.8,16.0,4.8,not-time-competitive,freight-rail-wins-bulk-road-wins-express,heuristic-planning
ABILENE,Abilene,T2,service_stop,FARGO,Fargo,T2,service_stop,1596,461,needs-intermediate-stops,7,3,US80;I-35;I-80;I-29,ABILENE;DAL;OKC;KC;DSM;OMAHA;FARGO,T1,35.4,30.1,36h next-day,31.6,22.4,5.7,not-time-competitive,freight-rail-wins-bulk-road-wins-express,heuristic-planning
ABILENE,Abilene,T2,service_stop,NYC,New York,T2,transfer_hub,1903,382,long-gap-review,10,6,US80;I-30;I-40;I-65;I-75;I-70;I-81,ABILENE;DAL;LITTLE_ROCK;MEM;NASHVILLE;LOUISVILLE;CINCINNATI;COLUMBUS;PENNSYLVANIA;NYC,T1,43.2,36.6,48h two-day,38.2,27.1,6.3,not-time-competitive,freight-rail-wins-bulk-road-wins-express,heuristic-planning
ABILENE,Abilene,T2,service_stop,BIL,Billings*,T1,national_transfer_hub,1308,974,needs-intermediate-stops,3,1,US83;I-90,ABILENE;RAPID_CITY;BIL,T1,28.3,24.1,36h next-day,25.6,18.1,5.1,not-time-competitive,freight-rail-wins-bulk-road-wins-express,heuristic-planning
ABILENE,Abilene,T2,service_stop,RAPID_CITY,Rapid City,T2,national_transfer_hub,974,974,needs-intermediate-stops,2,0,US83,ABILENE;RAPID_CITY,T2,20.7,17.7,24h overnight,19.2,13.5,4.4,not-time-competitive,freight-rail-wins-bulk-road-wins-express,heuristic-planning
ABILENE,Abilene,T2,service_stop,MILWAUKEE,Milwaukee,T1,service_stop,1454,365,long-gap-review,8,3,US80;I-35;I-80;I-90,ABILENE;DAL;OKC;KC;DSM;CHI;CHI_NORTH;MILWAUKEE,T1,32.5,27.5,36h next-day,29.0,20.5,5.4,not-time-competitive,freight-rail-wins-bulk-road-wins-express,heuristic-planning
ABILENE,Abilene,T2,service_stop,CHI_NORTH,North Chicago,T1,service_stop,1371,365,long-gap-review,7,3,US80;I-35;I-80;I-90,ABILENE;DAL;OKC;KC;DSM;CHI;CHI_NORTH,T1,30.6,26.0,36h next-day,27.5,19.4,5.2,not-time-competitive,freight-rail-wins-bulk-road-wins-express,heuristic-planning
ABILENE,Abilene,T2,service_stop,PHILADELPHIA,Philadelphia,T2,service_stop,1831,382,long-gap-review,10,6,US80;I-30;I-40;I-65;I-75;I-70;I-76,ABILENE;DAL;LITTLE_ROCK;MEM;NASHVILLE;LOUISVILLE;CINCINNATI;COLUMBUS;PENNSYLVANIA;PHILADELPHIA,T1,41.7,35.3,36h next-day,36.9,26.1,6.2,not-time-competitive,freight-rail-wins-bulk-road-wins-express,heuristic-planning
ABILENE,Abilene,T2,service_stop,DC,Washington,T1,service_stop,1833,382,long-gap-review,10,5,US80;I-30;I-40;I-65;I-75;I-70,ABILENE;DAL;LITTLE_ROCK;MEM;NASHVILLE;LOUISVILLE;CINCINNATI;COLUMBUS;PENNSYLVANIA;DC,T1,41.4,35.1,36h next-day,36.6,25.9,6.2,not-time-competitive,freight-rail-wins-bulk-road-wins-express,heuristic-planning
ABILENE,Abilene,T2,service_stop,RIC,Richmond,T1,national_transfer_hub,1947,382,long-gap-review,11,6,US80;I-30;I-40;I-65;I-75;I-70;I-95,ABILENE;DAL;LITTLE_ROCK;MEM;NASHVILLE;LOUISVILLE;CINCINNATI;COLUMBUS;PENNSYLVANIA;DC;RIC,T1,44.2,37.4,48h two-day,39.0,27.7,6.4,not-time-competitive,freight-rail-wins-bulk-road-wins-express,heuristic-planning
ABILENE,Abilene,T2,service_stop,BEN,Benson,T1,transfer_hub,2385,382,long-gap-review,13,7,US80;I-30;I-40;I-65;I-75;I-70;I-95;I-40,ABILENE;DAL;LITTLE_ROCK;MEM;NASHVILLE;LOUISVILLE;CINCINNATI;COLUMBUS;PENNSYLVANIA;DC;RIC;FLO;BEN,T1,54.1,45.8,48h two-day,47.3,33.7,7.3,not-time-competitive,freight-rail-wins-bulk-road-wins-express,heuristic-planning
ABILENE,Abilene,T2,service_stop,GREENVILLE,Greenville,T2,service_stop,1283,345,long-gap-review,7,4,US80;I-30;I-22;I-20;I-85,ABILENE;DAL;LITTLE_ROCK;MEM;BHM_APPROACH;ATL;GREENVILLE,T1,29.1,24.6,36h next-day,26.2,18.4,5.1,not-time-competitive,freight-rail-wins-bulk-road-wins-express,heuristic-planning
ABILENE,Abilene,T2,service_stop,GREENSBORO,Greensboro,T2,service_stop,1490,345,long-gap-review,9,4,US80;I-30;I-22;I-20;I-85,ABILENE;DAL;LITTLE_ROCK;MEM;BHM_APPROACH;ATL;GREENVILLE;CLT;GREENSBORO,T1,33.7,28.5,36h next-day,30.0,21.2,5.5,not-time-competitive,freight-rail-wins-bulk-road-wins-express,heuristic-planning
ABILENE,Abilene,T2,service_stop,MOBILE,Mobile,T1,service_stop,1010,262,long-gap-review,7,3,US83;I-10;US90;I-10,ABILENE;SAT;HOU;BEAUMONT;LAFAYETTE;GULFPORT;MOBILE,T1,22.9,19.4,24h overnight,20.9,14.6,4.5,not-time-competitive,freight-rail-wins-bulk-road-wins-express,heuristic-planning
ABILENE,Abilene,T2,service_stop,LOUISVILLE,Louisville,T2,national_transfer_hub,1114,345,long-gap-review,6,3,US80;I-30;I-40;I-65,ABILENE;DAL;LITTLE_ROCK;MEM;NASHVILLE;LOUISVILLE,T1,25.1,21.2,24h overnight,22.8,16.0,4.7,not-time-competitive,freight-rail-wins-bulk-road-wins-express,heuristic-planning
ABILENE,Abilene,T2,service_stop,LITTLE_ROCK,Little Rock,T2,national_transfer_hub,548,345,long-gap-review,3,1,US80;I-30,ABILENE;DAL;LITTLE_ROCK,T2,12.1,10.3,12h half-day,11.8,8.0,3.6,not-time-competitive,rail-often-absent-road-flexibility-case,heuristic-planning
ABILENE,Abilene,T2,service_stop,DEN,Denver,T1,national_transfer_hub,1437,657,needs-intermediate-stops,5,2,US80;I-35;I-70,ABILENE;DAL;OKC;KC;DEN,T1,31.5,26.8,36h next-day,28.3,20.1,5.4,not-time-competitive,freight-rail-wins-bulk-road-wins-express,heuristic-planning
ABILENE,Abilene,T2,service_stop,COLORADO_SPRINGS,Colorado Springs,T2,service_stop,1512,657,needs-intermediate-stops,6,3,US80;I-35;I-70;I-25,ABILENE;DAL;OKC;KC;DEN;COLORADO_SPRINGS,T1,33.5,28.5,36h next-day,30.0,21.3,5.5,not-time-competitive,freight-rail-wins-bulk-road-wins-express,heuristic-planning
ABILENE,Abilene,T2,service_stop,CAPITAL_BELTWAY_N,Capital North,T2,service_stop,1844,382,long-gap-review,11,6,US80;I-30;I-40;I-65;I-75;I-70;I-495,ABILENE;DAL;LITTLE_ROCK;MEM;NASHVILLE;LOUISVILLE;CINCINNATI;COLUMBUS;PENNSYLVANIA;DC;CAPITAL_BELTWAY_N,T1,42.1,35.6,36h next-day,37.1,26.3,6.2,not-time-competitive,freight-rail-wins-bulk-road-wins-express,heuristic-planning
ABILENE,Abilene,T2,service_stop,CAPITAL_BELTWAY_E,Capital East,T2,service_stop,1855,382,long-gap-review,12,6,US80;I-30;I-40;I-65;I-75;I-70;I-495,ABILENE;DAL;LITTLE_ROCK;MEM;NASHVILLE;LOUISVILLE;CINCINNATI;COLUMBUS;PENNSYLVANIA;DC;CAPITAL_BELTWAY_S;CAPITAL_BELTWAY_E,T1,42.4,35.8,36h next-day,37.3,26.4,6.2,not-time-competitive,freight-rail-wins-bulk-road-wins-express,heuristic-planning
ABILENE,Abilene,T2,service_stop,CAPITAL_BELTWAY_S,Capital South,T2,service_stop,1842,382,long-gap-review,11,6,US80;I-30;I-40;I-65;I-75;I-70;I-495,ABILENE;DAL;LITTLE_ROCK;MEM;NASHVILLE;LOUISVILLE;CINCINNATI;COLUMBUS;PENNSYLVANIA;DC;CAPITAL_BELTWAY_S,T1,42.0,35.5,36h next-day,37.1,26.3,6.2,not-time-competitive,freight-rail-wins-bulk-road-wins-express,heuristic-planning
ABILENE,Abilene,T2,service_stop,JOPLIN,Joplin,T2,service_stop,788,374,long-gap-review,4,2,US80;I-20;I-49,ABILENE;DAL;SHV;JOPLIN,T1,17.6,14.9,24h overnight,16.5,11.4,4.1,not-time-competitive,freight-rail-wins-bulk-road-wins-express,heuristic-planning
ABILENE,Abilene,T2,service_stop,HAGERSTOWN,Hagerstown,T2,service_stop,1794,382,long-gap-review,10,6,US80;I-30;I-40;I-65;I-75;I-70;I-81,ABILENE;DAL;LITTLE_ROCK;MEM;NASHVILLE;LOUISVILLE;CINCINNATI;COLUMBUS;PENNSYLVANIA;HAGERSTOWN,T1,40.9,34.6,36h next-day,36.2,25.6,6.1,not-time-competitive,freight-rail-wins-bulk-road-wins-express,heuristic-planning
ABILENE,Abilene,T2,service_stop,STL,St. Louis,T1,national_transfer_hub,1060,352,long-gap-review,5,2,US80;I-35;I-70,ABILENE;DAL;OKC;KC;STL,T1,23.5,20.0,24h overnight,21.5,15.0,4.6,not-time-competitive,freight-rail-wins-bulk-road-wins-express,heuristic-planning
ABILENE,Abilene,T2,service_stop,PITTSBURGH,Pittsburgh,T2,service_stop,1820,428,needs-intermediate-stops,9,5,US80;I-30;I-22;I-20;I-85;I-77,ABILENE;DAL;LITTLE_ROCK;MEM;BHM_APPROACH;ATL;GREENVILLE;CLT;PITTSBURGH,T1,41.0,34.8,36h next-day,36.3,25.8,6.1,not-time-competitive,freight-rail-wins-bulk-road-wins-express,heuristic-planning
ABILENE,Abilene,T2,service_stop,PENNSYLVANIA,Harrisburg,T1,national_transfer_hub,1721,382,long-gap-review,9,5,US80;I-30;I-40;I-65;I-75;I-70,ABILENE;DAL;LITTLE_ROCK;MEM;NASHVILLE;LOUISVILLE;CINCINNATI;COLUMBUS;PENNSYLVANIA,T1,38.9,33.0,36h next-day,34.5,24.4,5.9,not-time-competitive,freight-rail-wins-bulk-road-wins-express,heuristic-planning
ABILENE,Abilene,T2,service_stop,GULFPORT,Gulfport,T2,national_transfer_hub,932,262,long-gap-review,6,2,US83;I-10;US90,ABILENE;SAT;HOU;BEAUMONT;LAFAYETTE;GULFPORT,T1,20.8,17.7,24h overnight,19.1,13.3,4.4,not-time-competitive,freight-rail-wins-bulk-road-wins-express,heuristic-planning
ABILENE,Abilene,T2,service_stop,CORPUS,Corpus Christi,T2,national_transfer_hub,415,262,long-gap-review,3,1,US83;I-37,ABILENE;SAT;CORPUS,T2,9.3,7.9,12h half-day,9.4,6.2,3.3,not-time-competitive,rail-often-absent-road-flexibility-case,heuristic-planning
SHV,Shreveport,T1,service_stop,BHM_APPROACH,Birmingham,T2,national_transfer_hub,965,345,long-gap-review,5,2,I-20;I-30;I-22,SHV;DAL;LITTLE_ROCK;MEM;BHM_APPROACH,T1,21.5,18.2,24h overnight,19.7,13.8,4.4,not-time-competitive,freight-rail-wins-bulk-road-wins-express,heuristic-planning
SHV,Shreveport,T1,service_stop,ATL,Atlanta,T1,national_transfer_hub,1129,345,long-gap-review,6,3,I-20;I-30;I-22;I-20,SHV;DAL;LITTLE_ROCK;MEM;BHM_APPROACH;ATL,T1,25.4,21.5,24h overnight,23.1,16.2,4.8,not-time-competitive,freight-rail-wins-bulk-road-wins-express,heuristic-planning
SHV,Shreveport,T1,service_stop,COLUMBIA,Columbia,T1,service_stop,1358,345,long-gap-review,7,3,I-20;I-30;I-22;I-20,SHV;DAL;LITTLE_ROCK;MEM;BHM_APPROACH;ATL;COLUMBIA,T1,30.3,25.7,36h next-day,27.2,19.2,5.2,not-time-competitive,freight-rail-wins-bulk-road-wins-express,heuristic-planning
SHV,Shreveport,T1,service_stop,FLO,Florence,T1,transfer_hub,2267,382,long-gap-review,12,6,I-20;I-30;I-40;I-65;I-75;I-70;I-95,SHV;DAL;LITTLE_ROCK;MEM;NASHVILLE;LOUISVILLE;CINCINNATI;COLUMBUS;PENNSYLVANIA;DC;RIC;FLO,T1,51.1,43.3,48h two-day,44.8,31.9,7.0,not-time-competitive,freight-rail-wins-bulk-road-wins-express,heuristic-planning
SHV,Shreveport,T2,service_stop,MIN,Minneapolis,T1,national_transfer_hub,1028,374,long-gap-review,5,1,I-49;I-35,SHV;JOPLIN;KC;DSM;MIN,T1,22.5,19.1,24h overnight,20.5,14.4,4.6,not-time-competitive,freight-rail-wins-bulk-road-wins-express,heuristic-planning
SHV,Shreveport,T2,service_stop,DSM,Des Moines,T1,transfer_hub,751,374,long-gap-review,4,1,I-49;I-35,SHV;JOPLIN;KC;DSM,T1,16.5,14.0,24h overnight,15.5,10.7,4.0,not-time-competitive,freight-rail-wins-bulk-road-wins-express,heuristic-planning
SHV,Shreveport,T2,service_stop,KC,Kansas City,T2,national_transfer_hub,539,374,long-gap-review,3,0,I-49,SHV;JOPLIN;KC,T2,11.6,9.9,12h half-day,11.3,7.7,3.6,not-time-competitive,rail-often-absent-road-flexibility-case,heuristic-planning
SHV,Shreveport,T1,service_stop,OKC,Oklahoma City,T1,national_transfer_hub,435,225,sla-stop-rhythm-ok,3,1,I-20;I-35,SHV;DAL;OKC,T1,9.7,8.2,12h half-day,9.8,6.5,3.4,not-time-competitive,corridor-specific-rail-check-needed,heuristic-planning
SHV,Shreveport,T1,service_stop,AMA,Amarillo,T2,service_stop,604,394,long-gap-review,3,1,I-20;US287,SHV;DAL;AMA,T1,13.3,11.3,12h half-day,12.8,8.8,3.7,not-time-competitive,corridor-specific-rail-check-needed,heuristic-planning
SHV,Shreveport,T1,service_stop,MEM,Memphis,T2,national_transfer_hub,709,345,long-gap-review,4,1,I-20;I-30,SHV;DAL;LITTLE_ROCK;MEM,T1,15.6,13.3,24h overnight,14.7,10.2,3.9,not-time-competitive,freight-rail-wins-bulk-road-wins-express,heuristic-planning
SHV,Shreveport,T1,service_stop,NASHVILLE,Nashville,T1,national_transfer_hub,941,345,long-gap-review,5,2,I-20;I-30;I-40,SHV;DAL;LITTLE_ROCK;MEM;NASHVILLE,T1,21.0,17.8,24h overnight,19.3,13.4,4.4,not-time-competitive,freight-rail-wins-bulk-road-wins-express,heuristic-planning
SHV,Shreveport,T1,service_stop,KNX,Knoxville,T1,transfer_hub,1130,345,long-gap-review,6,2,I-20;I-30;I-40,SHV;DAL;LITTLE_ROCK;MEM;NASHVILLE;KNX,T1,25.1,21.3,24h overnight,22.7,16.0,4.8,not-time-competitive,freight-rail-wins-bulk-road-wins-express,heuristic-planning
SHV,Shreveport,T1,service_stop,ASHEVILLE,Asheville,T1,service_stop,1517,345,long-gap-review,9,5,I-20;I-30;I-22;I-20;I-85;I-40,SHV;DAL;LITTLE_ROCK;MEM;BHM_APPROACH;ATL;GREENVILLE;CLT;ASHEVILLE,T1,34.6,29.3,36h next-day,30.8,21.7,5.5,not-time-competitive,freight-rail-wins-bulk-road-wins-express,heuristic-planning
SHV,Shreveport,T1,service_stop,CLT,Charlotte,T2,national_transfer_hub,1399,345,long-gap-review,8,4,I-20;I-30;I-22;I-20;I-85,SHV;DAL;LITTLE_ROCK;MEM;BHM_APPROACH;ATL;GREENVILLE;CLT,T1,31.7,26.8,36h next-day,28.3,20.0,5.3,not-time-competitive,freight-rail-wins-bulk-road-wins-express,heuristic-planning
SHV,Shreveport,T1,service_stop,RALEIGH_APPROACH,Raleigh,T1,national_transfer_hub,1552,345,long-gap-review,9,5,I-20;I-30;I-22;I-20;I-85;I-40,SHV;DAL;LITTLE_ROCK;MEM;BHM_APPROACH;ATL;GREENVILLE;CLT;RALEIGH_APPROACH,T1,35.3,29.9,36h next-day,31.5,22.2,5.6,not-time-competitive,freight-rail-wins-bulk-road-wins-express,heuristic-planning
SHV,Shreveport,T1,service_stop,INDY_APPROACH,Indianapolis,T1,national_transfer_hub,1544,345,long-gap-review,9,5,I-20;I-30;I-40;I-65;I-75;I-70,SHV;DAL;LITTLE_ROCK;MEM;NASHVILLE;LOUISVILLE;CINCINNATI;COLUMBUS;INDY_APPROACH,T1,35.2,29.7,36h next-day,31.3,22.1,5.6,not-time-competitive,freight-rail-wins-bulk-road-wins-express,heuristic-planning
SHV,Shreveport,T1,service_stop,FORT_WAYNE,Fort Wayne,T1,service_stop,1669,345,long-gap-review,10,6,I-20;I-30;I-40;I-65;I-75;I-70;I-69,SHV;DAL;LITTLE_ROCK;MEM;NASHVILLE;LOUISVILLE;CINCINNATI;COLUMBUS;INDY_APPROACH;FORT_WAYNE,T1,38.2,32.3,36h next-day,33.9,23.9,5.8,not-time-competitive,freight-rail-wins-bulk-road-wins-express,heuristic-planning
SHV,Shreveport,T2,service_stop,CHI_APPROACH,South Bend,T1,service_stop,1201,374,long-gap-review,6,3,I-49;I-35;I-80;I-69,SHV;JOPLIN;KC;DSM;CHI;CHI_APPROACH,T1,26.9,22.8,24h overnight,24.4,17.1,4.9,not-time-competitive,freight-rail-wins-bulk-road-wins-express,heuristic-planning
SHV,Shreveport,T2,service_stop,CHI,Chicago,T1,national_transfer_hub,1116,374,long-gap-review,5,2,I-49;I-35;I-80,SHV;JOPLIN;KC;DSM;CHI,T1,24.7,21.0,24h overnight,22.5,15.8,4.7,not-time-competitive,freight-rail-wins-bulk-road-wins-express,heuristic-planning
SHV,Shreveport,T2,service_stop,TOL,Toledo,T1,national_transfer_hub,1364,374,long-gap-review,6,2,I-49;I-35;I-80,SHV;JOPLIN;KC;DSM;CHI;TOL,T1,30.0,25.5,36h next-day,27.0,19.1,5.2,not-time-competitive,freight-rail-wins-bulk-road-wins-express,heuristic-planning
SHV,Shreveport,T1,service_stop,COLUMBUS,Columbus,T1,national_transfer_hub,1346,345,long-gap-review,8,4,I-20;I-30;I-40;I-65;I-75,SHV;DAL;LITTLE_ROCK;MEM;NASHVILLE;LOUISVILLE;CINCINNATI;COLUMBUS,T1,30.5,25.8,36h next-day,27.4,19.2,5.2,not-time-competitive,freight-rail-wins-bulk-road-wins-express,heuristic-planning
SHV,Shreveport,T1,service_stop,CINCINNATI,Cincinnati,T2,national_transfer_hub,1228,345,long-gap-review,7,3,I-20;I-30;I-40;I-65,SHV;DAL;LITTLE_ROCK;MEM;NASHVILLE;LOUISVILLE;CINCINNATI,T1,27.6,23.4,24h overnight,24.9,17.5,5.0,not-time-competitive,freight-rail-wins-bulk-road-wins-express,heuristic-planning
SHV,Shreveport,T1,service_stop,CHATTANOOGA,Chattanooga,T2,service_stop,1125,345,long-gap-review,6,3,I-20;I-30;I-22;I-59,SHV;DAL;LITTLE_ROCK;MEM;BHM_APPROACH;CHATTANOOGA,T1,25.3,21.4,24h overnight,23.0,16.1,4.7,not-time-competitive,freight-rail-wins-bulk-road-wins-express,heuristic-planning
SHV,Shreveport,T1,service_stop,MONTGOMERY,Montgomery,T2,service_stop,1301,345,long-gap-review,7,4,I-20;I-30;I-22;I-20;US80,SHV;DAL;LITTLE_ROCK;MEM;BHM_APPROACH;ATL;MONTGOMERY,T1,29.5,25.0,36h next-day,26.6,18.6,5.1,not-time-competitive,freight-rail-wins-bulk-road-wins-express,heuristic-planning
SHV,Shreveport,T1,service_stop,GAINESVILLE,Gainesville,T1,service_stop,1493,364,long-gap-review,7,4,I-20;I-30;I-22;I-20;I-75,SHV;DAL;LITTLE_ROCK;MEM;BHM_APPROACH;ATL;GAINESVILLE,T1,33.6,28.4,36h next-day,30.0,21.2,5.5,not-time-competitive,freight-rail-wins-bulk-road-wins-express,heuristic-planning
SHV,Shreveport,T2,service_stop,SLC,Salt Lake,T1,national_transfer_hub,1634,657,needs-intermediate-stops,5,1,I-49;I-70,SHV;JOPLIN;KC;DEN;SLC,T1,35.4,30.1,36h next-day,31.6,22.5,5.8,not-time-competitive,freight-rail-wins-bulk-road-wins-express,heuristic-planning
SHV,Shreveport,T2,service_stop,CHEYENNE,Cheyenne,T2,service_stop,1311,657,needs-intermediate-stops,5,2,I-49;I-70;I-25,SHV;JOPLIN;KC;DEN;CHEYENNE,T1,28.8,24.5,36h next-day,26.0,18.4,5.1,not-time-competitive,freight-rail-wins-bulk-road-wins-express,heuristic-planning
SHV,Shreveport,T2,service_stop,OMAHA,Omaha,T1,national_transfer_hub,895,374,long-gap-review,5,2,I-49;I-35;I-80,SHV;JOPLIN;KC;DSM;OMAHA,T1,20.0,16.9,24h overnight,18.5,12.8,4.3,not-time-competitive,freight-rail-wins-bulk-road-wins-express,heuristic-planning
SHV,Shreveport,T2,service_stop,FARGO,Fargo,T2,service_stop,1355,461,needs-intermediate-stops,6,3,I-49;I-35;I-80;I-29,SHV;JOPLIN;KC;DSM;OMAHA;FARGO,T1,30.2,25.6,36h next-day,27.2,19.2,5.2,not-time-competitive,freight-rail-wins-bulk-road-wins-express,heuristic-planning
SHV,Shreveport,T1,service_stop,NYC,New York,T2,transfer_hub,1910,382,long-gap-review,10,6,I-20;I-30;I-40;I-65;I-75;I-70;I-81,SHV;DAL;LITTLE_ROCK;MEM;NASHVILLE;LOUISVILLE;CINCINNATI;COLUMBUS;PENNSYLVANIA;NYC,T1,43.4,36.7,48h two-day,38.3,27.2,6.3,not-time-competitive,freight-rail-wins-bulk-road-wins-express,heuristic-planning
SHV,Shreveport,T1,service_stop,BIL,Billings*,T1,national_transfer_hub,1722,974,needs-intermediate-stops,5,3,I-20;US80;US83;I-90,SHV;DAL;ABILENE;RAPID_CITY;BIL,T1,37.9,32.2,36h next-day,33.9,24.1,5.9,not-time-competitive,freight-rail-wins-bulk-road-wins-express,heuristic-planning
SHV,Shreveport,T1,service_stop,RAPID_CITY,Rapid City,T2,national_transfer_hub,1387,974,needs-intermediate-stops,4,2,I-20;US80;US83,SHV;DAL;ABILENE;RAPID_CITY,T1,30.4,25.8,36h next-day,27.4,19.4,5.3,not-time-competitive,freight-rail-wins-bulk-road-wins-express,heuristic-planning
SHV,Shreveport,T2,service_stop,MILWAUKEE,Milwaukee,T1,service_stop,1213,374,long-gap-review,7,3,I-49;I-35;I-80;I-90,SHV;JOPLIN;KC;DSM;CHI;CHI_NORTH;MILWAUKEE,T1,27.3,23.1,24h overnight,24.6,17.3,4.9,not-time-competitive,freight-rail-wins-bulk-road-wins-express,heuristic-planning
SHV,Shreveport,T2,service_stop,CHI_NORTH,North Chicago,T1,service_stop,1130,374,long-gap-review,6,3,I-49;I-35;I-80;I-90,SHV;JOPLIN;KC;DSM;CHI;CHI_NORTH,T1,25.4,21.5,24h overnight,23.1,16.2,4.8,not-time-competitive,freight-rail-wins-bulk-road-wins-express,heuristic-planning
SHV,Shreveport,T1,service_stop,PHILADELPHIA,Philadelphia,T2,service_stop,1838,382,long-gap-review,10,6,I-20;I-30;I-40;I-65;I-75;I-70;I-76,SHV;DAL;LITTLE_ROCK;MEM;NASHVILLE;LOUISVILLE;CINCINNATI;COLUMBUS;PENNSYLVANIA;PHILADELPHIA,T1,41.8,35.4,36h next-day,37.0,26.2,6.2,not-time-competitive,freight-rail-wins-bulk-road-wins-express,heuristic-planning
SHV,Shreveport,T1,service_stop,DC,Washington,T1,service_stop,1841,382,long-gap-review,10,5,I-20;I-30;I-40;I-65;I-75;I-70,SHV;DAL;LITTLE_ROCK;MEM;NASHVILLE;LOUISVILLE;CINCINNATI;COLUMBUS;PENNSYLVANIA;DC,T1,41.6,35.2,36h next-day,36.7,26.0,6.2,not-time-competitive,freight-rail-wins-bulk-road-wins-express,heuristic-planning
SHV,Shreveport,T1,service_stop,RIC,Richmond,T1,national_transfer_hub,1954,382,long-gap-review,11,6,I-20;I-30;I-40;I-65;I-75;I-70;I-95,SHV;DAL;LITTLE_ROCK;MEM;NASHVILLE;LOUISVILLE;CINCINNATI;COLUMBUS;PENNSYLVANIA;DC;RIC,T1,44.4,37.6,48h two-day,39.1,27.8,6.4,not-time-competitive,freight-rail-wins-bulk-road-wins-express,heuristic-planning
SHV,Shreveport,T1,service_stop,BEN,Benson,T1,transfer_hub,2393,382,long-gap-review,13,7,I-20;I-30;I-40;I-65;I-75;I-70;I-95;I-40,SHV;DAL;LITTLE_ROCK;MEM;NASHVILLE;LOUISVILLE;CINCINNATI;COLUMBUS;PENNSYLVANIA;DC;RIC;FLO;BEN,T1,54.2,45.9,48h two-day,47.5,33.8,7.3,not-time-competitive,freight-rail-wins-bulk-road-wins-express,heuristic-planning
SHV,Shreveport,T1,service_stop,GREENVILLE,Greenville,T2,service_stop,1291,345,long-gap-review,7,4,I-20;I-30;I-22;I-20;I-85,SHV;DAL;LITTLE_ROCK;MEM;BHM_APPROACH;ATL;GREENVILLE,T1,29.3,24.8,36h next-day,26.4,18.5,5.1,not-time-competitive,freight-rail-wins-bulk-road-wins-express,heuristic-planning
SHV,Shreveport,T1,service_stop,GREENSBORO,Greensboro,T2,service_stop,1497,345,long-gap-review,9,4,I-20;I-30;I-22;I-20;I-85,SHV;DAL;LITTLE_ROCK;MEM;BHM_APPROACH;ATL;GREENVILLE;CLT;GREENSBORO,T1,33.8,28.6,36h next-day,30.1,21.3,5.5,not-time-competitive,freight-rail-wins-bulk-road-wins-express,heuristic-planning
SHV,Shreveport,T1,service_stop,MOBILE,Mobile,T2,service_stop,1211,345,long-gap-review,6,3,I-20;I-30;I-22;I-65,SHV;DAL;LITTLE_ROCK;MEM;BHM_APPROACH;MOBILE,T1,27.1,23.0,24h overnight,24.6,17.2,4.9,not-time-competitive,freight-rail-wins-bulk-road-wins-express,heuristic-planning
SHV,Shreveport,T1,service_stop,LOUISVILLE,Louisville,T2,national_transfer_hub,1121,345,long-gap-review,6,3,I-20;I-30;I-40;I-65,SHV;DAL;LITTLE_ROCK;MEM;NASHVILLE;LOUISVILLE,T1,25.2,21.4,24h overnight,22.9,16.1,4.7,not-time-competitive,freight-rail-wins-bulk-road-wins-express,heuristic-planning
SHV,Shreveport,T1,service_stop,LITTLE_ROCK,Little Rock,T2,national_transfer_hub,556,345,long-gap-review,3,1,I-20;I-30,SHV;DAL;LITTLE_ROCK,T1,12.3,10.4,12h half-day,12.0,8.1,3.6,not-time-competitive,corridor-specific-rail-check-needed,heuristic-planning
SHV,Shreveport,T2,service_stop,DEN,Denver,T1,national_transfer_hub,1197,657,needs-intermediate-stops,4,1,I-49;I-70,SHV;JOPLIN;KC;DEN,T1,26.0,22.1,24h overnight,23.6,16.7,4.9,not-time-competitive,freight-rail-wins-bulk-road-wins-express,heuristic-planning
SHV,Shreveport,T2,service_stop,COLORADO_SPRINGS,Colorado Springs,T2,service_stop,1272,657,needs-intermediate-stops,5,2,I-49;I-70;I-25,SHV;JOPLIN;KC;DEN;COLORADO_SPRINGS,T1,28.0,23.8,24h overnight,25.3,17.9,5.0,not-time-competitive,freight-rail-wins-bulk-road-wins-express,heuristic-planning
SHV,Shreveport,T1,service_stop,CAPITAL_BELTWAY_N,Capital North,T2,service_stop,1851,382,long-gap-review,11,6,I-20;I-30;I-40;I-65;I-75;I-70;I-495,SHV;DAL;LITTLE_ROCK;MEM;NASHVILLE;LOUISVILLE;CINCINNATI;COLUMBUS;PENNSYLVANIA;DC;CAPITAL_BELTWAY_N,T1,42.2,35.7,36h next-day,37.3,26.4,6.2,not-time-competitive,freight-rail-wins-bulk-road-wins-express,heuristic-planning
SHV,Shreveport,T1,service_stop,CAPITAL_BELTWAY_E,Capital East,T2,service_stop,1862,382,long-gap-review,12,6,I-20;I-30;I-40;I-65;I-75;I-70;I-495,SHV;DAL;LITTLE_ROCK;MEM;NASHVILLE;LOUISVILLE;CINCINNATI;COLUMBUS;PENNSYLVANIA;DC;CAPITAL_BELTWAY_S;CAPITAL_BELTWAY_E,T1,42.5,36.0,36h next-day,37.5,26.5,6.2,not-time-competitive,freight-rail-wins-bulk-road-wins-express,heuristic-planning
SHV,Shreveport,T1,service_stop,CAPITAL_BELTWAY_S,Capital South,T2,service_stop,1849,382,long-gap-review,11,6,I-20;I-30;I-40;I-65;I-75;I-70;I-495,SHV;DAL;LITTLE_ROCK;MEM;NASHVILLE;LOUISVILLE;CINCINNATI;COLUMBUS;PENNSYLVANIA;DC;CAPITAL_BELTWAY_S,T1,42.2,35.7,36h next-day,37.2,26.4,6.2,not-time-competitive,freight-rail-wins-bulk-road-wins-express,heuristic-planning
SHV,Shreveport,T2,service_stop,JOPLIN,Joplin,T2,service_stop,374,374,long-gap-review,2,0,I-49,SHV;JOPLIN,T2,8.0,6.8,12h half-day,8.3,5.5,3.2,not-time-competitive,rail-often-absent-road-flexibility-case,heuristic-planning
SHV,Shreveport,T1,service_stop,HAGERSTOWN,Hagerstown,T2,service_stop,1802,382,long-gap-review,10,6,I-20;I-30;I-40;I-65;I-75;I-70;I-81,SHV;DAL;LITTLE_ROCK;MEM;NASHVILLE;LOUISVILLE;CINCINNATI;COLUMBUS;PENNSYLVANIA;HAGERSTOWN,T1,41.1,34.7,36h next-day,36.4,25.7,6.1,not-time-competitive,freight-rail-wins-bulk-road-wins-express,heuristic-planning
SHV,Shreveport,T2,service_stop,STL,St. Louis,T1,national_transfer_hub,820,374,long-gap-review,4,1,I-49;I-70,SHV;JOPLIN;KC;STL,T1,18.0,15.3,24h overnight,16.8,11.6,4.1,not-time-competitive,freight-rail-wins-bulk-road-wins-express,heuristic-planning
SHV,Shreveport,T1,service_stop,PITTSBURGH,Pittsburgh,T2,service_stop,1828,428,needs-intermediate-stops,9,5,I-20;I-30;I-22;I-20;I-85;I-77,SHV;DAL;LITTLE_ROCK;MEM;BHM_APPROACH;ATL;GREENVILLE;CLT;PITTSBURGH,T1,41.2,34.9,36h next-day,36.5,25.9,6.2,not-time-competitive,freight-rail-wins-bulk-road-wins-express,heuristic-planning
SHV,Shreveport,T1,service_stop,PENNSYLVANIA,Harrisburg,T1,national_transfer_hub,1728,382,long-gap-review,9,5,I-20;I-30;I-40;I-65;I-75;I-70,SHV;DAL;LITTLE_ROCK;MEM;NASHVILLE;LOUISVILLE;CINCINNATI;COLUMBUS;PENNSYLVANIA,T1,39.1,33.1,36h next-day,34.7,24.5,6.0,not-time-competitive,freight-rail-wins-bulk-road-wins-express,heuristic-planning
SHV,Shreveport,T1,service_stop,GULFPORT,Gulfport,T2,national_transfer_hub,1179,298,long-gap-review,7,3,I-20;I-35;I-10;US90,SHV;DAL;SAT;HOU;BEAUMONT;LAFAYETTE;GULFPORT,T1,26.5,22.5,24h overnight,24.0,16.8,4.9,not-time-competitive,freight-rail-wins-bulk-road-wins-express,heuristic-planning
SHV,Shreveport,T1,service_stop,CORPUS,Corpus Christi,T2,national_transfer_hub,662,298,long-gap-review,4,2,I-20;I-35;I-37,SHV;DAL;SAT;CORPUS,T1,14.9,12.7,24h overnight,14.2,9.7,3.8,not-time-competitive,corridor-specific-rail-check-needed,heuristic-planning
BHM_APPROACH,Birmingham,T1,national_transfer_hub,ATL,Atlanta,T1,national_transfer_hub,165,165,sla-stop-rhythm-ok,2,0,I-20,BHM_APPROACH;ATL,T1,3.5,3.0,6h local,4.5,2.7,2.8,time-competitive,corridor-specific-rail-check-needed,heuristic-planning
BHM_APPROACH,Birmingham,T1,national_transfer_hub,COLUMBIA,Columbia,T1,service_stop,393,228,sla-stop-rhythm-ok,3,0,I-20,BHM_APPROACH;ATL;COLUMBIA,T1,8.4,7.2,12h half-day,8.6,5.7,3.3,not-time-competitive,corridor-specific-rail-check-needed,heuristic-planning
BHM_APPROACH,Birmingham,T2,national_transfer_hub,FLO,Florence,T1,transfer_hub,1542,382,long-gap-review,9,3,I-65;I-75;I-70;I-95,BHM_APPROACH;NASHVILLE;LOUISVILLE;CINCINNATI;COLUMBUS;PENNSYLVANIA;DC;RIC;FLO,T1,34.4,29.2,36h next-day,30.6,21.7,5.6,not-time-competitive,freight-rail-wins-bulk-road-wins-express,heuristic-planning
BHM_APPROACH,Birmingham,T2,national_transfer_hub,MIN,Minneapolis,T1,national_transfer_hub,1820,352,long-gap-review,8,2,I-22;I-30;I-35,BHM_APPROACH;MEM;LITTLE_ROCK;DAL;OKC;KC;DSM;MIN,T1,39.9,33.9,36h next-day,35.3,25.2,6.1,not-time-competitive,freight-rail-wins-bulk-road-wins-express,heuristic-planning
BHM_APPROACH,Birmingham,T2,national_transfer_hub,DSM,Des Moines,T1,transfer_hub,1543,352,long-gap-review,7,2,I-22;I-30;I-35,BHM_APPROACH;MEM;LITTLE_ROCK;DAL;OKC;KC;DSM,T1,33.9,28.8,36h next-day,30.2,21.5,5.6,not-time-competitive,freight-rail-wins-bulk-road-wins-express,heuristic-planning
BHM_APPROACH,Birmingham,T2,national_transfer_hub,KC,Kansas City,T1,national_transfer_hub,1331,352,long-gap-review,6,2,I-22;I-30;I-35,BHM_APPROACH;MEM;LITTLE_ROCK;DAL;OKC;KC,T1,29.3,24.9,36h next-day,26.4,18.6,5.2,not-time-competitive,freight-rail-wins-bulk-road-wins-express,heuristic-planning
BHM_APPROACH,Birmingham,T2,national_transfer_hub,OKC,Oklahoma City,T1,national_transfer_hub,979,345,long-gap-review,5,2,I-22;I-30;I-35,BHM_APPROACH;MEM;LITTLE_ROCK;DAL;OKC,T1,21.8,18.5,24h overnight,20.0,14.0,4.5,not-time-competitive,freight-rail-wins-bulk-road-wins-express,heuristic-planning
BHM_APPROACH,Birmingham,T2,national_transfer_hub,BARSTOW,Barstow,T2,national_transfer_hub,2275,1337,needs-intermediate-stops,6,4,I-22;I-30;US70;I-10;I-15,BHM_APPROACH;MEM;LITTLE_ROCK;PHX;LA;BARSTOW,T1,50.1,42.6,48h two-day,44.3,31.6,7.1,not-time-competitive,freight-rail-wins-bulk-road-wins-express,heuristic-planning
BHM_APPROACH,Birmingham,T2,national_transfer_hub,AMA,Amarillo,T2,service_stop,1148,394,long-gap-review,5,2,I-22;I-30;US287,BHM_APPROACH;MEM;LITTLE_ROCK;DAL;AMA,T2,25.4,21.6,24h overnight,23.1,16.2,4.8,not-time-competitive,freight-rail-wins-bulk-road-wins-express,heuristic-planning
BHM_APPROACH,Birmingham,T2,national_transfer_hub,MEM,Memphis,T2,national_transfer_hub,256,256,long-gap-review,2,0,I-22,BHM_APPROACH;MEM,T2,5.4,4.7,6h local,6.2,3.9,3.0,near-competitive-short-haul,rail-often-absent-road-flexibility-case,heuristic-planning
BHM_APPROACH,Birmingham,T2,national_transfer_hub,NASHVILLE,Nashville,T2,national_transfer_hub,215,215,sla-stop-rhythm-ok,2,0,I-65,BHM_APPROACH;NASHVILLE,T2,4.6,3.9,6h local,5.4,3.4,2.9,near-competitive-short-haul,rail-often-absent-road-flexibility-case,heuristic-planning
BHM_APPROACH,Birmingham,T2,national_transfer_hub,KNX,Knoxville,T1,transfer_hub,404,215,sla-stop-rhythm-ok,3,1,I-65;I-40,BHM_APPROACH;NASHVILLE;KNX,T1,9.0,7.7,12h half-day,9.2,6.1,3.3,not-time-competitive,corridor-specific-rail-check-needed,heuristic-planning
BHM_APPROACH,Birmingham,T1,national_transfer_hub,ASHEVILLE,Asheville,T1,service_stop,552,165,sla-stop-rhythm-ok,5,2,I-20;I-85;I-40,BHM_APPROACH;ATL;GREENVILLE;CLT;ASHEVILLE,T1,12.7,10.7,12h half-day,12.2,8.3,3.6,not-time-competitive,corridor-specific-rail-check-needed,heuristic-planning
BHM_APPROACH,Birmingham,T1,national_transfer_hub,CLT,Charlotte,T2,national_transfer_hub,435,165,sla-stop-rhythm-ok,4,1,I-20;I-85,BHM_APPROACH;ATL;GREENVILLE;CLT,T1,9.8,8.3,12h half-day,9.8,6.5,3.4,not-time-competitive,corridor-specific-rail-check-needed,heuristic-planning
BHM_APPROACH,Birmingham,T1,national_transfer_hub,RALEIGH_APPROACH,Raleigh,T1,national_transfer_hub,587,165,sla-stop-rhythm-ok,5,2,I-20;I-85;I-40,BHM_APPROACH;ATL;GREENVILLE;CLT;RALEIGH_APPROACH,T1,13.4,11.4,12h half-day,12.9,8.7,3.7,not-time-competitive,corridor-specific-rail-check-needed,heuristic-planning
BHM_APPROACH,Birmingham,T2,national_transfer_hub,INDY_APPROACH,Indianapolis,T1,national_transfer_hub,819,215,sla-stop-rhythm-ok,6,2,I-65;I-75;I-70,BHM_APPROACH;NASHVILLE;LOUISVILLE;CINCINNATI;COLUMBUS;INDY_APPROACH,T1,18.4,15.6,24h overnight,17.1,11.8,4.1,not-time-competitive,freight-rail-wins-bulk-road-wins-express,heuristic-planning
BHM_APPROACH,Birmingham,T2,national_transfer_hub,FORT_WAYNE,Fort Wayne,T1,service_stop,943,215,sla-stop-rhythm-ok,7,3,I-65;I-75;I-70;I-69,BHM_APPROACH;NASHVILLE;LOUISVILLE;CINCINNATI;COLUMBUS;INDY_APPROACH;FORT_WAYNE,T1,21.5,18.2,24h overnight,19.7,13.7,4.4,not-time-competitive,freight-rail-wins-bulk-road-wins-express,heuristic-planning
BHM_APPROACH,Birmingham,T2,national_transfer_hub,CHI_APPROACH,South Bend,T1,service_stop,1993,365,long-gap-review,9,4,I-22;I-30;I-35;I-80;I-69,BHM_APPROACH;MEM;LITTLE_ROCK;DAL;OKC;KC;DSM;CHI;CHI_APPROACH,T1,44.4,37.7,48h two-day,39.1,27.9,6.5,not-time-competitive,freight-rail-wins-bulk-road-wins-express,heuristic-planning
BHM_APPROACH,Birmingham,T2,national_transfer_hub,CHI,Chicago,T1,national_transfer_hub,1908,365,long-gap-review,8,3,I-22;I-30;I-35;I-80,BHM_APPROACH;MEM;LITTLE_ROCK;DAL;OKC;KC;DSM;CHI,T1,42.1,35.8,36h next-day,37.2,26.5,6.3,not-time-competitive,freight-rail-wins-bulk-road-wins-express,heuristic-planning
BHM_APPROACH,Birmingham,T2,national_transfer_hub,TOL,Toledo,T1,national_transfer_hub,764,215,sla-stop-rhythm-ok,6,1,I-65;I-75,BHM_APPROACH;NASHVILLE;LOUISVILLE;CINCINNATI;COLUMBUS;TOL,T1,16.9,14.4,24h overnight,15.7,10.9,4.0,not-time-competitive,freight-rail-wins-bulk-road-wins-express,heuristic-planning
BHM_APPROACH,Birmingham,T2,national_transfer_hub,COLUMBUS,Columbus,T1,national_transfer_hub,621,215,sla-stop-rhythm-ok,5,1,I-65;I-75,BHM_APPROACH;NASHVILLE;LOUISVILLE;CINCINNATI;COLUMBUS,T1,13.8,11.7,12h half-day,13.1,9.0,3.7,not-time-competitive,corridor-specific-rail-check-needed,heuristic-planning
BHM_APPROACH,Birmingham,T2,national_transfer_hub,CINCINNATI,Cincinnati,T2,national_transfer_hub,503,215,sla-stop-rhythm-ok,4,0,I-65,BHM_APPROACH;NASHVILLE;LOUISVILLE;CINCINNATI,T2,10.9,9.3,12h half-day,10.6,7.2,3.5,not-time-competitive,rail-often-absent-road-flexibility-case,heuristic-planning
BHM_APPROACH,Birmingham,T2,national_transfer_hub,CHATTANOOGA,Chattanooga,T2,service_stop,160,160,sla-stop-rhythm-ok,2,0,I-59,BHM_APPROACH;CHATTANOOGA,T2,3.4,2.9,6h local,4.4,2.6,2.8,time-competitive,rail-often-absent-road-flexibility-case,heuristic-planning
BHM_APPROACH,Birmingham,T1,national_transfer_hub,MONTGOMERY,Montgomery,T2,service_stop,336,172,sla-stop-rhythm-ok,3,1,I-20;US80,BHM_APPROACH;ATL;MONTGOMERY,T1,7.6,6.4,12h half-day,8.0,5.2,3.2,not-time-competitive,corridor-specific-rail-check-needed,heuristic-planning
BHM_APPROACH,Birmingham,T1,national_transfer_hub,GAINESVILLE,Gainesville,T1,service_stop,528,364,long-gap-review,3,1,I-20;I-75,BHM_APPROACH;ATL;GAINESVILLE,T1,11.7,9.9,12h half-day,11.5,7.7,3.6,not-time-competitive,corridor-specific-rail-check-needed,heuristic-planning
BHM_APPROACH,Birmingham,T2,national_transfer_hub,RENO,Reno,T1,service_stop,2727,1337,needs-intermediate-stops,8,5,I-22;I-30;US70;I-10;I-5;I-80,BHM_APPROACH;MEM;LITTLE_ROCK;PHX;LA;CENTRAL_VALLEY;SAC;RENO,T1,60.3,51.2,72h three-day,52.8,37.9,8.0,not-time-competitive,freight-rail-wins-bulk-road-wins-express,heuristic-planning
BHM_APPROACH,Birmingham,T2,national_transfer_hub,SLC,Salt Lake,T1,national_transfer_hub,2426,657,needs-intermediate-stops,8,3,I-22;I-30;I-35;I-70,BHM_APPROACH;MEM;LITTLE_ROCK;DAL;OKC;KC;DEN;SLC,T1,53.1,45.2,48h two-day,46.7,33.4,7.4,not-time-competitive,freight-rail-wins-bulk-road-wins-express,heuristic-planning
BHM_APPROACH,Birmingham,T2,national_transfer_hub,BOI,Boise,T2,national_transfer_hub,3573,1337,needs-intermediate-stops,9,5,I-22;I-30;US70;I-10;I-5;I-84,BHM_APPROACH;MEM;LITTLE_ROCK;PHX;LA;CENTRAL_VALLEY;SAC;POR;BOI,T1,78.3,66.6,72h three-day,68.2,49.1,9.6,not-time-competitive,freight-rail-wins-bulk-road-wins-express,heuristic-planning
BHM_APPROACH,Birmingham,T2,national_transfer_hub,LEWISTON,Lewiston,T2,service_stop,3711,1337,needs-intermediate-stops,11,6,I-22;I-30;US70;I-10;I-5;I-90;US95,BHM_APPROACH;MEM;LITTLE_ROCK;PHX;LA;CENTRAL_VALLEY;SAC;POR;SEA;SPK;LEWISTON,T1,81.8,69.5,72h three-day,71.1,51.2,9.9,not-time-competitive,freight-rail-wins-bulk-road-wins-express,heuristic-planning
BHM_APPROACH,Birmingham,T2,national_transfer_hub,CHEYENNE,Cheyenne,T2,service_stop,2103,657,needs-intermediate-stops,8,4,I-22;I-30;I-35;I-70;I-25,BHM_APPROACH;MEM;LITTLE_ROCK;DAL;OKC;KC;DEN;CHEYENNE,T1,46.6,39.6,48h two-day,41.1,29.3,6.7,not-time-competitive,freight-rail-wins-bulk-road-wins-express,heuristic-planning
BHM_APPROACH,Birmingham,T2,national_transfer_hub,OMAHA,Omaha,T1,national_transfer_hub,1686,352,long-gap-review,8,3,I-22;I-30;I-35;I-80,BHM_APPROACH;MEM;LITTLE_ROCK;DAL;OKC;KC;DSM;OMAHA,T1,37.4,31.8,36h next-day,33.2,23.6,5.9,not-time-competitive,freight-rail-wins-bulk-road-wins-express,heuristic-planning
BHM_APPROACH,Birmingham,T2,national_transfer_hub,FARGO,Fargo,T2,service_stop,2147,461,needs-intermediate-stops,9,4,I-22;I-30;I-35;I-80;I-29,BHM_APPROACH;MEM;LITTLE_ROCK;DAL;OKC;KC;DSM;OMAHA;FARGO,T1,47.6,40.5,48h two-day,41.9,29.9,6.8,not-time-competitive,freight-rail-wins-bulk-road-wins-express,heuristic-planning
BHM_APPROACH,Birmingham,T2,national_transfer_hub,NYC,New York,T2,transfer_hub,1185,382,long-gap-review,7,3,I-65;I-75;I-70;I-81,BHM_APPROACH;NASHVILLE;LOUISVILLE;CINCINNATI;COLUMBUS;PENNSYLVANIA;NYC,T1,26.7,22.6,24h overnight,24.1,16.9,4.9,not-time-competitive,freight-rail-wins-bulk-road-wins-express,heuristic-planning
BHM_APPROACH,Birmingham,T2,national_transfer_hub,SPK,Spokane,T1,service_stop,3607,1337,needs-intermediate-stops,10,5,I-22;I-30;US70;I-10;I-5;I-90,BHM_APPROACH;MEM;LITTLE_ROCK;PHX;LA;CENTRAL_VALLEY;SAC;POR;SEA;SPK,T1,79.1,67.3,72h three-day,68.8,49.6,9.7,not-time-competitive,freight-rail-wins-bulk-road-wins-express,heuristic-planning
BHM_APPROACH,Birmingham,T2,national_transfer_hub,BIL,Billings*,T1,national_transfer_hub,2266,974,needs-intermediate-stops,7,4,I-22;I-30;US80;US83;I-90,BHM_APPROACH;MEM;LITTLE_ROCK;DAL;ABILENE;RAPID_CITY;BIL,T1,50.0,42.5,48h two-day,44.1,31.5,7.0,not-time-competitive,freight-rail-wins-bulk-road-wins-express,heuristic-planning
BHM_APPROACH,Birmingham,T2,national_transfer_hub,RAPID_CITY,Rapid City,T2,national_transfer_hub,1931,974,needs-intermediate-stops,6,3,I-22;I-30;US80;US83,BHM_APPROACH;MEM;LITTLE_ROCK;DAL;ABILENE;RAPID_CITY,T2,42.5,36.1,48h two-day,37.7,26.9,6.4,not-time-competitive,freight-rail-wins-bulk-road-wins-express,heuristic-planning
BHM_APPROACH,Birmingham,T2,national_transfer_hub,MILWAUKEE,Milwaukee,T1,service_stop,2005,365,long-gap-review,10,4,I-22;I-30;I-35;I-80;I-90,BHM_APPROACH;MEM;LITTLE_ROCK;DAL;OKC;KC;DSM;CHI;CHI_NORTH;MILWAUKEE,T1,44.7,37.9,48h two-day,39.4,28.0,6.5,not-time-competitive,freight-rail-wins-bulk-road-wins-express,heuristic-planning
BHM_APPROACH,Birmingham,T2,national_transfer_hub,CHI_NORTH,North Chicago,T1,service_stop,1922,365,long-gap-review,9,4,I-22;I-30;I-35;I-80;I-90,BHM_APPROACH;MEM;LITTLE_ROCK;DAL;OKC;KC;DSM;CHI;CHI_NORTH,T1,42.9,36.4,48h two-day,37.8,26.9,6.3,not-time-competitive,freight-rail-wins-bulk-road-wins-express,heuristic-planning
BHM_APPROACH,Birmingham,T2,national_transfer_hub,PHILADELPHIA,Philadelphia,T2,service_stop,1113,382,long-gap-review,7,3,I-65;I-75;I-70;I-76,BHM_APPROACH;NASHVILLE;LOUISVILLE;CINCINNATI;COLUMBUS;PENNSYLVANIA;PHILADELPHIA,T1,25.1,21.3,24h overnight,22.8,15.9,4.7,not-time-competitive,freight-rail-wins-bulk-road-wins-express,heuristic-planning
BHM_APPROACH,Birmingham,T2,national_transfer_hub,DC,Washington,T1,service_stop,1115,382,long-gap-review,7,2,I-65;I-75;I-70,BHM_APPROACH;NASHVILLE;LOUISVILLE;CINCINNATI;COLUMBUS;PENNSYLVANIA;DC,T1,24.8,21.1,24h overnight,22.5,15.8,4.7,not-time-competitive,freight-rail-wins-bulk-road-wins-express,heuristic-planning
BHM_APPROACH,Birmingham,T2,national_transfer_hub,RIC,Richmond,T1,national_transfer_hub,1229,382,long-gap-review,8,3,I-65;I-75;I-70;I-95,BHM_APPROACH;NASHVILLE;LOUISVILLE;CINCINNATI;COLUMBUS;PENNSYLVANIA;DC;RIC,T1,27.7,23.5,24h overnight,24.9,17.5,5.0,not-time-competitive,freight-rail-wins-bulk-road-wins-express,heuristic-planning
BHM_APPROACH,Birmingham,T2,national_transfer_hub,BEN,Benson,T1,transfer_hub,1667,382,long-gap-review,10,4,I-65;I-75;I-70;I-95;I-40,BHM_APPROACH;NASHVILLE;LOUISVILLE;CINCINNATI;COLUMBUS;PENNSYLVANIA;DC;RIC;FLO;BEN,T1,37.5,31.8,36h next-day,33.2,23.5,5.8,not-time-competitive,freight-rail-wins-bulk-road-wins-express,heuristic-planning
BHM_APPROACH,Birmingham,T1,national_transfer_hub,GREENVILLE,Greenville,T2,service_stop,326,165,sla-stop-rhythm-ok,3,1,I-20;I-85,BHM_APPROACH;ATL;GREENVILLE,T1,7.4,6.2,12h half-day,7.8,5.0,3.2,not-time-competitive,corridor-specific-rail-check-needed,heuristic-planning
BHM_APPROACH,Birmingham,T1,national_transfer_hub,GREENSBORO,Greensboro,T2,service_stop,532,165,sla-stop-rhythm-ok,5,1,I-20;I-85,BHM_APPROACH;ATL;GREENVILLE;CLT;GREENSBORO,T1,11.9,10.1,12h half-day,11.5,7.8,3.6,not-time-competitive,corridor-specific-rail-check-needed,heuristic-planning
BHM_APPROACH,Birmingham,T2,national_transfer_hub,MOBILE,Mobile,T2,service_stop,246,246,sla-stop-rhythm-ok,2,0,I-65,BHM_APPROACH;MOBILE,T2,5.2,4.5,6h local,6.0,3.8,3.0,near-competitive-short-haul,rail-often-absent-road-flexibility-case,heuristic-planning
BHM_APPROACH,Birmingham,T2,national_transfer_hub,LOUISVILLE,Louisville,T2,national_transfer_hub,396,215,sla-stop-rhythm-ok,3,0,I-65,BHM_APPROACH;NASHVILLE;LOUISVILLE,T2,8.5,7.3,12h half-day,8.7,5.8,3.3,not-time-competitive,rail-often-absent-road-flexibility-case,heuristic-planning
BHM_APPROACH,Birmingham,T2,national_transfer_hub,LITTLE_ROCK,Little Rock,T2,national_transfer_hub,409,256,long-gap-review,3,1,I-22;I-30,BHM_APPROACH;MEM;LITTLE_ROCK,T2,9.1,7.7,12h half-day,9.3,6.2,3.3,not-time-competitive,rail-often-absent-road-flexibility-case,heuristic-planning
BHM_APPROACH,Birmingham,T2,national_transfer_hub,DEN,Denver,T1,national_transfer_hub,1988,657,needs-intermediate-stops,7,3,I-22;I-30;I-35;I-70,BHM_APPROACH;MEM;LITTLE_ROCK;DAL;OKC;KC;DEN,T1,43.8,37.2,48h two-day,38.7,27.6,6.5,not-time-competitive,freight-rail-wins-bulk-road-wins-express,heuristic-planning
BHM_APPROACH,Birmingham,T2,national_transfer_hub,COLORADO_SPRINGS,Colorado Springs,T2,service_stop,2063,657,needs-intermediate-stops,8,4,I-22;I-30;I-35;I-70;I-25,BHM_APPROACH;MEM;LITTLE_ROCK;DAL;OKC;KC;DEN;COLORADO_SPRINGS,T1,45.8,38.9,48h two-day,40.4,28.8,6.6,not-time-competitive,freight-rail-wins-bulk-road-wins-express,heuristic-planning
BHM_APPROACH,Birmingham,T2,national_transfer_hub,CAPITAL_BELTWAY_N,Capital North,T2,service_stop,1126,382,long-gap-review,8,3,I-65;I-75;I-70;I-495,BHM_APPROACH;NASHVILLE;LOUISVILLE;CINCINNATI;COLUMBUS;PENNSYLVANIA;DC;CAPITAL_BELTWAY_N,T1,25.5,21.6,24h overnight,23.0,16.1,4.8,not-time-competitive,freight-rail-wins-bulk-road-wins-express,heuristic-planning
BHM_APPROACH,Birmingham,T2,national_transfer_hub,CAPITAL_BELTWAY_E,Capital East,T2,service_stop,1137,382,long-gap-review,9,3,I-65;I-75;I-70;I-495,BHM_APPROACH;NASHVILLE;LOUISVILLE;CINCINNATI;COLUMBUS;PENNSYLVANIA;DC;CAPITAL_BELTWAY_S;CAPITAL_BELTWAY_E,T1,25.8,21.8,24h overnight,23.2,16.3,4.8,not-time-competitive,freight-rail-wins-bulk-road-wins-express,heuristic-planning
BHM_APPROACH,Birmingham,T2,national_transfer_hub,CAPITAL_BELTWAY_S,Capital South,T2,service_stop,1124,382,long-gap-review,8,3,I-65;I-75;I-70;I-495,BHM_APPROACH;NASHVILLE;LOUISVILLE;CINCINNATI;COLUMBUS;PENNSYLVANIA;DC;CAPITAL_BELTWAY_S,T1,25.4,21.6,24h overnight,23.0,16.1,4.7,not-time-competitive,freight-rail-wins-bulk-road-wins-express,heuristic-planning
BHM_APPROACH,Birmingham,T2,national_transfer_hub,JOPLIN,Joplin,T2,service_stop,1339,374,long-gap-review,6,3,I-22;I-30;I-20;I-49,BHM_APPROACH;MEM;LITTLE_ROCK;DAL;SHV;JOPLIN,T1,29.9,25.3,36h next-day,26.9,19.0,5.2,not-time-competitive,freight-rail-wins-bulk-road-wins-express,heuristic-planning
BHM_APPROACH,Birmingham,T2,national_transfer_hub,HAGERSTOWN,Hagerstown,T2,service_stop,1077,382,long-gap-review,7,3,I-65;I-75;I-70;I-81,BHM_APPROACH;NASHVILLE;LOUISVILLE;CINCINNATI;COLUMBUS;PENNSYLVANIA;HAGERSTOWN,T1,24.4,20.6,24h overnight,22.1,15.5,4.7,not-time-competitive,freight-rail-wins-bulk-road-wins-express,heuristic-planning
BHM_APPROACH,Birmingham,T2,national_transfer_hub,STL,St. Louis,T1,national_transfer_hub,1091,272,long-gap-review,7,2,I-65;I-75;I-70,BHM_APPROACH;NASHVILLE;LOUISVILLE;CINCINNATI;COLUMBUS;INDY_APPROACH;STL,T1,24.3,20.6,24h overnight,22.0,15.4,4.7,not-time-competitive,freight-rail-wins-bulk-road-wins-express,heuristic-planning
BHM_APPROACH,Birmingham,T1,national_transfer_hub,PITTSBURGH,Pittsburgh,T2,service_stop,863,428,needs-intermediate-stops,5,2,I-20;I-85;I-77,BHM_APPROACH;ATL;GREENVILLE;CLT;PITTSBURGH,T1,19.3,16.4,24h overnight,17.9,12.4,4.2,not-time-competitive,freight-rail-wins-bulk-road-wins-express,heuristic-planning
BHM_APPROACH,Birmingham,T2,national_transfer_hub,PENNSYLVANIA,Harrisburg,T1,national_transfer_hub,1003,382,long-gap-review,6,2,I-65;I-75;I-70,BHM_APPROACH;NASHVILLE;LOUISVILLE;CINCINNATI;COLUMBUS;PENNSYLVANIA,T1,22.4,19.0,24h overnight,20.4,14.3,4.5,not-time-competitive,freight-rail-wins-bulk-road-wins-express,heuristic-planning
BHM_APPROACH,Birmingham,T2,national_transfer_hub,GULFPORT,Gulfport,T1,national_transfer_hub,324,246,sla-stop-rhythm-ok,3,1,I-65;I-10,BHM_APPROACH;MOBILE;GULFPORT,T1,7.3,6.2,12h half-day,7.7,5.0,3.1,not-time-competitive,corridor-specific-rail-check-needed,heuristic-planning
BHM_APPROACH,Birmingham,T2,national_transfer_hub,CORPUS,Corpus Christi,T2,national_transfer_hub,1148,246,sla-stop-rhythm-ok,8,4,I-65;I-10;US90;I-10;I-37,BHM_APPROACH;MOBILE;GULFPORT;LAFAYETTE;BEAUMONT;HOU;SAT;CORPUS,T1,26.3,22.2,24h overnight,23.8,16.6,4.8,not-time-competitive,freight-rail-wins-bulk-road-wins-express,heuristic-planning
ATL,Atlanta,T1,national_transfer_hub,COLUMBIA,Columbia,T1,service_stop,228,228,sla-stop-rhythm-ok,2,0,I-20,ATL;COLUMBIA,T1,4.9,4.2,6h local,5.7,3.5,3.0,near-competitive-short-haul,corridor-specific-rail-check-needed,heuristic-planning
ATL,Atlanta,T1,national_transfer_hub,FLO,Florence,T1,transfer_hub,1539,382,long-gap-review,9,2,I-75;I-70;I-95,ATL;CHATTANOOGA;KNX;CINCINNATI;COLUMBUS;PENNSYLVANIA;DC;RIC;FLO,T1,34.0,28.9,36h next-day,30.2,21.4,5.6,not-time-competitive,freight-rail-wins-bulk-road-wins-express,heuristic-planning
ATL,Atlanta,T1,national_transfer_hub,MIN,Minneapolis,T1,national_transfer_hub,2679,974,needs-intermediate-stops,8,5,I-20;I-22;I-30;US80;US83;I-90,ATL;BHM_APPROACH;MEM;LITTLE_ROCK;DAL;ABILENE;RAPID_CITY;MIN,T1,59.2,50.3,72h three-day,52.0,37.2,7.9,not-time-competitive,freight-rail-wins-bulk-road-wins-express,heuristic-planning
ATL,Atlanta,T1,national_transfer_hub,DSM,Des Moines,T1,transfer_hub,2956,974,needs-intermediate-stops,9,6,I-20;I-22;I-30;US80;US83;I-90;I-35,ATL;BHM_APPROACH;MEM;LITTLE_ROCK;DAL;ABILENE;RAPID_CITY;MIN;DSM,T1,65.6,55.7,72h three-day,57.4,41.1,8.4,not-time-competitive,freight-rail-wins-bulk-road-wins-express,heuristic-planning
ATL,Atlanta,T1,national_transfer_hub,KC,Kansas City,T1,national_transfer_hub,1369,281,long-gap-review,8,1,I-75;I-70,ATL;CHATTANOOGA;KNX;CINCINNATI;COLUMBUS;INDY_APPROACH;STL;KC,T1,29.9,25.5,36h next-day,26.7,18.9,5.2,not-time-competitive,freight-rail-wins-bulk-road-wins-express,heuristic-planning
ATL,Atlanta,T1,national_transfer_hub,OKC,Oklahoma City,T1,national_transfer_hub,1144,345,long-gap-review,6,3,I-20;I-22;I-30;I-35,ATL;BHM_APPROACH;MEM;LITTLE_ROCK;DAL;OKC,T1,25.7,21.8,24h overnight,23.3,16.3,4.8,not-time-competitive,freight-rail-wins-bulk-road-wins-express,heuristic-planning
ATL,Atlanta,T1,national_transfer_hub,BARSTOW,Barstow,T2,national_transfer_hub,2440,1337,needs-intermediate-stops,7,5,I-20;I-22;I-30;US70;I-10;I-15,ATL;BHM_APPROACH;MEM;LITTLE_ROCK;PHX;LA;BARSTOW,T1,54.1,45.9,48h two-day,47.6,34.0,7.4,not-time-competitive,freight-rail-wins-bulk-road-wins-express,heuristic-planning
ATL,Atlanta,T1,national_transfer_hub,AMA,Amarillo,T2,service_stop,1313,394,long-gap-review,6,3,I-20;I-22;I-30;US287,ATL;BHM_APPROACH;MEM;LITTLE_ROCK;DAL;AMA,T1,29.3,24.9,36h next-day,26.4,18.6,5.1,not-time-competitive,freight-rail-wins-bulk-road-wins-express,heuristic-planning
ATL,Atlanta,T1,national_transfer_hub,MEM,Memphis,T2,national_transfer_hub,421,256,long-gap-review,3,1,I-20;I-22,ATL;BHM_APPROACH;MEM,T1,9.4,8.0,12h half-day,9.5,6.3,3.3,not-time-competitive,corridor-specific-rail-check-needed,heuristic-planning
ATL,Atlanta,T1,national_transfer_hub,NASHVILLE,Nashville,T2,national_transfer_hub,380,215,sla-stop-rhythm-ok,3,1,I-20;I-65,ATL;BHM_APPROACH;NASHVILLE,T1,8.5,7.2,12h half-day,8.8,5.8,3.3,not-time-competitive,corridor-specific-rail-check-needed,heuristic-planning
ATL,Atlanta,T1,national_transfer_hub,KNX,Knoxville,T1,transfer_hub,241,123,sla-stop-rhythm-ok,3,0,I-75,ATL;CHATTANOOGA;KNX,T1,5.2,4.4,6h local,5.9,3.7,3.0,near-competitive-short-haul,corridor-specific-rail-check-needed,heuristic-planning
ATL,Atlanta,T1,national_transfer_hub,ASHEVILLE,Asheville,T1,service_stop,336,123,sla-stop-rhythm-ok,4,1,I-75;I-40,ATL;CHATTANOOGA;KNX;ASHEVILLE,T1,7.7,6.5,12h half-day,8.0,5.2,3.2,not-time-competitive,corridor-specific-rail-check-needed,heuristic-planning
ATL,Atlanta,T2,national_transfer_hub,CLT,Charlotte,T2,national_transfer_hub,270,161,sla-stop-rhythm-ok,3,0,I-85,ATL;GREENVILLE;CLT,T2,5.8,5.0,6h local,6.4,4.1,3.0,near-competitive-short-haul,rail-often-absent-road-flexibility-case,heuristic-planning
ATL,Atlanta,T2,national_transfer_hub,RALEIGH_APPROACH,Raleigh,T1,national_transfer_hub,423,161,sla-stop-rhythm-ok,4,1,I-85;I-40,ATL;GREENVILLE;CLT;RALEIGH_APPROACH,T1,9.5,8.1,12h half-day,9.5,6.3,3.3,not-time-competitive,corridor-specific-rail-check-needed,heuristic-planning
ATL,Atlanta,T1,national_transfer_hub,INDY_APPROACH,Indianapolis,T1,national_transfer_hub,816,259,long-gap-review,6,1,I-75;I-70,ATL;CHATTANOOGA;KNX;CINCINNATI;COLUMBUS;INDY_APPROACH,T1,18.0,15.3,24h overnight,16.7,11.6,4.1,not-time-competitive,freight-rail-wins-bulk-road-wins-express,heuristic-planning
ATL,Atlanta,T1,national_transfer_hub,FORT_WAYNE,Fort Wayne,T1,service_stop,940,259,long-gap-review,7,2,I-75;I-70;I-69,ATL;CHATTANOOGA;KNX;CINCINNATI;COLUMBUS;INDY_APPROACH;FORT_WAYNE,T1,21.1,17.9,24h overnight,19.3,13.4,4.4,not-time-competitive,freight-rail-wins-bulk-road-wins-express,heuristic-planning
ATL,Atlanta,T1,national_transfer_hub,TOL,Toledo,T1,national_transfer_hub,761,259,long-gap-review,6,0,I-75,ATL;CHATTANOOGA;KNX;CINCINNATI;COLUMBUS;TOL,T1,16.5,14.1,24h overnight,15.3,10.6,4.0,not-time-competitive,freight-rail-wins-bulk-road-wins-express,heuristic-planning
ATL,Atlanta,T1,national_transfer_hub,COLUMBUS,Columbus,T1,national_transfer_hub,618,259,long-gap-review,5,0,I-75,ATL;CHATTANOOGA;KNX;CINCINNATI;COLUMBUS,T1,13.4,11.4,12h half-day,12.7,8.7,3.7,not-time-competitive,corridor-specific-rail-check-needed,heuristic-planning
ATL,Atlanta,T1,national_transfer_hub,CINCINNATI,Cincinnati,T1,national_transfer_hub,500,259,long-gap-review,4,0,I-75,ATL;CHATTANOOGA;KNX;CINCINNATI,T1,10.8,9.2,12h half-day,10.6,7.2,3.5,not-time-competitive,corridor-specific-rail-check-needed,heuristic-planning
ATL,Atlanta,T1,national_transfer_hub,CHATTANOOGA,Chattanooga,T1,service_stop,123,123,sla-stop-rhythm-ok,2,0,I-75,ATL;CHATTANOOGA,T1,2.6,2.2,6h local,3.7,2.1,2.7,time-competitive,corridor-specific-rail-check-needed,heuristic-planning
ATL,Atlanta,T2,national_transfer_hub,MONTGOMERY,Montgomery,T2,service_stop,172,172,sla-stop-rhythm-ok,2,0,US80,ATL;MONTGOMERY,T2,3.7,3.1,6h local,4.6,2.8,2.8,time-competitive,rail-often-absent-road-flexibility-case,heuristic-planning
ATL,Atlanta,T1,national_transfer_hub,GAINESVILLE,Gainesville,T1,service_stop,364,364,long-gap-review,2,0,I-75,ATL;GAINESVILLE,T1,7.7,6.6,12h half-day,8.1,5.4,3.2,not-time-competitive,corridor-specific-rail-check-needed,heuristic-planning
ATL,Atlanta,T1,national_transfer_hub,RENO,Reno,T1,service_stop,2892,1337,needs-intermediate-stops,9,6,I-20;I-22;I-30;US70;I-10;I-5;I-80,ATL;BHM_APPROACH;MEM;LITTLE_ROCK;PHX;LA;CENTRAL_VALLEY;SAC;RENO,T1,64.2,54.5,72h three-day,56.2,40.3,8.3,not-time-competitive,freight-rail-wins-bulk-road-wins-express,heuristic-planning
ATL,Atlanta,T1,national_transfer_hub,SLC,Salt Lake,T1,national_transfer_hub,3396,1337,needs-intermediate-stops,10,6,I-20;I-22;I-30;US70;I-10;I-5;I-80,ATL;BHM_APPROACH;MEM;LITTLE_ROCK;PHX;LA;CENTRAL_VALLEY;SAC;RENO;SLC,T1,75.0,63.7,72h three-day,65.3,47.0,9.3,not-time-competitive,freight-rail-wins-bulk-road-wins-express,heuristic-planning
ATL,Atlanta,T1,national_transfer_hub,BOI,Boise,T2,national_transfer_hub,3738,1337,needs-intermediate-stops,10,6,I-20;I-22;I-30;US70;I-10;I-5;I-84,ATL;BHM_APPROACH;MEM;LITTLE_ROCK;PHX;LA;CENTRAL_VALLEY;SAC;POR;BOI,T1,82.3,69.9,72h three-day,71.6,51.5,10.0,not-time-competitive,freight-rail-wins-bulk-road-wins-express,heuristic-planning
ATL,Atlanta,T1,national_transfer_hub,LEWISTON,Lewiston,T2,service_stop,3875,1337,needs-intermediate-stops,12,7,I-20;I-22;I-30;US70;I-10;I-5;I-90;US95,ATL;BHM_APPROACH;MEM;LITTLE_ROCK;PHX;LA;CENTRAL_VALLEY;SAC;POR;SEA;SPK;LEWISTON,T1,85.7,72.8,>72h source-gated,74.4,53.6,10.3,not-time-competitive,freight-rail-wins-bulk-road-wins-express,heuristic-planning
ATL,Atlanta,T1,national_transfer_hub,CHEYENNE,Cheyenne,T1,service_stop,3832,1337,needs-intermediate-stops,11,6,I-20;I-22;I-30;US70;I-10;I-5;I-80,ATL;BHM_APPROACH;MEM;LITTLE_ROCK;PHX;LA;CENTRAL_VALLEY;SAC;RENO;SLC;CHEYENNE,T1,84.3,71.7,72h three-day,73.3,52.8,10.2,not-time-competitive,freight-rail-wins-bulk-road-wins-express,heuristic-planning
ATL,Atlanta,T1,national_transfer_hub,FARGO,Fargo,T2,service_stop,2932,974,needs-intermediate-stops,9,6,I-20;I-22;I-30;US80;US83;I-90;I-29,ATL;BHM_APPROACH;MEM;LITTLE_ROCK;DAL;ABILENE;RAPID_CITY;MIN;FARGO,T1,65.0,55.2,72h three-day,56.9,40.8,8.4,not-time-competitive,freight-rail-wins-bulk-road-wins-express,heuristic-planning
ATL,Atlanta,T1,national_transfer_hub,NYC,New York,T2,transfer_hub,1182,382,long-gap-review,7,2,I-75;I-70;I-81,ATL;CHATTANOOGA;KNX;CINCINNATI;COLUMBUS;PENNSYLVANIA;NYC,T1,26.2,22.3,24h overnight,23.7,16.7,4.9,not-time-competitive,freight-rail-wins-bulk-road-wins-express,heuristic-planning
ATL,Atlanta,T1,national_transfer_hub,SPK,Spokane,T1,service_stop,3772,1337,needs-intermediate-stops,11,6,I-20;I-22;I-30;US70;I-10;I-5;I-90,ATL;BHM_APPROACH;MEM;LITTLE_ROCK;PHX;LA;CENTRAL_VALLEY;SAC;POR;SEA;SPK,T1,83.1,70.6,72h three-day,72.2,52.0,10.0,not-time-competitive,freight-rail-wins-bulk-road-wins-express,heuristic-planning
ATL,Atlanta,T1,national_transfer_hub,BIL,Billings*,T1,national_transfer_hub,2430,974,needs-intermediate-stops,8,5,I-20;I-22;I-30;US80;US83;I-90,ATL;BHM_APPROACH;MEM;LITTLE_ROCK;DAL;ABILENE;RAPID_CITY;BIL,T1,53.9,45.8,48h two-day,47.4,33.9,7.4,not-time-competitive,freight-rail-wins-bulk-road-wins-express,heuristic-planning
ATL,Atlanta,T1,national_transfer_hub,RAPID_CITY,Rapid City,T2,national_transfer_hub,2096,974,needs-intermediate-stops,7,4,I-20;I-22;I-30;US80;US83,ATL;BHM_APPROACH;MEM;LITTLE_ROCK;DAL;ABILENE;RAPID_CITY,T1,46.4,39.4,48h two-day,41.0,29.2,6.7,not-time-competitive,freight-rail-wins-bulk-road-wins-express,heuristic-planning
ATL,Atlanta,T1,national_transfer_hub,MILWAUKEE,Milwaukee,T1,service_stop,3031,974,needs-intermediate-stops,9,5,I-20;I-22;I-30;US80;US83;I-90,ATL;BHM_APPROACH;MEM;LITTLE_ROCK;DAL;ABILENE;RAPID_CITY;MIN;MILWAUKEE,T1,66.8,56.8,72h three-day,58.4,41.9,8.6,not-time-competitive,freight-rail-wins-bulk-road-wins-express,heuristic-planning
ATL,Atlanta,T1,national_transfer_hub,PHILADELPHIA,Philadelphia,T2,service_stop,1110,382,long-gap-review,7,2,I-75;I-70;I-76,ATL;CHATTANOOGA;KNX;CINCINNATI;COLUMBUS;PENNSYLVANIA;PHILADELPHIA,T1,24.7,21.0,24h overnight,22.4,15.7,4.7,not-time-competitive,freight-rail-wins-bulk-road-wins-express,heuristic-planning
ATL,Atlanta,T1,national_transfer_hub,DC,Washington,T1,service_stop,1112,382,long-gap-review,7,1,I-75;I-70,ATL;CHATTANOOGA;KNX;CINCINNATI;COLUMBUS;PENNSYLVANIA;DC,T1,24.4,20.8,24h overnight,22.1,15.5,4.7,not-time-competitive,freight-rail-wins-bulk-road-wins-express,heuristic-planning
ATL,Atlanta,T1,national_transfer_hub,RIC,Richmond,T1,national_transfer_hub,1226,382,long-gap-review,8,2,I-75;I-70;I-95,ATL;CHATTANOOGA;KNX;CINCINNATI;COLUMBUS;PENNSYLVANIA;DC;RIC,T1,27.3,23.2,24h overnight,24.5,17.2,5.0,not-time-competitive,freight-rail-wins-bulk-road-wins-express,heuristic-planning
ATL,Atlanta,T1,national_transfer_hub,BEN,Benson,T1,transfer_hub,1665,382,long-gap-review,10,3,I-75;I-70;I-95;I-40,ATL;CHATTANOOGA;KNX;CINCINNATI;COLUMBUS;PENNSYLVANIA;DC;RIC;FLO;BEN,T1,37.1,31.5,36h next-day,32.8,23.3,5.8,not-time-competitive,freight-rail-wins-bulk-road-wins-express,heuristic-planning
ATL,Atlanta,T2,national_transfer_hub,GREENVILLE,Greenville,T2,service_stop,161,161,sla-stop-rhythm-ok,2,0,I-85,ATL;GREENVILLE,T2,3.4,2.9,6h local,4.4,2.7,2.8,time-competitive,rail-often-absent-road-flexibility-case,heuristic-planning
ATL,Atlanta,T2,national_transfer_hub,GREENSBORO,Greensboro,T2,service_stop,368,161,sla-stop-rhythm-ok,4,0,I-85,ATL;GREENVILLE;CLT;GREENSBORO,T2,8.0,6.8,12h half-day,8.2,5.4,3.2,not-time-competitive,rail-often-absent-road-flexibility-case,heuristic-planning
ATL,Atlanta,T1,national_transfer_hub,MOBILE,Mobile,T2,service_stop,411,246,sla-stop-rhythm-ok,3,1,I-20;I-65,ATL;BHM_APPROACH;MOBILE,T1,9.2,7.8,12h half-day,9.3,6.2,3.3,not-time-competitive,corridor-specific-rail-check-needed,heuristic-planning
ATL,Atlanta,T1,national_transfer_hub,LOUISVILLE,Louisville,T2,national_transfer_hub,561,215,sla-stop-rhythm-ok,4,1,I-20;I-65,ATL;BHM_APPROACH;NASHVILLE;LOUISVILLE,T1,12.4,10.6,12h half-day,12.0,8.2,3.6,not-time-competitive,corridor-specific-rail-check-needed,heuristic-planning
ATL,Atlanta,T1,national_transfer_hub,LITTLE_ROCK,Little Rock,T2,national_transfer_hub,574,256,long-gap-review,4,2,I-20;I-22;I-30,ATL;BHM_APPROACH;MEM;LITTLE_ROCK,T1,13.1,11.1,12h half-day,12.6,8.6,3.6,not-time-competitive,corridor-specific-rail-check-needed,heuristic-planning
ATL,Atlanta,T1,national_transfer_hub,LAS_VEGAS,Las Vegas,T2,service_stop,3823,1337,needs-intermediate-stops,11,7,I-20;I-22;I-30;US70;I-10;I-5;I-80;I-15,ATL;BHM_APPROACH;MEM;LITTLE_ROCK;PHX;LA;CENTRAL_VALLEY;SAC;RENO;SLC;LAS_VEGAS,T1,84.5,71.8,72h three-day,73.5,52.9,10.1,not-time-competitive,freight-rail-wins-bulk-road-wins-express,heuristic-planning
ATL,Atlanta,T1,national_transfer_hub,DEN,Denver,T1,national_transfer_hub,3833,1337,needs-intermediate-stops,11,7,I-20;I-22;I-30;US70;I-10;I-5;I-80;I-70,ATL;BHM_APPROACH;MEM;LITTLE_ROCK;PHX;LA;CENTRAL_VALLEY;SAC;RENO;SLC;DEN,T1,84.7,72.0,72h three-day,73.6,53.0,10.2,not-time-competitive,freight-rail-wins-bulk-road-wins-express,heuristic-planning
ATL,Atlanta,T1,national_transfer_hub,CAPITAL_BELTWAY_N,Capital North,T2,service_stop,1123,382,long-gap-review,8,2,I-75;I-70;I-495,ATL;CHATTANOOGA;KNX;CINCINNATI;COLUMBUS;PENNSYLVANIA;DC;CAPITAL_BELTWAY_N,T1,25.1,21.3,24h overnight,22.6,15.9,4.7,not-time-competitive,freight-rail-wins-bulk-road-wins-express,heuristic-planning
ATL,Atlanta,T1,national_transfer_hub,CAPITAL_BELTWAY_E,Capital East,T2,service_stop,1134,382,long-gap-review,9,2,I-75;I-70;I-495,ATL;CHATTANOOGA;KNX;CINCINNATI;COLUMBUS;PENNSYLVANIA;DC;CAPITAL_BELTWAY_S;CAPITAL_BELTWAY_E,T1,25.4,21.5,24h overnight,22.8,16.0,4.8,not-time-competitive,freight-rail-wins-bulk-road-wins-express,heuristic-planning
ATL,Atlanta,T1,national_transfer_hub,CAPITAL_BELTWAY_S,Capital South,T2,service_stop,1121,382,long-gap-review,8,2,I-75;I-70;I-495,ATL;CHATTANOOGA;KNX;CINCINNATI;COLUMBUS;PENNSYLVANIA;DC;CAPITAL_BELTWAY_S,T1,25.0,21.3,24h overnight,22.6,15.9,4.7,not-time-competitive,freight-rail-wins-bulk-road-wins-express,heuristic-planning
ATL,Atlanta,T1,national_transfer_hub,JOPLIN,Joplin,T2,service_stop,1504,374,long-gap-review,7,4,I-20;I-22;I-30;I-20;I-49,ATL;BHM_APPROACH;MEM;LITTLE_ROCK;DAL;SHV;JOPLIN,T1,33.8,28.6,36h next-day,30.2,21.4,5.5,not-time-competitive,freight-rail-wins-bulk-road-wins-express,heuristic-planning
ATL,Atlanta,T1,national_transfer_hub,ROANOKE,Roanoke,T2,service_stop,523,281,long-gap-review,4,1,I-75;I-81,ATL;CHATTANOOGA;KNX;ROANOKE,T1,11.6,9.9,12h half-day,11.4,7.7,3.5,not-time-competitive,corridor-specific-rail-check-needed,heuristic-planning
ATL,Atlanta,T1,national_transfer_hub,HAGERSTOWN,Hagerstown,T2,service_stop,1074,382,long-gap-review,7,2,I-75;I-70;I-81,ATL;CHATTANOOGA;KNX;CINCINNATI;COLUMBUS;PENNSYLVANIA;HAGERSTOWN,T1,23.9,20.3,24h overnight,21.7,15.2,4.6,not-time-competitive,freight-rail-wins-bulk-road-wins-express,heuristic-planning
ATL,Atlanta,T1,national_transfer_hub,STL,St. Louis,T1,national_transfer_hub,1088,272,long-gap-review,7,1,I-75;I-70,ATL;CHATTANOOGA;KNX;CINCINNATI;COLUMBUS;INDY_APPROACH;STL,T1,23.9,20.3,24h overnight,21.6,15.2,4.7,not-time-competitive,freight-rail-wins-bulk-road-wins-express,heuristic-planning
ATL,Atlanta,T2,national_transfer_hub,PITTSBURGH,Pittsburgh,T2,service_stop,698,428,needs-intermediate-stops,4,1,I-85;I-77,ATL;GREENVILLE;CLT;PITTSBURGH,T2,15.4,13.1,24h overnight,14.5,10.0,3.9,not-time-competitive,rail-often-absent-road-flexibility-case,heuristic-planning
ATL,Atlanta,T1,national_transfer_hub,PENNSYLVANIA,Harrisburg,T1,national_transfer_hub,1000,382,long-gap-review,6,1,I-75;I-70,ATL;CHATTANOOGA;KNX;CINCINNATI;COLUMBUS;PENNSYLVANIA,T1,22.0,18.7,24h overnight,20.0,14.0,4.5,not-time-competitive,freight-rail-wins-bulk-road-wins-express,heuristic-planning
ATL,Atlanta,T1,national_transfer_hub,GULFPORT,Gulfport,T1,national_transfer_hub,489,246,sla-stop-rhythm-ok,4,2,I-20;I-65;I-10,ATL;BHM_APPROACH;MOBILE;GULFPORT,T1,11.3,9.5,12h half-day,11.1,7.4,3.5,not-time-competitive,corridor-specific-rail-check-needed,heuristic-planning
ATL,Atlanta,T1,national_transfer_hub,CORPUS,Corpus Christi,T2,national_transfer_hub,1313,246,sla-stop-rhythm-ok,9,5,I-20;I-65;I-10;US90;I-10;I-37,ATL;BHM_APPROACH;MOBILE;GULFPORT;LAFAYETTE;BEAUMONT;HOU;SAT;CORPUS,T1,30.2,25.5,36h next-day,27.1,19.0,5.1,not-time-competitive,freight-rail-wins-bulk-road-wins-express,heuristic-planning
COLUMBIA,Columbia,T1,service_stop,FLO,Florence,T1,transfer_hub,87,87,sla-stop-rhythm-ok,2,0,I-20,COLUMBIA;FLO,T1,1.9,1.6,6h local,3.1,1.7,2.7,time-competitive,corridor-specific-rail-check-needed,heuristic-planning
COLUMBIA,Columbia,T1,service_stop,MIN,Minneapolis,T1,national_transfer_hub,3904,974,needs-intermediate-stops,15,9,I-20;I-95;I-70;I-75;I-65;I-40;I-30;US80;US83;I-90,COLUMBIA;FLO;RIC;DC;PENNSYLVANIA;COLUMBUS;CINCINNATI;LOUISVILLE;NASHVILLE;MEM;LITTLE_ROCK;DAL;ABILENE;RAPID_CITY;MIN,T1,87.3,74.0,>72h source-gated,75.6,54.4,10.3,not-time-competitive,freight-rail-wins-bulk-road-wins-express,heuristic-planning
COLUMBIA,Columbia,T1,service_stop,DSM,Des Moines,T1,transfer_hub,4181,974,needs-intermediate-stops,16,10,I-20;I-95;I-70;I-75;I-65;I-40;I-30;US80;US83;I-90;I-35,COLUMBIA;FLO;RIC;DC;PENNSYLVANIA;COLUMBUS;CINCINNATI;LOUISVILLE;NASHVILLE;MEM;LITTLE_ROCK;DAL;ABILENE;RAPID_CITY;MIN;DSM,T1,93.6,79.4,>72h source-gated,81.0,58.3,10.9,not-time-competitive,freight-rail-wins-bulk-road-wins-express,heuristic-planning
COLUMBIA,Columbia,T1,service_stop,KC,Kansas City,T1,national_transfer_hub,1759,382,long-gap-review,9,2,I-20;I-95;I-70,COLUMBIA;FLO;RIC;DC;PENNSYLVANIA;COLUMBUS;INDY_APPROACH;STL;KC,T1,38.7,32.9,36h next-day,34.2,24.4,6.0,not-time-competitive,freight-rail-wins-bulk-road-wins-express,heuristic-planning
COLUMBIA,Columbia,T1,service_stop,OKC,Oklahoma City,T1,national_transfer_hub,2369,382,long-gap-review,13,7,I-20;I-95;I-70;I-75;I-65;I-40;I-30;I-35,COLUMBIA;FLO;RIC;DC;PENNSYLVANIA;COLUMBUS;CINCINNATI;LOUISVILLE;NASHVILLE;MEM;LITTLE_ROCK;DAL;OKC,T1,53.7,45.5,48h two-day,47.0,33.5,7.2,not-time-competitive,freight-rail-wins-bulk-road-wins-express,heuristic-planning
COLUMBIA,Columbia,T1,service_stop,BARSTOW,Barstow,T2,national_transfer_hub,3664,1337,needs-intermediate-stops,14,9,I-20;I-95;I-70;I-75;I-65;I-40;I-30;US70;I-10;I-15,COLUMBIA;FLO;RIC;DC;PENNSYLVANIA;COLUMBUS;CINCINNATI;LOUISVILLE;NASHVILLE;MEM;LITTLE_ROCK;PHX;LA;BARSTOW,T1,82.1,69.6,72h three-day,71.3,51.2,9.8,not-time-competitive,freight-rail-wins-bulk-road-wins-express,heuristic-planning
COLUMBIA,Columbia,T1,service_stop,AMA,Amarillo,T2,service_stop,2538,394,long-gap-review,13,7,I-20;I-95;I-70;I-75;I-65;I-40;I-30;US287,COLUMBIA;FLO;RIC;DC;PENNSYLVANIA;COLUMBUS;CINCINNATI;LOUISVILLE;NASHVILLE;MEM;LITTLE_ROCK;DAL;AMA,T1,57.3,48.6,72h three-day,50.1,35.7,7.6,not-time-competitive,freight-rail-wins-bulk-road-wins-express,heuristic-planning
COLUMBIA,Columbia,T1,service_stop,MEM,Memphis,T1,national_transfer_hub,1645,382,long-gap-review,10,5,I-20;I-95;I-70;I-75;I-65;I-40,COLUMBIA;FLO;RIC;DC;PENNSYLVANIA;COLUMBUS;CINCINNATI;LOUISVILLE;NASHVILLE;MEM,T1,37.4,31.6,36h next-day,33.2,23.4,5.8,not-time-competitive,freight-rail-wins-bulk-road-wins-express,heuristic-planning
COLUMBIA,Columbia,T1,service_stop,NASHVILLE,Nashville,T2,national_transfer_hub,1414,382,long-gap-review,9,4,I-20;I-95;I-70;I-75;I-65,COLUMBIA;FLO;RIC;DC;PENNSYLVANIA;COLUMBUS;CINCINNATI;LOUISVILLE;NASHVILLE,T1,32.0,27.1,36h next-day,28.6,20.1,5.3,not-time-competitive,freight-rail-wins-bulk-road-wins-express,heuristic-planning
COLUMBIA,Columbia,T1,service_stop,KNX,Knoxville,T1,transfer_hub,1385,382,long-gap-review,8,3,I-20;I-95;I-70;I-75,COLUMBIA;FLO;RIC;DC;PENNSYLVANIA;COLUMBUS;CINCINNATI;KNX,T1,31.0,26.3,36h next-day,27.7,19.6,5.3,not-time-competitive,freight-rail-wins-bulk-road-wins-express,heuristic-planning
COLUMBIA,Columbia,T1,service_stop,ASHEVILLE,Asheville,T1,service_stop,1480,382,long-gap-review,9,4,I-20;I-95;I-70;I-75;I-40,COLUMBIA;FLO;RIC;DC;PENNSYLVANIA;COLUMBUS;CINCINNATI;KNX;ASHEVILLE,T1,33.5,28.3,36h next-day,29.8,21.0,5.5,not-time-competitive,freight-rail-wins-bulk-road-wins-express,heuristic-planning
COLUMBIA,Columbia,T1,service_stop,RALEIGH_APPROACH,Raleigh,T1,national_transfer_hub,236,149,sla-stop-rhythm-ok,3,1,I-20;I-40,COLUMBIA;FLO;RALEIGH_APPROACH,T1,5.5,4.6,6h local,6.1,3.8,3.0,near-competitive-short-haul,corridor-specific-rail-check-needed,heuristic-planning
COLUMBIA,Columbia,T1,service_stop,INDY_APPROACH,Indianapolis,T1,national_transfer_hub,1207,382,long-gap-review,7,2,I-20;I-95;I-70,COLUMBIA;FLO;RIC;DC;PENNSYLVANIA;COLUMBUS;INDY_APPROACH,T1,26.8,22.7,24h overnight,24.1,17.0,4.9,not-time-competitive,freight-rail-wins-bulk-road-wins-express,heuristic-planning
COLUMBIA,Columbia,T1,service_stop,FORT_WAYNE,Fort Wayne,T1,service_stop,1331,382,long-gap-review,8,3,I-20;I-95;I-70;I-69,COLUMBIA;FLO;RIC;DC;PENNSYLVANIA;COLUMBUS;INDY_APPROACH;FORT_WAYNE,T1,29.8,25.3,36h next-day,26.7,18.8,5.2,not-time-competitive,freight-rail-wins-bulk-road-wins-express,heuristic-planning
COLUMBIA,Columbia,T1,service_stop,TOL,Toledo,T1,national_transfer_hub,1151,382,long-gap-review,7,3,I-20;I-95;I-70;I-75,COLUMBIA;FLO;RIC;DC;PENNSYLVANIA;COLUMBUS;TOL,T1,25.9,22.0,24h overnight,23.5,16.4,4.8,not-time-competitive,freight-rail-wins-bulk-road-wins-express,heuristic-planning
COLUMBIA,Columbia,T1,service_stop,COLUMBUS,Columbus,T1,national_transfer_hub,1008,382,long-gap-review,6,2,I-20;I-95;I-70,COLUMBIA;FLO;RIC;DC;PENNSYLVANIA;COLUMBUS,T1,22.5,19.1,24h overnight,20.5,14.3,4.5,not-time-competitive,freight-rail-wins-bulk-road-wins-express,heuristic-planning
COLUMBIA,Columbia,T1,service_stop,CINCINNATI,Cincinnati,T1,national_transfer_hub,1126,382,long-gap-review,7,3,I-20;I-95;I-70;I-75,COLUMBIA;FLO;RIC;DC;PENNSYLVANIA;COLUMBUS;CINCINNATI,T1,25.4,21.5,24h overnight,23.0,16.1,4.8,not-time-competitive,freight-rail-wins-bulk-road-wins-express,heuristic-planning
COLUMBIA,Columbia,T1,service_stop,CHATTANOOGA,Chattanooga,T1,service_stop,1503,382,long-gap-review,9,3,I-20;I-95;I-70;I-75,COLUMBIA;FLO;RIC;DC;PENNSYLVANIA;COLUMBUS;CINCINNATI;KNX;CHATTANOOGA,T1,33.6,28.5,36h next-day,29.9,21.1,5.5,not-time-competitive,freight-rail-wins-bulk-road-wins-express,heuristic-planning
COLUMBIA,Columbia,T1,service_stop,MONTGOMERY,Montgomery,T2,service_stop,2249,450,needs-intermediate-stops,12,7,I-20;I-95;I-70;I-75;I-65;I-40;I-30;US80,COLUMBIA;FLO;RIC;DC;PENNSYLVANIA;COLUMBUS;CINCINNATI;LOUISVILLE;NASHVILLE;MEM;LITTLE_ROCK;MONTGOMERY,T1,51.1,43.2,48h two-day,44.8,31.9,7.0,not-time-competitive,freight-rail-wins-bulk-road-wins-express,heuristic-planning
COLUMBIA,Columbia,T1,service_stop,RENO,Reno,T1,service_stop,4117,1337,needs-intermediate-stops,16,10,I-20;I-95;I-70;I-75;I-65;I-40;I-30;US70;I-10;I-5;I-80,COLUMBIA;FLO;RIC;DC;PENNSYLVANIA;COLUMBUS;CINCINNATI;LOUISVILLE;NASHVILLE;MEM;LITTLE_ROCK;PHX;LA;CENTRAL_VALLEY;SAC;RENO,T1,92.2,78.2,>72h source-gated,79.9,57.4,10.7,not-time-competitive,freight-rail-wins-bulk-road-wins-express,heuristic-planning
COLUMBIA,Columbia,T1,service_stop,SLC,Salt Lake,T1,national_transfer_hub,4620,1337,needs-intermediate-stops,17,10,I-20;I-95;I-70;I-75;I-65;I-40;I-30;US70;I-10;I-5;I-80,COLUMBIA;FLO;RIC;DC;PENNSYLVANIA;COLUMBUS;CINCINNATI;LOUISVILLE;NASHVILLE;MEM;LITTLE_ROCK;PHX;LA;CENTRAL_VALLEY;SAC;RENO;SLC,T1,103.0,87.4,>72h source-gated,89.0,64.1,11.7,not-time-competitive,freight-rail-wins-bulk-road-wins-express,heuristic-planning
COLUMBIA,Columbia,T1,service_stop,BOI,Boise,T2,national_transfer_hub,4963,1337,needs-intermediate-stops,17,10,I-20;I-95;I-70;I-75;I-65;I-40;I-30;US70;I-10;I-5;I-84,COLUMBIA;FLO;RIC;DC;PENNSYLVANIA;COLUMBUS;CINCINNATI;LOUISVILLE;NASHVILLE;MEM;LITTLE_ROCK;PHX;LA;CENTRAL_VALLEY;SAC;POR;BOI,T1,110.3,93.6,>72h source-gated,95.2,68.7,12.4,not-time-competitive,freight-rail-wins-bulk-road-wins-express,heuristic-planning
COLUMBIA,Columbia,T1,service_stop,LEWISTON,Lewiston,T2,service_stop,5100,1337,needs-intermediate-stops,19,11,I-20;I-95;I-70;I-75;I-65;I-40;I-30;US70;I-10;I-5;I-90;US95,COLUMBIA;FLO;RIC;DC;PENNSYLVANIA;COLUMBUS;CINCINNATI;LOUISVILLE;NASHVILLE;MEM;LITTLE_ROCK;PHX;LA;CENTRAL_VALLEY;SAC;POR;SEA;SPK;LEWISTON,T1,113.7,96.5,>72h source-gated,98.1,70.7,12.7,not-time-competitive,freight-rail-wins-bulk-road-wins-express,heuristic-planning
COLUMBIA,Columbia,T1,service_stop,CHEYENNE,Cheyenne,T1,service_stop,5057,1337,needs-intermediate-stops,18,10,I-20;I-95;I-70;I-75;I-65;I-40;I-30;US70;I-10;I-5;I-80,COLUMBIA;FLO;RIC;DC;PENNSYLVANIA;COLUMBUS;CINCINNATI;LOUISVILLE;NASHVILLE;MEM;LITTLE_ROCK;PHX;LA;CENTRAL_VALLEY;SAC;RENO;SLC;CHEYENNE,T1,112.4,95.4,>72h source-gated,96.9,69.9,12.6,not-time-competitive,freight-rail-wins-bulk-road-wins-express,heuristic-planning
COLUMBIA,Columbia,T1,service_stop,FARGO,Fargo,T2,service_stop,4157,974,needs-intermediate-stops,16,10,I-20;I-95;I-70;I-75;I-65;I-40;I-30;US80;US83;I-90;I-29,COLUMBIA;FLO;RIC;DC;PENNSYLVANIA;COLUMBUS;CINCINNATI;LOUISVILLE;NASHVILLE;MEM;LITTLE_ROCK;DAL;ABILENE;RAPID_CITY;MIN;FARGO,T1,93.1,78.9,>72h source-gated,80.6,57.9,10.8,not-time-competitive,freight-rail-wins-bulk-road-wins-express,heuristic-planning
COLUMBIA,Columbia,T1,service_stop,NYC,New York,T1,transfer_hub,754,313,long-gap-review,6,1,I-20;I-95,COLUMBIA;FLO;RIC;DC;PHILADELPHIA;NYC,T1,16.7,14.2,24h overnight,15.6,10.8,4.0,not-time-competitive,freight-rail-wins-bulk-road-wins-express,heuristic-planning
COLUMBIA,Columbia,T1,service_stop,SPK,Spokane,T1,service_stop,4996,1337,needs-intermediate-stops,18,10,I-20;I-95;I-70;I-75;I-65;I-40;I-30;US70;I-10;I-5;I-90,COLUMBIA;FLO;RIC;DC;PENNSYLVANIA;COLUMBUS;CINCINNATI;LOUISVILLE;NASHVILLE;MEM;LITTLE_ROCK;PHX;LA;CENTRAL_VALLEY;SAC;POR;SEA;SPK,T1,111.1,94.3,>72h source-gated,95.8,69.1,12.5,not-time-competitive,freight-rail-wins-bulk-road-wins-express,heuristic-planning
COLUMBIA,Columbia,T1,service_stop,BIL,Billings*,T1,national_transfer_hub,3655,974,needs-intermediate-stops,15,9,I-20;I-95;I-70;I-75;I-65;I-40;I-30;US80;US83;I-90,COLUMBIA;FLO;RIC;DC;PENNSYLVANIA;COLUMBUS;CINCINNATI;LOUISVILLE;NASHVILLE;MEM;LITTLE_ROCK;DAL;ABILENE;RAPID_CITY;BIL,T1,82.0,69.5,72h three-day,71.1,51.0,9.8,not-time-competitive,freight-rail-wins-bulk-road-wins-express,heuristic-planning
COLUMBIA,Columbia,T1,service_stop,RAPID_CITY,Rapid City,T2,national_transfer_hub,3321,974,needs-intermediate-stops,14,8,I-20;I-95;I-70;I-75;I-65;I-40;I-30;US80;US83,COLUMBIA;FLO;RIC;DC;PENNSYLVANIA;COLUMBUS;CINCINNATI;LOUISVILLE;NASHVILLE;MEM;LITTLE_ROCK;DAL;ABILENE;RAPID_CITY,T1,74.4,63.1,72h three-day,64.7,46.4,9.1,not-time-competitive,freight-rail-wins-bulk-road-wins-express,heuristic-planning
COLUMBIA,Columbia,T1,service_stop,MILWAUKEE,Milwaukee,T1,service_stop,4256,974,needs-intermediate-stops,16,9,I-20;I-95;I-70;I-75;I-65;I-40;I-30;US80;US83;I-90,COLUMBIA;FLO;RIC;DC;PENNSYLVANIA;COLUMBUS;CINCINNATI;LOUISVILLE;NASHVILLE;MEM;LITTLE_ROCK;DAL;ABILENE;RAPID_CITY;MIN;MILWAUKEE,T1,94.8,80.5,>72h source-gated,82.0,59.0,11.0,not-time-competitive,freight-rail-wins-bulk-road-wins-express,heuristic-planning
COLUMBIA,Columbia,T1,service_stop,PHILADELPHIA,Philadelphia,T1,service_stop,659,313,long-gap-review,5,1,I-20;I-95,COLUMBIA;FLO;RIC;DC;PHILADELPHIA,T1,14.6,12.4,24h overnight,13.8,9.5,3.8,not-time-competitive,corridor-specific-rail-check-needed,heuristic-planning
COLUMBIA,Columbia,T1,service_stop,DC,Washington,T1,service_stop,514,313,long-gap-review,4,1,I-20;I-95,COLUMBIA;FLO;RIC;DC,T1,11.4,9.7,12h half-day,11.2,7.5,3.5,not-time-competitive,corridor-specific-rail-check-needed,heuristic-planning
COLUMBIA,Columbia,T1,service_stop,RIC,Richmond,T1,national_transfer_hub,400,313,long-gap-review,3,1,I-20;I-95,COLUMBIA;FLO;RIC,T1,8.9,7.6,12h half-day,9.1,6.0,3.3,not-time-competitive,corridor-specific-rail-check-needed,heuristic-planning
COLUMBIA,Columbia,T1,service_stop,BEN,Benson,T1,transfer_hub,213,126,sla-stop-rhythm-ok,3,1,I-20;I-40,COLUMBIA;FLO;BEN,T1,5.0,4.2,6h local,5.7,3.5,2.9,near-competitive-short-haul,corridor-specific-rail-check-needed,heuristic-planning
COLUMBIA,Columbia,T1,service_stop,GREENSBORO,Greensboro,T2,service_stop,595,313,long-gap-review,4,2,I-20;I-95;I-85,COLUMBIA;FLO;RIC;GREENSBORO,T1,13.5,11.4,12h half-day,13.0,8.8,3.7,not-time-competitive,corridor-specific-rail-check-needed,heuristic-planning
COLUMBIA,Columbia,T1,service_stop,MOBILE,Mobile,T2,service_stop,1875,382,long-gap-review,11,4,I-20;I-95;I-70;I-75;I-65,COLUMBIA;FLO;RIC;DC;PENNSYLVANIA;COLUMBUS;CINCINNATI;LOUISVILLE;NASHVILLE;BHM_APPROACH;MOBILE,T1,42.0,35.6,36h next-day,37.0,26.3,6.3,not-time-competitive,freight-rail-wins-bulk-road-wins-express,heuristic-planning
COLUMBIA,Columbia,T1,service_stop,LOUISVILLE,Louisville,T2,national_transfer_hub,1233,382,long-gap-review,8,4,I-20;I-95;I-70;I-75;I-65,COLUMBIA;FLO;RIC;DC;PENNSYLVANIA;COLUMBUS;CINCINNATI;LOUISVILLE,T1,28.1,23.8,24h overnight,25.3,17.7,5.0,not-time-competitive,freight-rail-wins-bulk-road-wins-express,heuristic-planning
COLUMBIA,Columbia,T1,service_stop,LITTLE_ROCK,Little Rock,T2,national_transfer_hub,1799,382,long-gap-review,11,6,I-20;I-95;I-70;I-75;I-65;I-40;I-30,COLUMBIA;FLO;RIC;DC;PENNSYLVANIA;COLUMBUS;CINCINNATI;LOUISVILLE;NASHVILLE;MEM;LITTLE_ROCK,T1,41.1,34.7,36h next-day,36.3,25.7,6.1,not-time-competitive,freight-rail-wins-bulk-road-wins-express,heuristic-planning
COLUMBIA,Columbia,T1,service_stop,LAS_VEGAS,Las Vegas,T2,service_stop,5048,1337,needs-intermediate-stops,18,11,I-20;I-95;I-70;I-75;I-65;I-40;I-30;US70;I-10;I-5;I-80;I-15,COLUMBIA;FLO;RIC;DC;PENNSYLVANIA;COLUMBUS;CINCINNATI;LOUISVILLE;NASHVILLE;MEM;LITTLE_ROCK;PHX;LA;CENTRAL_VALLEY;SAC;RENO;SLC;LAS_VEGAS,T1,112.5,95.5,>72h source-gated,97.1,70.0,12.6,not-time-competitive,freight-rail-wins-bulk-road-wins-express,heuristic-planning
COLUMBIA,Columbia,T1,service_stop,DEN,Denver,T1,national_transfer_hub,5058,1337,needs-intermediate-stops,18,11,I-20;I-95;I-70;I-75;I-65;I-40;I-30;US70;I-10;I-5;I-80;I-70,COLUMBIA;FLO;RIC;DC;PENNSYLVANIA;COLUMBUS;CINCINNATI;LOUISVILLE;NASHVILLE;MEM;LITTLE_ROCK;PHX;LA;CENTRAL_VALLEY;SAC;RENO;SLC;DEN,T1,112.7,95.7,>72h source-gated,97.3,70.1,12.6,not-time-competitive,freight-rail-wins-bulk-road-wins-express,heuristic-planning
COLUMBIA,Columbia,T1,service_stop,CAPITAL_BELTWAY_N,Capital North,T2,service_stop,525,313,long-gap-review,5,2,I-20;I-95;I-495,COLUMBIA;FLO;RIC;DC;CAPITAL_BELTWAY_N,T1,12.1,10.2,12h half-day,11.7,7.9,3.5,not-time-competitive,corridor-specific-rail-check-needed,heuristic-planning
COLUMBIA,Columbia,T1,service_stop,CAPITAL_BELTWAY_E,Capital East,T2,service_stop,535,313,long-gap-review,6,2,I-20;I-95;I-495,COLUMBIA;FLO;RIC;DC;CAPITAL_BELTWAY_S;CAPITAL_BELTWAY_E,T1,12.4,10.5,12h half-day,11.9,8.0,3.6,not-time-competitive,corridor-specific-rail-check-needed,heuristic-planning
COLUMBIA,Columbia,T1,service_stop,CAPITAL_BELTWAY_S,Capital South,T2,service_stop,523,313,long-gap-review,5,2,I-20;I-95;I-495,COLUMBIA;FLO;RIC;DC;CAPITAL_BELTWAY_S,T1,12.1,10.2,12h half-day,11.7,7.9,3.5,not-time-competitive,corridor-specific-rail-check-needed,heuristic-planning
COLUMBIA,Columbia,T1,service_stop,JOPLIN,Joplin,T2,service_stop,2729,382,long-gap-review,14,8,I-20;I-95;I-70;I-75;I-65;I-40;I-30;I-20;I-49,COLUMBIA;FLO;RIC;DC;PENNSYLVANIA;COLUMBUS;CINCINNATI;LOUISVILLE;NASHVILLE;MEM;LITTLE_ROCK;DAL;SHV;JOPLIN,T1,61.8,52.3,72h three-day,53.9,38.5,8.0,not-time-competitive,freight-rail-wins-bulk-road-wins-express,heuristic-planning
COLUMBIA,Columbia,T1,service_stop,ROANOKE,Roanoke,T2,service_stop,1667,382,long-gap-review,9,4,I-20;I-95;I-70;I-75;I-81,COLUMBIA;FLO;RIC;DC;PENNSYLVANIA;COLUMBUS;CINCINNATI;KNX;ROANOKE,T1,37.4,31.7,36h next-day,33.2,23.5,5.8,not-time-competitive,freight-rail-wins-bulk-road-wins-express,heuristic-planning
COLUMBIA,Columbia,T1,service_stop,HAGERSTOWN,Hagerstown,T2,service_stop,699,313,long-gap-review,6,3,I-20;I-95;I-70;I-81,COLUMBIA;FLO;RIC;DC;PENNSYLVANIA;HAGERSTOWN,T1,16.2,13.7,24h overnight,15.3,10.4,3.9,not-time-competitive,corridor-specific-rail-check-needed,heuristic-planning
COLUMBIA,Columbia,T1,service_stop,STL,St. Louis,T1,national_transfer_hub,1478,382,long-gap-review,8,2,I-20;I-95;I-70,COLUMBIA;FLO;RIC;DC;PENNSYLVANIA;COLUMBUS;INDY_APPROACH;STL,T1,32.6,27.7,36h next-day,29.1,20.6,5.5,not-time-competitive,freight-rail-wins-bulk-road-wins-express,heuristic-planning
COLUMBIA,Columbia,T1,service_stop,PITTSBURGH,Pittsburgh,T2,service_stop,820,313,long-gap-review,6,3,I-20;I-95;I-70;I-76,COLUMBIA;FLO;RIC;DC;PENNSYLVANIA;PITTSBURGH,T1,18.8,15.9,24h overnight,17.5,12.0,4.1,not-time-competitive,freight-rail-wins-bulk-road-wins-express,heuristic-planning
COLUMBIA,Columbia,T1,service_stop,PENNSYLVANIA,Harrisburg,T1,national_transfer_hub,626,313,long-gap-review,5,2,I-20;I-95;I-70,COLUMBIA;FLO;RIC;DC;PENNSYLVANIA,T1,14.3,12.1,24h overnight,13.6,9.2,3.8,not-time-competitive,corridor-specific-rail-check-needed,heuristic-planning
COLUMBIA,Columbia,T1,service_stop,GULFPORT,Gulfport,T1,national_transfer_hub,1953,382,long-gap-review,12,5,I-20;I-95;I-70;I-75;I-65;I-10,COLUMBIA;FLO;RIC;DC;PENNSYLVANIA;COLUMBUS;CINCINNATI;LOUISVILLE;NASHVILLE;BHM_APPROACH;MOBILE;GULFPORT,T1,44.1,37.4,48h two-day,38.8,27.5,6.4,not-time-competitive,freight-rail-wins-bulk-road-wins-express,heuristic-planning
COLUMBIA,Columbia,T1,service_stop,CORPUS,Corpus Christi,T2,national_transfer_hub,2596,382,long-gap-review,14,8,I-20;I-95;I-70;I-75;I-65;I-40;I-30;I-35;I-37,COLUMBIA;FLO;RIC;DC;PENNSYLVANIA;COLUMBUS;CINCINNATI;LOUISVILLE;NASHVILLE;MEM;LITTLE_ROCK;DAL;SAT;CORPUS,T1,59.0,49.9,72h three-day,51.5,36.7,7.7,not-time-competitive,freight-rail-wins-bulk-road-wins-express,heuristic-planning
FLO,Florence,T1,transfer_hub,MIN,Minneapolis,T1,national_transfer_hub,3817,974,needs-intermediate-stops,14,8,I-95;I-70;I-75;I-65;I-40;I-30;US80;US83;I-90,FLO;RIC;DC;PENNSYLVANIA;COLUMBUS;CINCINNATI;LOUISVILLE;NASHVILLE;MEM;LITTLE_ROCK;DAL;ABILENE;RAPID_CITY;MIN,T1,85.0,72.1,>72h source-gated,73.7,53.0,10.1,not-time-competitive,freight-rail-wins-bulk-road-wins-express,heuristic-planning
FLO,Florence,T1,transfer_hub,DSM,Des Moines,T1,transfer_hub,4094,974,needs-intermediate-stops,15,9,I-95;I-70;I-75;I-65;I-40;I-30;US80;US83;I-90;I-35,FLO;RIC;DC;PENNSYLVANIA;COLUMBUS;CINCINNATI;LOUISVILLE;NASHVILLE;MEM;LITTLE_ROCK;DAL;ABILENE;RAPID_CITY;MIN;DSM,T1,91.3,77.5,>72h source-gated,79.1,56.9,10.7,not-time-competitive,freight-rail-wins-bulk-road-wins-express,heuristic-planning
FLO,Florence,T1,transfer_hub,KC,Kansas City,T1,national_transfer_hub,1672,382,long-gap-review,8,1,I-95;I-70,FLO;RIC;DC;PENNSYLVANIA;COLUMBUS;INDY_APPROACH;STL;KC,T1,36.4,31.0,36h next-day,32.2,23.0,5.8,not-time-competitive,freight-rail-wins-bulk-road-wins-express,heuristic-planning
FLO,Florence,T1,transfer_hub,OKC,Oklahoma City,T1,national_transfer_hub,2281,382,long-gap-review,12,6,I-95;I-70;I-75;I-65;I-40;I-30;I-35,FLO;RIC;DC;PENNSYLVANIA;COLUMBUS;CINCINNATI;LOUISVILLE;NASHVILLE;MEM;LITTLE_ROCK;DAL;OKC,T1,51.4,43.6,48h two-day,45.1,32.1,7.1,not-time-competitive,freight-rail-wins-bulk-road-wins-express,heuristic-planning
FLO,Florence,T1,transfer_hub,BARSTOW,Barstow,T2,national_transfer_hub,3577,1337,needs-intermediate-stops,13,8,I-95;I-70;I-75;I-65;I-40;I-30;US70;I-10;I-15,FLO;RIC;DC;PENNSYLVANIA;COLUMBUS;CINCINNATI;LOUISVILLE;NASHVILLE;MEM;LITTLE_ROCK;PHX;LA;BARSTOW,T1,79.8,67.7,72h three-day,69.3,49.8,9.7,not-time-competitive,freight-rail-wins-bulk-road-wins-express,heuristic-planning
FLO,Florence,T1,transfer_hub,AMA,Amarillo,T2,service_stop,2450,394,long-gap-review,12,6,I-95;I-70;I-75;I-65;I-40;I-30;US287,FLO;RIC;DC;PENNSYLVANIA;COLUMBUS;CINCINNATI;LOUISVILLE;NASHVILLE;MEM;LITTLE_ROCK;DAL;AMA,T1,55.0,46.7,48h two-day,48.2,34.4,7.4,not-time-competitive,freight-rail-wins-bulk-road-wins-express,heuristic-planning
FLO,Florence,T1,transfer_hub,MEM,Memphis,T1,national_transfer_hub,1558,382,long-gap-review,9,4,I-95;I-70;I-75;I-65;I-40,FLO;RIC;DC;PENNSYLVANIA;COLUMBUS;CINCINNATI;LOUISVILLE;NASHVILLE;MEM,T1,35.1,29.8,36h next-day,31.2,22.1,5.6,not-time-competitive,freight-rail-wins-bulk-road-wins-express,heuristic-planning
FLO,Florence,T1,transfer_hub,NASHVILLE,Nashville,T2,national_transfer_hub,1326,382,long-gap-review,8,3,I-95;I-70;I-75;I-65,FLO;RIC;DC;PENNSYLVANIA;COLUMBUS;CINCINNATI;LOUISVILLE;NASHVILLE,T1,29.8,25.2,36h next-day,26.7,18.8,5.2,not-time-competitive,freight-rail-wins-bulk-road-wins-express,heuristic-planning
FLO,Florence,T1,transfer_hub,KNX,Knoxville,T1,transfer_hub,1298,382,long-gap-review,7,2,I-95;I-70;I-75,FLO;RIC;DC;PENNSYLVANIA;COLUMBUS;CINCINNATI;KNX,T1,28.7,24.4,36h next-day,25.8,18.2,5.1,not-time-competitive,freight-rail-wins-bulk-road-wins-express,heuristic-planning
FLO,Florence,T1,transfer_hub,ASHEVILLE,Asheville,T1,service_stop,1393,382,long-gap-review,8,3,I-95;I-70;I-75;I-40,FLO;RIC;DC;PENNSYLVANIA;COLUMBUS;CINCINNATI;KNX;ASHEVILLE,T1,31.2,26.4,36h next-day,27.9,19.7,5.3,not-time-competitive,freight-rail-wins-bulk-road-wins-express,heuristic-planning
FLO,Florence,T1,transfer_hub,RALEIGH_APPROACH,Raleigh,T1,national_transfer_hub,149,149,sla-stop-rhythm-ok,2,0,I-40,FLO;RALEIGH_APPROACH,T1,3.2,2.7,6h local,4.2,2.5,2.8,time-competitive,corridor-specific-rail-check-needed,heuristic-planning
FLO,Florence,T1,transfer_hub,INDY_APPROACH,Indianapolis,T1,national_transfer_hub,1119,382,long-gap-review,6,1,I-95;I-70,FLO;RIC;DC;PENNSYLVANIA;COLUMBUS;INDY_APPROACH,T1,24.5,20.8,24h overnight,22.2,15.6,4.7,not-time-competitive,freight-rail-wins-bulk-road-wins-express,heuristic-planning
FLO,Florence,T1,transfer_hub,FORT_WAYNE,Fort Wayne,T1,service_stop,1243,382,long-gap-review,7,2,I-95;I-70;I-69,FLO;RIC;DC;PENNSYLVANIA;COLUMBUS;INDY_APPROACH;FORT_WAYNE,T1,27.6,23.4,24h overnight,24.8,17.5,5.0,not-time-competitive,freight-rail-wins-bulk-road-wins-express,heuristic-planning
FLO,Florence,T1,transfer_hub,TOL,Toledo,T1,national_transfer_hub,1064,382,long-gap-review,6,2,I-95;I-70;I-75,FLO;RIC;DC;PENNSYLVANIA;COLUMBUS;TOL,T1,23.7,20.1,24h overnight,21.5,15.1,4.6,not-time-competitive,freight-rail-wins-bulk-road-wins-express,heuristic-planning
FLO,Florence,T1,transfer_hub,COLUMBUS,Columbus,T1,national_transfer_hub,921,382,long-gap-review,5,1,I-95;I-70,FLO;RIC;DC;PENNSYLVANIA;COLUMBUS,T1,20.2,17.2,24h overnight,18.6,13.0,4.3,not-time-competitive,freight-rail-wins-bulk-road-wins-express,heuristic-planning
FLO,Florence,T1,transfer_hub,CINCINNATI,Cincinnati,T1,national_transfer_hub,1039,382,long-gap-review,6,2,I-95;I-70;I-75,FLO;RIC;DC;PENNSYLVANIA;COLUMBUS;CINCINNATI,T1,23.1,19.6,24h overnight,21.1,14.8,4.6,not-time-competitive,freight-rail-wins-bulk-road-wins-express,heuristic-planning
FLO,Florence,T1,transfer_hub,CHATTANOOGA,Chattanooga,T1,service_stop,1416,382,long-gap-review,8,2,I-95;I-70;I-75,FLO;RIC;DC;PENNSYLVANIA;COLUMBUS;CINCINNATI;KNX;CHATTANOOGA,T1,31.3,26.6,36h next-day,27.9,19.8,5.3,not-time-competitive,freight-rail-wins-bulk-road-wins-express,heuristic-planning
FLO,Florence,T1,transfer_hub,MONTGOMERY,Montgomery,T2,service_stop,2162,450,needs-intermediate-stops,11,6,I-95;I-70;I-75;I-65;I-40;I-30;US80,FLO;RIC;DC;PENNSYLVANIA;COLUMBUS;CINCINNATI;LOUISVILLE;NASHVILLE;MEM;LITTLE_ROCK;MONTGOMERY,T1,48.8,41.3,48h two-day,42.9,30.5,6.8,not-time-competitive,freight-rail-wins-bulk-road-wins-express,heuristic-planning
FLO,Florence,T1,transfer_hub,RENO,Reno,T1,service_stop,4030,1337,needs-intermediate-stops,15,9,I-95;I-70;I-75;I-65;I-40;I-30;US70;I-10;I-5;I-80,FLO;RIC;DC;PENNSYLVANIA;COLUMBUS;CINCINNATI;LOUISVILLE;NASHVILLE;MEM;LITTLE_ROCK;PHX;LA;CENTRAL_VALLEY;SAC;RENO,T1,89.9,76.3,>72h source-gated,77.9,56.0,10.6,not-time-competitive,freight-rail-wins-bulk-road-wins-express,heuristic-planning
FLO,Florence,T1,transfer_hub,SLC,Salt Lake,T1,national_transfer_hub,4533,1337,needs-intermediate-stops,16,9,I-95;I-70;I-75;I-65;I-40;I-30;US70;I-10;I-5;I-80,FLO;RIC;DC;PENNSYLVANIA;COLUMBUS;CINCINNATI;LOUISVILLE;NASHVILLE;MEM;LITTLE_ROCK;PHX;LA;CENTRAL_VALLEY;SAC;RENO;SLC,T1,100.7,85.5,>72h source-gated,87.1,62.7,11.6,not-time-competitive,freight-rail-wins-bulk-road-wins-express,heuristic-planning
FLO,Florence,T1,transfer_hub,BOI,Boise,T2,national_transfer_hub,4875,1337,needs-intermediate-stops,16,9,I-95;I-70;I-75;I-65;I-40;I-30;US70;I-10;I-5;I-84,FLO;RIC;DC;PENNSYLVANIA;COLUMBUS;CINCINNATI;LOUISVILLE;NASHVILLE;MEM;LITTLE_ROCK;PHX;LA;CENTRAL_VALLEY;SAC;POR;BOI,T1,108.0,91.7,>72h source-gated,93.3,67.3,12.3,not-time-competitive,freight-rail-wins-bulk-road-wins-express,heuristic-planning
FLO,Florence,T1,transfer_hub,LEWISTON,Lewiston,T2,service_stop,5013,1337,needs-intermediate-stops,18,10,I-95;I-70;I-75;I-65;I-40;I-30;US70;I-10;I-5;I-90;US95,FLO;RIC;DC;PENNSYLVANIA;COLUMBUS;CINCINNATI;LOUISVILLE;NASHVILLE;MEM;LITTLE_ROCK;PHX;LA;CENTRAL_VALLEY;SAC;POR;SEA;SPK;LEWISTON,T1,111.4,94.6,>72h source-gated,96.1,69.3,12.5,not-time-competitive,freight-rail-wins-bulk-road-wins-express,heuristic-planning
FLO,Florence,T1,transfer_hub,CHEYENNE,Cheyenne,T1,service_stop,4969,1337,needs-intermediate-stops,17,9,I-95;I-70;I-75;I-65;I-40;I-30;US70;I-10;I-5;I-80,FLO;RIC;DC;PENNSYLVANIA;COLUMBUS;CINCINNATI;LOUISVILLE;NASHVILLE;MEM;LITTLE_ROCK;PHX;LA;CENTRAL_VALLEY;SAC;RENO;SLC;CHEYENNE,T1,110.1,93.5,>72h source-gated,95.0,68.6,12.4,not-time-competitive,freight-rail-wins-bulk-road-wins-express,heuristic-planning
FLO,Florence,T1,transfer_hub,FARGO,Fargo,T2,service_stop,4069,974,needs-intermediate-stops,15,9,I-95;I-70;I-75;I-65;I-40;I-30;US80;US83;I-90;I-29,FLO;RIC;DC;PENNSYLVANIA;COLUMBUS;CINCINNATI;LOUISVILLE;NASHVILLE;MEM;LITTLE_ROCK;DAL;ABILENE;RAPID_CITY;MIN;FARGO,T1,90.8,77.0,>72h source-gated,78.6,56.6,10.6,not-time-competitive,freight-rail-wins-bulk-road-wins-express,heuristic-planning
FLO,Florence,T1,transfer_hub,NYC,New York,T1,transfer_hub,667,313,long-gap-review,5,0,I-95,FLO;RIC;DC;PHILADELPHIA;NYC,T1,14.4,12.3,24h overnight,13.6,9.4,3.8,not-time-competitive,corridor-specific-rail-check-needed,heuristic-planning
FLO,Florence,T1,transfer_hub,SPK,Spokane,T1,service_stop,4909,1337,needs-intermediate-stops,17,9,I-95;I-70;I-75;I-65;I-40;I-30;US70;I-10;I-5;I-90,FLO;RIC;DC;PENNSYLVANIA;COLUMBUS;CINCINNATI;LOUISVILLE;NASHVILLE;MEM;LITTLE_ROCK;PHX;LA;CENTRAL_VALLEY;SAC;POR;SEA;SPK,T1,108.8,92.4,>72h source-gated,93.9,67.8,12.3,not-time-competitive,freight-rail-wins-bulk-road-wins-express,heuristic-planning
FLO,Florence,T1,transfer_hub,BIL,Billings*,T1,national_transfer_hub,3568,974,needs-intermediate-stops,14,8,I-95;I-70;I-75;I-65;I-40;I-30;US80;US83;I-90,FLO;RIC;DC;PENNSYLVANIA;COLUMBUS;CINCINNATI;LOUISVILLE;NASHVILLE;MEM;LITTLE_ROCK;DAL;ABILENE;RAPID_CITY;BIL,T1,79.7,67.6,72h three-day,69.2,49.7,9.6,not-time-competitive,freight-rail-wins-bulk-road-wins-express,heuristic-planning
FLO,Florence,T1,transfer_hub,RAPID_CITY,Rapid City,T2,national_transfer_hub,3234,974,needs-intermediate-stops,13,7,I-95;I-70;I-75;I-65;I-40;I-30;US80;US83,FLO;RIC;DC;PENNSYLVANIA;COLUMBUS;CINCINNATI;LOUISVILLE;NASHVILLE;MEM;LITTLE_ROCK;DAL;ABILENE;RAPID_CITY,T1,72.1,61.2,72h three-day,62.7,45.0,9.0,not-time-competitive,freight-rail-wins-bulk-road-wins-express,heuristic-planning
FLO,Florence,T1,transfer_hub,MILWAUKEE,Milwaukee,T1,service_stop,4169,974,needs-intermediate-stops,15,8,I-95;I-70;I-75;I-65;I-40;I-30;US80;US83;I-90,FLO;RIC;DC;PENNSYLVANIA;COLUMBUS;CINCINNATI;LOUISVILLE;NASHVILLE;MEM;LITTLE_ROCK;DAL;ABILENE;RAPID_CITY;MIN;MILWAUKEE,T1,92.5,78.6,>72h source-gated,80.1,57.7,10.8,not-time-competitive,freight-rail-wins-bulk-road-wins-express,heuristic-planning
FLO,Florence,T1,transfer_hub,PHILADELPHIA,Philadelphia,T1,service_stop,572,313,long-gap-review,4,0,I-95,FLO;RIC;DC;PHILADELPHIA,T1,12.3,10.5,12h half-day,11.9,8.1,3.6,not-time-competitive,corridor-specific-rail-check-needed,heuristic-planning
FLO,Florence,T1,transfer_hub,DC,Washington,T1,service_stop,426,313,long-gap-review,3,0,I-95,FLO;RIC;DC,T1,9.2,7.8,12h half-day,9.3,6.2,3.4,not-time-competitive,corridor-specific-rail-check-needed,heuristic-planning
FLO,Florence,T1,transfer_hub,RIC,Richmond,T1,national_transfer_hub,313,313,long-gap-review,2,0,I-95,FLO;RIC,T1,6.7,5.7,6h local,7.2,4.7,3.1,not-time-competitive,corridor-specific-rail-check-needed,heuristic-planning
FLO,Florence,T1,transfer_hub,BEN,Benson,T1,transfer_hub,126,126,sla-stop-rhythm-ok,2,0,I-40,FLO;BEN,T1,2.7,2.3,6h local,3.8,2.2,2.8,time-competitive,corridor-specific-rail-check-needed,heuristic-planning
FLO,Florence,T1,transfer_hub,GREENSBORO,Greensboro,T2,service_stop,508,313,long-gap-review,3,1,I-95;I-85,FLO;RIC;GREENSBORO,T1,11.2,9.5,12h half-day,11.1,7.5,3.5,not-time-competitive,corridor-specific-rail-check-needed,heuristic-planning
FLO,Florence,T1,transfer_hub,MOBILE,Mobile,T2,service_stop,1788,382,long-gap-review,10,3,I-95;I-70;I-75;I-65,FLO;RIC;DC;PENNSYLVANIA;COLUMBUS;CINCINNATI;LOUISVILLE;NASHVILLE;BHM_APPROACH;MOBILE,T1,39.7,33.7,36h next-day,35.1,24.9,6.1,not-time-competitive,freight-rail-wins-bulk-road-wins-express,heuristic-planning
FLO,Florence,T1,transfer_hub,LOUISVILLE,Louisville,T2,national_transfer_hub,1146,382,long-gap-review,7,3,I-95;I-70;I-75;I-65,FLO;RIC;DC;PENNSYLVANIA;COLUMBUS;CINCINNATI;LOUISVILLE,T1,25.8,21.9,24h overnight,23.4,16.4,4.8,not-time-competitive,freight-rail-wins-bulk-road-wins-express,heuristic-planning
FLO,Florence,T1,transfer_hub,LITTLE_ROCK,Little Rock,T2,national_transfer_hub,1711,382,long-gap-review,10,5,I-95;I-70;I-75;I-65;I-40;I-30,FLO;RIC;DC;PENNSYLVANIA;COLUMBUS;CINCINNATI;LOUISVILLE;NASHVILLE;MEM;LITTLE_ROCK,T1,38.8,32.8,36h next-day,34.4,24.3,5.9,not-time-competitive,freight-rail-wins-bulk-road-wins-express,heuristic-planning
FLO,Florence,T1,transfer_hub,LAS_VEGAS,Las Vegas,T2,service_stop,4961,1337,needs-intermediate-stops,17,10,I-95;I-70;I-75;I-65;I-40;I-30;US70;I-10;I-5;I-80;I-15,FLO;RIC;DC;PENNSYLVANIA;COLUMBUS;CINCINNATI;LOUISVILLE;NASHVILLE;MEM;LITTLE_ROCK;PHX;LA;CENTRAL_VALLEY;SAC;RENO;SLC;LAS_VEGAS,T1,110.3,93.6,>72h source-gated,95.2,68.6,12.4,not-time-competitive,freight-rail-wins-bulk-road-wins-express,heuristic-planning
FLO,Florence,T1,transfer_hub,DEN,Denver,T1,national_transfer_hub,4970,1337,needs-intermediate-stops,17,10,I-95;I-70;I-75;I-65;I-40;I-30;US70;I-10;I-5;I-80;I-70,FLO;RIC;DC;PENNSYLVANIA;COLUMBUS;CINCINNATI;LOUISVILLE;NASHVILLE;MEM;LITTLE_ROCK;PHX;LA;CENTRAL_VALLEY;SAC;RENO;SLC;DEN,T1,110.5,93.8,>72h source-gated,95.4,68.8,12.4,not-time-competitive,freight-rail-wins-bulk-road-wins-express,heuristic-planning
FLO,Florence,T1,transfer_hub,CAPITAL_BELTWAY_N,Capital North,T2,service_stop,437,313,long-gap-review,4,1,I-95;I-495,FLO;RIC;DC;CAPITAL_BELTWAY_N,T1,9.8,8.3,12h half-day,9.8,6.5,3.4,not-time-competitive,corridor-specific-rail-check-needed,heuristic-planning
FLO,Florence,T1,transfer_hub,CAPITAL_BELTWAY_E,Capital East,T2,service_stop,448,313,long-gap-review,5,1,I-95;I-495,FLO;RIC;DC;CAPITAL_BELTWAY_S;CAPITAL_BELTWAY_E,T1,10.1,8.6,12h half-day,10.0,6.7,3.4,not-time-competitive,corridor-specific-rail-check-needed,heuristic-planning
FLO,Florence,T1,transfer_hub,CAPITAL_BELTWAY_S,Capital South,T2,service_stop,435,313,long-gap-review,4,1,I-95;I-495,FLO;RIC;DC;CAPITAL_BELTWAY_S,T1,9.8,8.3,12h half-day,9.8,6.5,3.4,not-time-competitive,corridor-specific-rail-check-needed,heuristic-planning
FLO,Florence,T1,transfer_hub,JOPLIN,Joplin,T2,service_stop,2641,382,long-gap-review,13,7,I-95;I-70;I-75;I-65;I-40;I-30;I-20;I-49,FLO;RIC;DC;PENNSYLVANIA;COLUMBUS;CINCINNATI;LOUISVILLE;NASHVILLE;MEM;LITTLE_ROCK;DAL;SHV;JOPLIN,T1,59.5,50.4,72h three-day,52.0,37.1,7.8,not-time-competitive,freight-rail-wins-bulk-road-wins-express,heuristic-planning
FLO,Florence,T1,transfer_hub,ROANOKE,Roanoke,T2,service_stop,1579,382,long-gap-review,8,3,I-95;I-70;I-75;I-81,FLO;RIC;DC;PENNSYLVANIA;COLUMBUS;CINCINNATI;KNX;ROANOKE,T1,35.1,29.8,36h next-day,31.3,22.2,5.7,not-time-competitive,freight-rail-wins-bulk-road-wins-express,heuristic-planning
FLO,Florence,T1,transfer_hub,HAGERSTOWN,Hagerstown,T2,service_stop,612,313,long-gap-review,5,2,I-95;I-70;I-81,FLO;RIC;DC;PENNSYLVANIA;HAGERSTOWN,T1,14.0,11.8,12h half-day,13.3,9.1,3.7,not-time-competitive,corridor-specific-rail-check-needed,heuristic-planning
FLO,Florence,T1,transfer_hub,STL,St. Louis,T1,national_transfer_hub,1391,382,long-gap-review,7,1,I-95;I-70,FLO;RIC;DC;PENNSYLVANIA;COLUMBUS;INDY_APPROACH;STL,T1,30.3,25.8,36h next-day,27.1,19.2,5.3,not-time-competitive,freight-rail-wins-bulk-road-wins-express,heuristic-planning
FLO,Florence,T1,transfer_hub,PITTSBURGH,Pittsburgh,T2,service_stop,733,313,long-gap-review,5,2,I-95;I-70;I-76,FLO;RIC;DC;PENNSYLVANIA;PITTSBURGH,T1,16.5,14.0,24h overnight,15.5,10.7,4.0,not-time-competitive,freight-rail-wins-bulk-road-wins-express,heuristic-planning
FLO,Florence,T1,transfer_hub,PENNSYLVANIA,Harrisburg,T1,national_transfer_hub,539,313,long-gap-review,4,1,I-95;I-70,FLO;RIC;DC;PENNSYLVANIA,T1,12.0,10.2,12h half-day,11.6,7.9,3.6,not-time-competitive,corridor-specific-rail-check-needed,heuristic-planning
FLO,Florence,T1,transfer_hub,GULFPORT,Gulfport,T1,national_transfer_hub,1866,382,long-gap-review,11,4,I-95;I-70;I-75;I-65;I-10,FLO;RIC;DC;PENNSYLVANIA;COLUMBUS;CINCINNATI;LOUISVILLE;NASHVILLE;BHM_APPROACH;MOBILE;GULFPORT,T1,41.8,35.5,36h next-day,36.8,26.2,6.2,not-time-competitive,freight-rail-wins-bulk-road-wins-express,heuristic-planning
FLO,Florence,T1,transfer_hub,CORPUS,Corpus Christi,T2,national_transfer_hub,2508,382,long-gap-review,13,7,I-95;I-70;I-75;I-65;I-40;I-30;I-35;I-37,FLO;RIC;DC;PENNSYLVANIA;COLUMBUS;CINCINNATI;LOUISVILLE;NASHVILLE;MEM;LITTLE_ROCK;DAL;SAT;CORPUS,T1,56.7,48.0,72h three-day,49.6,35.3,7.5,not-time-competitive,freight-rail-wins-bulk-road-wins-express,heuristic-planning
MIN,Minneapolis,T1,national_transfer_hub,DSM,Des Moines,T1,transfer_hub,277,277,long-gap-review,2,0,I-35,MIN;DSM,T1,5.9,5.0,6h local,6.5,4.2,3.1,near-competitive-short-haul,corridor-specific-rail-check-needed,heuristic-planning
MIN,Minneapolis,T1,national_transfer_hub,KC,Kansas City,T1,national_transfer_hub,2337,974,needs-intermediate-stops,6,3,I-90;US83;US80;I-35,MIN;RAPID_CITY;ABILENE;DAL;OKC;KC,T1,51.1,43.5,48h two-day,45.0,32.3,7.2,not-time-competitive,freight-rail-wins-bulk-road-wins-express,heuristic-planning
MIN,Minneapolis,T1,national_transfer_hub,OKC,Oklahoma City,T1,national_transfer_hub,1985,974,needs-intermediate-stops,5,3,I-90;US83;US80;I-35,MIN;RAPID_CITY;ABILENE;DAL;OKC,T1,43.5,37.0,48h two-day,38.6,27.6,6.5,not-time-competitive,freight-rail-wins-bulk-road-wins-express,heuristic-planning
MIN,Minneapolis,T1,national_transfer_hub,AMA,Amarillo,T2,service_stop,2154,974,needs-intermediate-stops,5,3,I-90;US83;US80;US287,MIN;RAPID_CITY;ABILENE;DAL;AMA,T1,47.1,40.1,48h two-day,41.7,29.8,6.8,not-time-competitive,freight-rail-wins-bulk-road-wins-express,heuristic-planning
MIN,Minneapolis,T1,national_transfer_hub,MEM,Memphis,T2,national_transfer_hub,2259,974,needs-intermediate-stops,6,3,I-90;US83;US80;I-30,MIN;RAPID_CITY;ABILENE;DAL;LITTLE_ROCK;MEM,T1,49.4,42.1,48h two-day,43.6,31.2,7.0,not-time-competitive,freight-rail-wins-bulk-road-wins-express,heuristic-planning
MIN,Minneapolis,T1,national_transfer_hub,NASHVILLE,Nashville,T1,national_transfer_hub,2490,974,needs-intermediate-stops,7,4,I-90;US83;US80;I-30;I-40,MIN;RAPID_CITY;ABILENE;DAL;LITTLE_ROCK;MEM;NASHVILLE,T1,54.8,46.6,48h two-day,48.2,34.5,7.5,not-time-competitive,freight-rail-wins-bulk-road-wins-express,heuristic-planning
MIN,Minneapolis,T1,national_transfer_hub,KNX,Knoxville,T1,transfer_hub,2680,974,needs-intermediate-stops,8,4,I-90;US83;US80;I-30;I-40,MIN;RAPID_CITY;ABILENE;DAL;LITTLE_ROCK;MEM;NASHVILLE;KNX,T1,58.9,50.1,72h three-day,51.6,37.0,7.9,not-time-competitive,freight-rail-wins-bulk-road-wins-express,heuristic-planning
MIN,Minneapolis,T1,national_transfer_hub,ASHEVILLE,Asheville,T1,service_stop,3067,974,needs-intermediate-stops,11,7,I-90;US83;US80;I-30;I-22;I-20;I-85;I-40,MIN;RAPID_CITY;ABILENE;DAL;LITTLE_ROCK;MEM;BHM_APPROACH;ATL;GREENVILLE;CLT;ASHEVILLE,T1,68.4,58.0,72h three-day,59.7,42.8,8.6,not-time-competitive,freight-rail-wins-bulk-road-wins-express,heuristic-planning
MIN,Minneapolis,T1,national_transfer_hub,CLT,Charlotte,T2,national_transfer_hub,2949,974,needs-intermediate-stops,10,6,I-90;US83;US80;I-30;I-22;I-20;I-85,MIN;RAPID_CITY;ABILENE;DAL;LITTLE_ROCK;MEM;BHM_APPROACH;ATL;GREENVILLE;CLT,T1,65.5,55.6,72h three-day,57.2,41.0,8.4,not-time-competitive,freight-rail-wins-bulk-road-wins-express,heuristic-planning
MIN,Minneapolis,T1,national_transfer_hub,RALEIGH_APPROACH,Raleigh,T1,national_transfer_hub,3102,974,needs-intermediate-stops,11,7,I-90;US83;US80;I-30;I-22;I-20;I-85;I-40,MIN;RAPID_CITY;ABILENE;DAL;LITTLE_ROCK;MEM;BHM_APPROACH;ATL;GREENVILLE;CLT;RALEIGH_APPROACH,T1,69.2,58.7,72h three-day,60.3,43.3,8.7,not-time-competitive,freight-rail-wins-bulk-road-wins-express,heuristic-planning
MIN,Minneapolis,T1,national_transfer_hub,INDY_APPROACH,Indianapolis,T1,national_transfer_hub,3094,974,needs-intermediate-stops,11,7,I-90;US83;US80;I-30;I-40;I-65;I-75;I-70,MIN;RAPID_CITY;ABILENE;DAL;LITTLE_ROCK;MEM;NASHVILLE;LOUISVILLE;CINCINNATI;COLUMBUS;INDY_APPROACH,T1,69.0,58.5,72h three-day,60.2,43.2,8.7,not-time-competitive,freight-rail-wins-bulk-road-wins-express,heuristic-planning
MIN,Minneapolis,T1,national_transfer_hub,FORT_WAYNE,Fort Wayne,T1,service_stop,3218,974,needs-intermediate-stops,12,8,I-90;US83;US80;I-30;I-40;I-65;I-75;I-70;I-69,MIN;RAPID_CITY;ABILENE;DAL;LITTLE_ROCK;MEM;NASHVILLE;LOUISVILLE;CINCINNATI;COLUMBUS;INDY_APPROACH;FORT_WAYNE,T1,72.1,61.1,72h three-day,62.8,45.0,8.9,not-time-competitive,freight-rail-wins-bulk-road-wins-express,heuristic-planning
MIN,Minneapolis,T1,national_transfer_hub,TOL,Toledo,T1,national_transfer_hub,3039,974,needs-intermediate-stops,11,6,I-90;US83;US80;I-30;I-40;I-65;I-75,MIN;RAPID_CITY;ABILENE;DAL;LITTLE_ROCK;MEM;NASHVILLE;LOUISVILLE;CINCINNATI;COLUMBUS;TOL,T1,67.5,57.3,72h three-day,58.8,42.2,8.6,not-time-competitive,freight-rail-wins-bulk-road-wins-express,heuristic-planning
MIN,Minneapolis,T1,national_transfer_hub,COLUMBUS,Columbus,T1,national_transfer_hub,2896,974,needs-intermediate-stops,10,6,I-90;US83;US80;I-30;I-40;I-65;I-75,MIN;RAPID_CITY;ABILENE;DAL;LITTLE_ROCK;MEM;NASHVILLE;LOUISVILLE;CINCINNATI;COLUMBUS,T1,64.4,54.6,72h three-day,56.3,40.3,8.3,not-time-competitive,freight-rail-wins-bulk-road-wins-express,heuristic-planning
MIN,Minneapolis,T1,national_transfer_hub,CINCINNATI,Cincinnati,T2,national_transfer_hub,2778,974,needs-intermediate-stops,9,5,I-90;US83;US80;I-30;I-40;I-65,MIN;RAPID_CITY;ABILENE;DAL;LITTLE_ROCK;MEM;NASHVILLE;LOUISVILLE;CINCINNATI,T1,61.4,52.2,72h three-day,53.8,38.5,8.1,not-time-competitive,freight-rail-wins-bulk-road-wins-express,heuristic-planning
MIN,Minneapolis,T1,national_transfer_hub,CHATTANOOGA,Chattanooga,T2,service_stop,2675,974,needs-intermediate-stops,8,5,I-90;US83;US80;I-30;I-22;I-59,MIN;RAPID_CITY;ABILENE;DAL;LITTLE_ROCK;MEM;BHM_APPROACH;CHATTANOOGA,T1,59.1,50.2,72h three-day,51.9,37.2,7.8,not-time-competitive,freight-rail-wins-bulk-road-wins-express,heuristic-planning
MIN,Minneapolis,T1,national_transfer_hub,MONTGOMERY,Montgomery,T2,service_stop,2851,974,needs-intermediate-stops,9,6,I-90;US83;US80;I-30;I-22;I-20;US80,MIN;RAPID_CITY;ABILENE;DAL;LITTLE_ROCK;MEM;BHM_APPROACH;ATL;MONTGOMERY,T1,63.3,53.8,72h three-day,55.4,39.7,8.2,not-time-competitive,freight-rail-wins-bulk-road-wins-express,heuristic-planning
MIN,Minneapolis,T1,national_transfer_hub,GAINESVILLE,Gainesville,T1,service_stop,3043,974,needs-intermediate-stops,9,6,I-90;US83;US80;I-30;I-22;I-20;I-75,MIN;RAPID_CITY;ABILENE;DAL;LITTLE_ROCK;MEM;BHM_APPROACH;ATL;GAINESVILLE,T1,67.4,57.2,72h three-day,58.9,42.3,8.6,not-time-competitive,freight-rail-wins-bulk-road-wins-express,heuristic-planning
MIN,Minneapolis,T1,national_transfer_hub,SLC,Salt Lake,T1,national_transfer_hub,3431,974,needs-intermediate-stops,8,4,I-90;US83;US80;I-35;I-70,MIN;RAPID_CITY;ABILENE;DAL;OKC;KC;DEN;SLC,T1,74.9,63.8,72h three-day,65.3,47.1,9.4,not-time-competitive,freight-rail-wins-bulk-road-wins-express,heuristic-planning
MIN,Minneapolis,T1,national_transfer_hub,CHEYENNE,Cheyenne,T2,service_stop,3109,974,needs-intermediate-stops,8,5,I-90;US83;US80;I-35;I-70;I-25,MIN;RAPID_CITY;ABILENE;DAL;OKC;KC;DEN;CHEYENNE,T1,68.4,58.1,72h three-day,59.8,43.0,8.7,not-time-competitive,freight-rail-wins-bulk-road-wins-express,heuristic-planning
MIN,Minneapolis,T2,national_transfer_hub,FARGO,Fargo,T2,service_stop,253,253,long-gap-review,2,0,I-29,MIN;FARGO,T2,5.4,4.6,6h local,6.1,3.9,3.0,near-competitive-short-haul,rail-often-absent-road-flexibility-case,heuristic-planning
MIN,Minneapolis,T1,national_transfer_hub,NYC,New York,T2,transfer_hub,3460,974,needs-intermediate-stops,12,8,I-90;US83;US80;I-30;I-40;I-65;I-75;I-70;I-81,MIN;RAPID_CITY;ABILENE;DAL;LITTLE_ROCK;MEM;NASHVILLE;LOUISVILLE;CINCINNATI;COLUMBUS;PENNSYLVANIA;NYC,T1,77.2,65.5,72h three-day,67.2,48.2,9.4,not-time-competitive,freight-rail-wins-bulk-road-wins-express,heuristic-planning
MIN,Minneapolis,T1,national_transfer_hub,BIL,Billings*,T1,national_transfer_hub,917,583,needs-intermediate-stops,3,0,I-90,MIN;RAPID_CITY;BIL,T1,19.6,16.7,24h overnight,18.2,12.7,4.3,not-time-competitive,freight-rail-wins-bulk-road-wins-express,heuristic-planning
MIN,Minneapolis,T1,national_transfer_hub,RAPID_CITY,Rapid City,T1,national_transfer_hub,583,583,needs-intermediate-stops,2,0,I-90,MIN;RAPID_CITY,T1,12.4,10.6,12h half-day,12.1,8.3,3.7,not-time-competitive,corridor-specific-rail-check-needed,heuristic-planning
MIN,Minneapolis,T1,national_transfer_hub,MILWAUKEE,Milwaukee,T1,service_stop,352,352,long-gap-review,2,0,I-90,MIN;MILWAUKEE,T1,7.5,6.4,12h half-day,7.9,5.2,3.2,not-time-competitive,corridor-specific-rail-check-needed,heuristic-planning
MIN,Minneapolis,T1,national_transfer_hub,PHILADELPHIA,Philadelphia,T2,service_stop,3388,974,needs-intermediate-stops,12,8,I-90;US83;US80;I-30;I-40;I-65;I-75;I-70;I-76,MIN;RAPID_CITY;ABILENE;DAL;LITTLE_ROCK;MEM;NASHVILLE;LOUISVILLE;CINCINNATI;COLUMBUS;PENNSYLVANIA;PHILADELPHIA,T1,75.7,64.2,72h three-day,65.9,47.3,9.3,not-time-competitive,freight-rail-wins-bulk-road-wins-express,heuristic-planning
MIN,Minneapolis,T1,national_transfer_hub,DC,Washington,T1,service_stop,3390,974,needs-intermediate-stops,12,7,I-90;US83;US80;I-30;I-40;I-65;I-75;I-70,MIN;RAPID_CITY;ABILENE;DAL;LITTLE_ROCK;MEM;NASHVILLE;LOUISVILLE;CINCINNATI;COLUMBUS;PENNSYLVANIA;DC,T1,75.4,64.0,72h three-day,65.6,47.1,9.3,not-time-competitive,freight-rail-wins-bulk-road-wins-express,heuristic-planning
MIN,Minneapolis,T1,national_transfer_hub,RIC,Richmond,T1,national_transfer_hub,3504,974,needs-intermediate-stops,13,8,I-90;US83;US80;I-30;I-40;I-65;I-75;I-70;I-95,MIN;RAPID_CITY;ABILENE;DAL;LITTLE_ROCK;MEM;NASHVILLE;LOUISVILLE;CINCINNATI;COLUMBUS;PENNSYLVANIA;DC;RIC,T1,78.2,66.4,72h three-day,68.0,48.8,9.5,not-time-competitive,freight-rail-wins-bulk-road-wins-express,heuristic-planning
MIN,Minneapolis,T1,national_transfer_hub,BEN,Benson,T1,transfer_hub,3943,974,needs-intermediate-stops,15,9,I-90;US83;US80;I-30;I-40;I-65;I-75;I-70;I-95;I-40,MIN;RAPID_CITY;ABILENE;DAL;LITTLE_ROCK;MEM;NASHVILLE;LOUISVILLE;CINCINNATI;COLUMBUS;PENNSYLVANIA;DC;RIC;FLO;BEN,T1,88.1,74.7,>72h source-gated,76.3,54.9,10.4,not-time-competitive,freight-rail-wins-bulk-road-wins-express,heuristic-planning
MIN,Minneapolis,T1,national_transfer_hub,GREENVILLE,Greenville,T2,service_stop,2841,974,needs-intermediate-stops,9,6,I-90;US83;US80;I-30;I-22;I-20;I-85,MIN;RAPID_CITY;ABILENE;DAL;LITTLE_ROCK;MEM;BHM_APPROACH;ATL;GREENVILLE,T1,63.1,53.6,72h three-day,55.2,39.6,8.2,not-time-competitive,freight-rail-wins-bulk-road-wins-express,heuristic-planning
MIN,Minneapolis,T1,national_transfer_hub,GREENSBORO,Greensboro,T2,service_stop,3047,974,needs-intermediate-stops,11,6,I-90;US83;US80;I-30;I-22;I-20;I-85,MIN;RAPID_CITY;ABILENE;DAL;LITTLE_ROCK;MEM;BHM_APPROACH;ATL;GREENVILLE;CLT;GREENSBORO,T1,67.6,57.4,72h three-day,59.0,42.3,8.6,not-time-competitive,freight-rail-wins-bulk-road-wins-express,heuristic-planning
MIN,Minneapolis,T1,national_transfer_hub,MOBILE,Mobile,T1,service_stop,2567,974,needs-intermediate-stops,9,4,I-90;US83;I-10;US90;I-10,MIN;RAPID_CITY;ABILENE;SAT;HOU;BEAUMONT;LAFAYETTE;GULFPORT;MOBILE,T1,56.6,48.1,72h three-day,49.6,35.5,7.6,not-time-competitive,freight-rail-wins-bulk-road-wins-express,heuristic-planning
MIN,Minneapolis,T1,national_transfer_hub,LOUISVILLE,Louisville,T2,national_transfer_hub,2671,974,needs-intermediate-stops,8,5,I-90;US83;US80;I-30;I-40;I-65,MIN;RAPID_CITY;ABILENE;DAL;LITTLE_ROCK;MEM;NASHVILLE;LOUISVILLE,T1,59.1,50.2,72h three-day,51.8,37.1,7.8,not-time-competitive,freight-rail-wins-bulk-road-wins-express,heuristic-planning
MIN,Minneapolis,T1,national_transfer_hub,LITTLE_ROCK,Little Rock,T2,national_transfer_hub,2105,974,needs-intermediate-stops,5,3,I-90;US83;US80;I-30,MIN;RAPID_CITY;ABILENE;DAL;LITTLE_ROCK,T1,46.1,39.2,48h two-day,40.8,29.2,6.7,not-time-competitive,freight-rail-wins-bulk-road-wins-express,heuristic-planning
MIN,Minneapolis,T1,national_transfer_hub,DEN,Denver,T1,national_transfer_hub,2994,974,needs-intermediate-stops,7,4,I-90;US83;US80;I-35;I-70,MIN;RAPID_CITY;ABILENE;DAL;OKC;KC;DEN,T1,65.5,55.7,72h three-day,57.3,41.2,8.5,not-time-competitive,freight-rail-wins-bulk-road-wins-express,heuristic-planning
MIN,Minneapolis,T1,national_transfer_hub,COLORADO_SPRINGS,Colorado Springs,T2,service_stop,3069,974,needs-intermediate-stops,8,5,I-90;US83;US80;I-35;I-70;I-25,MIN;RAPID_CITY;ABILENE;DAL;OKC;KC;DEN;COLORADO_SPRINGS,T1,67.5,57.4,72h three-day,59.1,42.4,8.6,not-time-competitive,freight-rail-wins-bulk-road-wins-express,heuristic-planning
MIN,Minneapolis,T1,national_transfer_hub,CAPITAL_BELTWAY_N,Capital North,T2,service_stop,3401,974,needs-intermediate-stops,13,8,I-90;US83;US80;I-30;I-40;I-65;I-75;I-70;I-495,MIN;RAPID_CITY;ABILENE;DAL;LITTLE_ROCK;MEM;NASHVILLE;LOUISVILLE;CINCINNATI;COLUMBUS;PENNSYLVANIA;DC;CAPITAL_BELTWAY_N,T1,76.0,64.5,72h three-day,66.1,47.5,9.3,not-time-competitive,freight-rail-wins-bulk-road-wins-express,heuristic-planning
MIN,Minneapolis,T1,national_transfer_hub,CAPITAL_BELTWAY_E,Capital East,T2,service_stop,3412,974,needs-intermediate-stops,14,8,I-90;US83;US80;I-30;I-40;I-65;I-75;I-70;I-495,MIN;RAPID_CITY;ABILENE;DAL;LITTLE_ROCK;MEM;NASHVILLE;LOUISVILLE;CINCINNATI;COLUMBUS;PENNSYLVANIA;DC;CAPITAL_BELTWAY_S;CAPITAL_BELTWAY_E,T1,76.4,64.8,72h three-day,66.3,47.6,9.3,not-time-competitive,freight-rail-wins-bulk-road-wins-express,heuristic-planning
MIN,Minneapolis,T1,national_transfer_hub,CAPITAL_BELTWAY_S,Capital South,T2,service_stop,3399,974,needs-intermediate-stops,13,8,I-90;US83;US80;I-30;I-40;I-65;I-75;I-70;I-495,MIN;RAPID_CITY;ABILENE;DAL;LITTLE_ROCK;MEM;NASHVILLE;LOUISVILLE;CINCINNATI;COLUMBUS;PENNSYLVANIA;DC;CAPITAL_BELTWAY_S,T1,76.0,64.5,72h three-day,66.1,47.4,9.3,not-time-competitive,freight-rail-wins-bulk-road-wins-express,heuristic-planning
MIN,Minneapolis,T1,national_transfer_hub,JOPLIN,Joplin,T2,service_stop,2345,974,needs-intermediate-stops,6,4,I-90;US83;US80;I-20;I-49,MIN;RAPID_CITY;ABILENE;DAL;SHV;JOPLIN,T1,51.6,43.9,48h two-day,45.5,32.6,7.2,not-time-competitive,freight-rail-wins-bulk-road-wins-express,heuristic-planning
MIN,Minneapolis,T1,national_transfer_hub,HAGERSTOWN,Hagerstown,T2,service_stop,3352,974,needs-intermediate-stops,12,8,I-90;US83;US80;I-30;I-40;I-65;I-75;I-70;I-81,MIN;RAPID_CITY;ABILENE;DAL;LITTLE_ROCK;MEM;NASHVILLE;LOUISVILLE;CINCINNATI;COLUMBUS;PENNSYLVANIA;HAGERSTOWN,T1,74.9,63.5,72h three-day,65.2,46.8,9.2,not-time-competitive,freight-rail-wins-bulk-road-wins-express,heuristic-planning
MIN,Minneapolis,T1,national_transfer_hub,STL,St. Louis,T1,national_transfer_hub,2618,974,needs-intermediate-stops,7,4,I-90;US83;US80;I-35;I-70,MIN;RAPID_CITY;ABILENE;DAL;OKC;KC;STL,T1,57.5,48.9,72h three-day,50.5,36.2,7.7,not-time-competitive,freight-rail-wins-bulk-road-wins-express,heuristic-planning
MIN,Minneapolis,T1,national_transfer_hub,PITTSBURGH,Pittsburgh,T2,service_stop,3377,974,needs-intermediate-stops,11,7,I-90;US83;US80;I-30;I-22;I-20;I-85;I-77,MIN;RAPID_CITY;ABILENE;DAL;LITTLE_ROCK;MEM;BHM_APPROACH;ATL;GREENVILLE;CLT;PITTSBURGH,T1,75.0,63.7,72h three-day,65.4,46.9,9.3,not-time-competitive,freight-rail-wins-bulk-road-wins-express,heuristic-planning
MIN,Minneapolis,T1,national_transfer_hub,PENNSYLVANIA,Harrisburg,T1,national_transfer_hub,3278,974,needs-intermediate-stops,11,7,I-90;US83;US80;I-30;I-40;I-65;I-75;I-70,MIN;RAPID_CITY;ABILENE;DAL;LITTLE_ROCK;MEM;NASHVILLE;LOUISVILLE;CINCINNATI;COLUMBUS;PENNSYLVANIA,T1,72.9,61.9,72h three-day,63.6,45.6,9.1,not-time-competitive,freight-rail-wins-bulk-road-wins-express,heuristic-planning
MIN,Minneapolis,T1,national_transfer_hub,GULFPORT,Gulfport,T2,national_transfer_hub,2489,974,needs-intermediate-stops,8,3,I-90;US83;I-10;US90,MIN;RAPID_CITY;ABILENE;SAT;HOU;BEAUMONT;LAFAYETTE;GULFPORT,T1,54.5,46.4,48h two-day,47.8,34.3,7.5,not-time-competitive,freight-rail-wins-bulk-road-wins-express,heuristic-planning
MIN,Minneapolis,T1,national_transfer_hub,CORPUS,Corpus Christi,T2,national_transfer_hub,1972,974,needs-intermediate-stops,5,2,I-90;US83;I-37,MIN;RAPID_CITY;ABILENE;SAT;CORPUS,T1,42.9,36.5,48h two-day,38.1,27.2,6.4,not-time-competitive,freight-rail-wins-bulk-road-wins-express,heuristic-planning
DSM,Des Moines,T1,transfer_hub,KC,Kansas City,T1,national_transfer_hub,212,212,sla-stop-rhythm-ok,2,0,I-35,DSM;KC,T1,4.5,3.8,6h local,5.3,3.3,2.9,near-competitive-short-haul,corridor-specific-rail-check-needed,heuristic-planning
DSM,Des Moines,T1,transfer_hub,OKC,Oklahoma City,T1,national_transfer_hub,564,352,long-gap-review,3,0,I-35,DSM;KC;OKC,T1,12.1,10.3,12h half-day,11.7,8.0,3.6,not-time-competitive,corridor-specific-rail-check-needed,heuristic-planning
DSM,Des Moines,T1,transfer_hub,AMA,Amarillo,T1,service_stop,851,352,long-gap-review,4,1,I-35;I-40,DSM;KC;OKC;AMA,T1,18.6,15.8,24h overnight,17.3,12.0,4.2,not-time-competitive,freight-rail-wins-bulk-road-wins-express,heuristic-planning
DSM,Des Moines,T1,transfer_hub,MEM,Memphis,T2,national_transfer_hub,1287,352,long-gap-review,6,1,I-35;I-30,DSM;KC;OKC;DAL;LITTLE_ROCK;MEM,T1,28.0,23.9,24h overnight,25.2,17.9,5.1,not-time-competitive,freight-rail-wins-bulk-road-wins-express,heuristic-planning
DSM,Des Moines,T1,transfer_hub,NASHVILLE,Nashville,T1,national_transfer_hub,1518,352,long-gap-review,7,2,I-35;I-30;I-40,DSM;KC;OKC;DAL;LITTLE_ROCK;MEM;NASHVILLE,T1,33.4,28.4,36h next-day,29.8,21.1,5.5,not-time-competitive,freight-rail-wins-bulk-road-wins-express,heuristic-planning
DSM,Des Moines,T1,transfer_hub,KNX,Knoxville,T1,transfer_hub,1708,352,long-gap-review,8,2,I-35;I-30;I-40,DSM;KC;OKC;DAL;LITTLE_ROCK;MEM;NASHVILLE;KNX,T1,37.5,31.9,36h next-day,33.2,23.7,5.9,not-time-competitive,freight-rail-wins-bulk-road-wins-express,heuristic-planning
DSM,Des Moines,T1,transfer_hub,ASHEVILLE,Asheville,T1,service_stop,2095,352,long-gap-review,11,5,I-35;I-30;I-22;I-20;I-85;I-40,DSM;KC;OKC;DAL;LITTLE_ROCK;MEM;BHM_APPROACH;ATL;GREENVILLE;CLT;ASHEVILLE,T1,47.0,39.9,48h two-day,41.3,29.4,6.7,not-time-competitive,freight-rail-wins-bulk-road-wins-express,heuristic-planning
DSM,Des Moines,T1,transfer_hub,CLT,Charlotte,T2,national_transfer_hub,1977,352,long-gap-review,10,4,I-35;I-30;I-22;I-20;I-85,DSM;KC;OKC;DAL;LITTLE_ROCK;MEM;BHM_APPROACH;ATL;GREENVILLE;CLT,T1,44.1,37.4,48h two-day,38.9,27.7,6.5,not-time-competitive,freight-rail-wins-bulk-road-wins-express,heuristic-planning
DSM,Des Moines,T1,transfer_hub,RALEIGH_APPROACH,Raleigh,T1,national_transfer_hub,2130,352,long-gap-review,11,5,I-35;I-30;I-22;I-20;I-85;I-40,DSM;KC;OKC;DAL;LITTLE_ROCK;MEM;BHM_APPROACH;ATL;GREENVILLE;CLT;RALEIGH_APPROACH,T1,47.8,40.5,48h two-day,42.0,29.9,6.8,not-time-competitive,freight-rail-wins-bulk-road-wins-express,heuristic-planning
DSM,Des Moines,T1,transfer_hub,INDY_APPROACH,Indianapolis,T1,national_transfer_hub,2122,352,long-gap-review,11,5,I-35;I-30;I-40;I-65;I-75;I-70,DSM;KC;OKC;DAL;LITTLE_ROCK;MEM;NASHVILLE;LOUISVILLE;CINCINNATI;COLUMBUS;INDY_APPROACH,T1,47.6,40.4,48h two-day,41.8,29.8,6.7,not-time-competitive,freight-rail-wins-bulk-road-wins-express,heuristic-planning
DSM,Des Moines,T1,transfer_hub,FORT_WAYNE,Fort Wayne,T1,service_stop,2246,352,long-gap-review,12,6,I-35;I-30;I-40;I-65;I-75;I-70;I-69,DSM;KC;OKC;DAL;LITTLE_ROCK;MEM;NASHVILLE;LOUISVILLE;CINCINNATI;COLUMBUS;INDY_APPROACH;FORT_WAYNE,T1,50.7,42.9,48h two-day,44.4,31.7,7.0,not-time-competitive,freight-rail-wins-bulk-road-wins-express,heuristic-planning
DSM,Des Moines,T1,transfer_hub,CHI_APPROACH,South Bend,T1,service_stop,451,365,long-gap-review,3,1,I-80;I-69,DSM;CHI;CHI_APPROACH,T1,10.0,8.5,12h half-day,10.0,6.7,3.4,not-time-competitive,corridor-specific-rail-check-needed,heuristic-planning
DSM,Des Moines,T1,transfer_hub,CHI,Chicago,T1,national_transfer_hub,365,365,long-gap-review,2,0,I-80,DSM;CHI,T1,7.8,6.6,12h half-day,8.1,5.4,3.2,not-time-competitive,corridor-specific-rail-check-needed,heuristic-planning
DSM,Des Moines,T1,transfer_hub,TOL,Toledo,T1,national_transfer_hub,613,365,long-gap-review,3,0,I-80,DSM;CHI;TOL,T1,13.1,11.2,12h half-day,12.6,8.7,3.7,not-time-competitive,corridor-specific-rail-check-needed,heuristic-planning
DSM,Des Moines,T1,transfer_hub,COLUMBUS,Columbus,T1,national_transfer_hub,1924,352,long-gap-review,10,4,I-35;I-30;I-40;I-65;I-75,DSM;KC;OKC;DAL;LITTLE_ROCK;MEM;NASHVILLE;LOUISVILLE;CINCINNATI;COLUMBUS,T1,43.0,36.5,48h two-day,37.9,27.0,6.3,not-time-competitive,freight-rail-wins-bulk-road-wins-express,heuristic-planning
DSM,Des Moines,T1,transfer_hub,CINCINNATI,Cincinnati,T2,national_transfer_hub,1806,352,long-gap-review,9,3,I-35;I-30;I-40;I-65,DSM;KC;OKC;DAL;LITTLE_ROCK;MEM;NASHVILLE;LOUISVILLE;CINCINNATI,T1,40.0,34.0,36h next-day,35.4,25.2,6.1,not-time-competitive,freight-rail-wins-bulk-road-wins-express,heuristic-planning
DSM,Des Moines,T1,transfer_hub,CHATTANOOGA,Chattanooga,T2,service_stop,1703,352,long-gap-review,8,3,I-35;I-30;I-22;I-59,DSM;KC;OKC;DAL;LITTLE_ROCK;MEM;BHM_APPROACH;CHATTANOOGA,T1,37.8,32.1,36h next-day,33.5,23.8,5.9,not-time-competitive,freight-rail-wins-bulk-road-wins-express,heuristic-planning
DSM,Des Moines,T1,transfer_hub,MONTGOMERY,Montgomery,T2,service_stop,1879,352,long-gap-review,9,4,I-35;I-30;I-22;I-20;US80,DSM;KC;OKC;DAL;LITTLE_ROCK;MEM;BHM_APPROACH;ATL;MONTGOMERY,T1,41.9,35.6,36h next-day,37.1,26.4,6.3,not-time-competitive,freight-rail-wins-bulk-road-wins-express,heuristic-planning
DSM,Des Moines,T1,transfer_hub,GAINESVILLE,Gainesville,T1,service_stop,2071,364,long-gap-review,9,4,I-35;I-30;I-22;I-20;I-75,DSM;KC;OKC;DAL;LITTLE_ROCK;MEM;BHM_APPROACH;ATL;GAINESVILLE,T1,46.0,39.1,48h two-day,40.6,28.9,6.6,not-time-competitive,freight-rail-wins-bulk-road-wins-express,heuristic-planning
DSM,Des Moines,T1,transfer_hub,SLC,Salt Lake,T1,national_transfer_hub,1125,545,needs-intermediate-stops,4,0,I-80,DSM;OMAHA;CHEYENNE;SLC,T1,24.1,20.6,24h overnight,22.0,15.5,4.8,not-time-competitive,freight-rail-wins-bulk-road-wins-express,heuristic-planning
DSM,Des Moines,T1,transfer_hub,CHEYENNE,Cheyenne,T1,service_stop,689,545,needs-intermediate-stops,3,0,I-80,DSM;OMAHA;CHEYENNE,T1,14.7,12.6,24h overnight,14.0,9.7,3.9,not-time-competitive,corridor-specific-rail-check-needed,heuristic-planning
DSM,Des Moines,T1,transfer_hub,OMAHA,Omaha,T1,national_transfer_hub,144,144,sla-stop-rhythm-ok,2,0,I-80,DSM;OMAHA,T1,3.1,2.6,6h local,4.1,2.4,2.8,time-competitive,corridor-specific-rail-check-needed,heuristic-planning
DSM,Des Moines,T1,transfer_hub,FARGO,Fargo,T2,service_stop,605,461,needs-intermediate-stops,3,1,I-80;I-29,DSM;OMAHA;FARGO,T1,13.3,11.3,12h half-day,12.8,8.8,3.7,not-time-competitive,corridor-specific-rail-check-needed,heuristic-planning
DSM,Des Moines,T1,transfer_hub,NYC,New York,T2,transfer_hub,2488,382,long-gap-review,12,6,I-35;I-30;I-40;I-65;I-75;I-70;I-81,DSM;KC;OKC;DAL;LITTLE_ROCK;MEM;NASHVILLE;LOUISVILLE;CINCINNATI;COLUMBUS;PENNSYLVANIA;NYC,T1,55.8,47.3,48h two-day,48.8,34.9,7.5,not-time-competitive,freight-rail-wins-bulk-road-wins-express,heuristic-planning
DSM,Des Moines,T1,transfer_hub,SPK,Spokane,T1,service_stop,1647,545,needs-intermediate-stops,5,2,I-80;I-25;I-90,DSM;OMAHA;CHEYENNE;BIL;SPK,T1,36.0,30.6,36h next-day,32.1,22.9,5.8,not-time-competitive,freight-rail-wins-bulk-road-wins-express,heuristic-planning
DSM,Des Moines,T1,transfer_hub,BIL,Billings*,T2,national_transfer_hub,1125,545,needs-intermediate-stops,4,1,I-80;I-25,DSM;OMAHA;CHEYENNE;BIL,T1,24.5,20.8,24h overnight,22.3,15.7,4.8,not-time-competitive,freight-rail-wins-bulk-road-wins-express,heuristic-planning
DSM,Des Moines,T1,transfer_hub,RAPID_CITY,Rapid City,T1,national_transfer_hub,1460,545,needs-intermediate-stops,5,2,I-80;I-25;I-90,DSM;OMAHA;CHEYENNE;BIL;RAPID_CITY,T1,32.0,27.2,36h next-day,28.7,20.4,5.4,not-time-competitive,freight-rail-wins-bulk-road-wins-express,heuristic-planning
DSM,Des Moines,T1,transfer_hub,MILWAUKEE,Milwaukee,T1,service_stop,462,365,long-gap-review,4,1,I-80;I-90,DSM;CHI;CHI_NORTH;MILWAUKEE,T1,10.3,8.8,12h half-day,10.3,6.9,3.4,not-time-competitive,corridor-specific-rail-check-needed,heuristic-planning
DSM,Des Moines,T1,transfer_hub,CHI_NORTH,North Chicago,T1,service_stop,379,365,long-gap-review,3,1,I-80;I-90,DSM;CHI;CHI_NORTH,T1,8.5,7.2,12h half-day,8.7,5.8,3.3,not-time-competitive,corridor-specific-rail-check-needed,heuristic-planning
DSM,Des Moines,T1,transfer_hub,PHILADELPHIA,Philadelphia,T2,service_stop,2416,382,long-gap-review,12,6,I-35;I-30;I-40;I-65;I-75;I-70;I-76,DSM;KC;OKC;DAL;LITTLE_ROCK;MEM;NASHVILLE;LOUISVILLE;CINCINNATI;COLUMBUS;PENNSYLVANIA;PHILADELPHIA,T1,54.3,46.0,48h two-day,47.5,33.9,7.3,not-time-competitive,freight-rail-wins-bulk-road-wins-express,heuristic-planning
DSM,Des Moines,T1,transfer_hub,DC,Washington,T1,service_stop,2418,382,long-gap-review,12,5,I-35;I-30;I-40;I-65;I-75;I-70,DSM;KC;OKC;DAL;LITTLE_ROCK;MEM;NASHVILLE;LOUISVILLE;CINCINNATI;COLUMBUS;PENNSYLVANIA;DC,T1,54.0,45.8,48h two-day,47.2,33.7,7.3,not-time-competitive,freight-rail-wins-bulk-road-wins-express,heuristic-planning
DSM,Des Moines,T1,transfer_hub,RIC,Richmond,T1,national_transfer_hub,2532,382,long-gap-review,13,6,I-35;I-30;I-40;I-65;I-75;I-70;I-95,DSM;KC;OKC;DAL;LITTLE_ROCK;MEM;NASHVILLE;LOUISVILLE;CINCINNATI;COLUMBUS;PENNSYLVANIA;DC;RIC,T1,56.9,48.2,72h three-day,49.6,35.5,7.6,not-time-competitive,freight-rail-wins-bulk-road-wins-express,heuristic-planning
DSM,Des Moines,T1,transfer_hub,BEN,Benson,T1,transfer_hub,2971,382,long-gap-review,15,7,I-35;I-30;I-40;I-65;I-75;I-70;I-95;I-40,DSM;KC;OKC;DAL;LITTLE_ROCK;MEM;NASHVILLE;LOUISVILLE;CINCINNATI;COLUMBUS;PENNSYLVANIA;DC;RIC;FLO;BEN,T1,66.7,56.5,72h three-day,58.0,41.5,8.4,not-time-competitive,freight-rail-wins-bulk-road-wins-express,heuristic-planning
DSM,Des Moines,T1,transfer_hub,GREENVILLE,Greenville,T2,service_stop,1869,352,long-gap-review,9,4,I-35;I-30;I-22;I-20;I-85,DSM;KC;OKC;DAL;LITTLE_ROCK;MEM;BHM_APPROACH;ATL;GREENVILLE,T1,41.7,35.4,36h next-day,36.9,26.2,6.2,not-time-competitive,freight-rail-wins-bulk-road-wins-express,heuristic-planning
DSM,Des Moines,T1,transfer_hub,GREENSBORO,Greensboro,T2,service_stop,2075,352,long-gap-review,11,4,I-35;I-30;I-22;I-20;I-85,DSM;KC;OKC;DAL;LITTLE_ROCK;MEM;BHM_APPROACH;ATL;GREENVILLE;CLT;GREENSBORO,T1,46.3,39.3,48h two-day,40.6,29.0,6.6,not-time-competitive,freight-rail-wins-bulk-road-wins-express,heuristic-planning
DSM,Des Moines,T1,transfer_hub,MOBILE,Mobile,T2,service_stop,1789,352,long-gap-review,8,3,I-35;I-30;I-22;I-65,DSM;KC;OKC;DAL;LITTLE_ROCK;MEM;BHM_APPROACH;MOBILE,T1,39.6,33.6,36h next-day,35.1,25.0,6.1,not-time-competitive,freight-rail-wins-bulk-road-wins-express,heuristic-planning
DSM,Des Moines,T1,transfer_hub,LOUISVILLE,Louisville,T2,national_transfer_hub,1699,352,long-gap-review,8,3,I-35;I-30;I-40;I-65,DSM;KC;OKC;DAL;LITTLE_ROCK;MEM;NASHVILLE;LOUISVILLE,T1,37.7,32.0,36h next-day,33.4,23.8,5.9,not-time-competitive,freight-rail-wins-bulk-road-wins-express,heuristic-planning
DSM,Des Moines,T1,transfer_hub,LITTLE_ROCK,Little Rock,T2,national_transfer_hub,1134,352,long-gap-review,5,1,I-35;I-30,DSM;KC;OKC;DAL;LITTLE_ROCK,T1,24.7,21.0,24h overnight,22.5,15.8,4.8,not-time-competitive,freight-rail-wins-bulk-road-wins-express,heuristic-planning
DSM,Des Moines,T1,transfer_hub,DEN,Denver,T2,national_transfer_hub,804,545,needs-intermediate-stops,4,1,I-80;I-25,DSM;OMAHA;CHEYENNE;DEN,T1,17.6,15.0,24h overnight,16.5,11.4,4.1,not-time-competitive,freight-rail-wins-bulk-road-wins-express,heuristic-planning
DSM,Des Moines,T1,transfer_hub,CAPITAL_BELTWAY_N,Capital North,T2,service_stop,2429,382,long-gap-review,13,6,I-35;I-30;I-40;I-65;I-75;I-70;I-495,DSM;KC;OKC;DAL;LITTLE_ROCK;MEM;NASHVILLE;LOUISVILLE;CINCINNATI;COLUMBUS;PENNSYLVANIA;DC;CAPITAL_BELTWAY_N,T1,54.7,46.3,48h two-day,47.8,34.1,7.4,not-time-competitive,freight-rail-wins-bulk-road-wins-express,heuristic-planning
DSM,Des Moines,T1,transfer_hub,CAPITAL_BELTWAY_E,Capital East,T2,service_stop,2440,382,long-gap-review,14,6,I-35;I-30;I-40;I-65;I-75;I-70;I-495,DSM;KC;OKC;DAL;LITTLE_ROCK;MEM;NASHVILLE;LOUISVILLE;CINCINNATI;COLUMBUS;PENNSYLVANIA;DC;CAPITAL_BELTWAY_S;CAPITAL_BELTWAY_E,T1,55.0,46.6,48h two-day,48.0,34.2,7.4,not-time-competitive,freight-rail-wins-bulk-road-wins-express,heuristic-planning
DSM,Des Moines,T1,transfer_hub,CAPITAL_BELTWAY_S,Capital South,T2,service_stop,2427,382,long-gap-review,13,6,I-35;I-30;I-40;I-65;I-75;I-70;I-495,DSM;KC;OKC;DAL;LITTLE_ROCK;MEM;NASHVILLE;LOUISVILLE;CINCINNATI;COLUMBUS;PENNSYLVANIA;DC;CAPITAL_BELTWAY_S,T1,54.6,46.3,48h two-day,47.7,34.1,7.4,not-time-competitive,freight-rail-wins-bulk-road-wins-express,heuristic-planning
DSM,Des Moines,T1,transfer_hub,JOPLIN,Joplin,T2,service_stop,376,212,sla-stop-rhythm-ok,3,1,I-35;I-49,DSM;KC;JOPLIN,T1,8.4,7.2,12h half-day,8.7,5.7,3.3,not-time-competitive,corridor-specific-rail-check-needed,heuristic-planning
DSM,Des Moines,T1,transfer_hub,HAGERSTOWN,Hagerstown,T2,service_stop,2380,382,long-gap-review,12,6,I-35;I-30;I-40;I-65;I-75;I-70;I-81,DSM;KC;OKC;DAL;LITTLE_ROCK;MEM;NASHVILLE;LOUISVILLE;CINCINNATI;COLUMBUS;PENNSYLVANIA;HAGERSTOWN,T1,53.5,45.4,48h two-day,46.9,33.4,7.3,not-time-competitive,freight-rail-wins-bulk-road-wins-express,heuristic-planning
DSM,Des Moines,T1,transfer_hub,STL,St. Louis,T1,national_transfer_hub,492,281,long-gap-review,3,1,I-35;I-70,DSM;KC;STL,T1,10.9,9.3,12h half-day,10.8,7.3,3.5,not-time-competitive,corridor-specific-rail-check-needed,heuristic-planning
DSM,Des Moines,T1,transfer_hub,PITTSBURGH,Pittsburgh,T2,service_stop,2405,428,needs-intermediate-stops,11,5,I-35;I-30;I-22;I-20;I-85;I-77,DSM;KC;OKC;DAL;LITTLE_ROCK;MEM;BHM_APPROACH;ATL;GREENVILLE;CLT;PITTSBURGH,T1,53.7,45.5,48h two-day,47.0,33.6,7.3,not-time-competitive,freight-rail-wins-bulk-road-wins-express,heuristic-planning
DSM,Des Moines,T1,transfer_hub,PENNSYLVANIA,Harrisburg,T1,national_transfer_hub,2306,382,long-gap-review,11,5,I-35;I-30;I-40;I-65;I-75;I-70,DSM;KC;OKC;DAL;LITTLE_ROCK;MEM;NASHVILLE;LOUISVILLE;CINCINNATI;COLUMBUS;PENNSYLVANIA,T1,51.5,43.7,48h two-day,45.2,32.3,7.1,not-time-competitive,freight-rail-wins-bulk-road-wins-express,heuristic-planning
DSM,Des Moines,T1,transfer_hub,GULFPORT,Gulfport,T2,national_transfer_hub,1757,352,long-gap-review,9,2,I-35;I-10;US90,DSM;KC;OKC;DAL;SAT;HOU;BEAUMONT;LAFAYETTE;GULFPORT,T1,38.6,32.9,36h next-day,34.1,24.3,6.0,not-time-competitive,freight-rail-wins-bulk-road-wins-express,heuristic-planning
DSM,Des Moines,T1,transfer_hub,CORPUS,Corpus Christi,T2,national_transfer_hub,1240,352,long-gap-review,6,1,I-35;I-37,DSM;KC;OKC;DAL;SAT;CORPUS,T1,27.1,23.0,24h overnight,24.4,17.2,5.0,not-time-competitive,freight-rail-wins-bulk-road-wins-express,heuristic-planning
KC,Kansas City,T1,national_transfer_hub,OKC,Oklahoma City,T1,national_transfer_hub,352,352,long-gap-review,2,0,I-35,KC;OKC,T1,7.5,6.4,12h half-day,7.9,5.2,3.2,not-time-competitive,corridor-specific-rail-check-needed,heuristic-planning
KC,Kansas City,T1,national_transfer_hub,AMA,Amarillo,T1,service_stop,639,352,long-gap-review,3,1,I-35;I-40,KC;OKC;AMA,T1,14.0,11.9,12h half-day,13.5,9.2,3.8,not-time-competitive,corridor-specific-rail-check-needed,heuristic-planning
KC,Kansas City,T1,national_transfer_hub,MEM,Memphis,T2,national_transfer_hub,1075,352,long-gap-review,5,1,I-35;I-30,KC;OKC;DAL;LITTLE_ROCK;MEM,T1,23.5,20.0,24h overnight,21.4,15.0,4.7,not-time-competitive,freight-rail-wins-bulk-road-wins-express,heuristic-planning
KC,Kansas City,T1,national_transfer_hub,NASHVILLE,Nashville,T1,national_transfer_hub,1307,352,long-gap-review,6,2,I-35;I-30;I-40,KC;OKC;DAL;LITTLE_ROCK;MEM;NASHVILLE,T1,28.8,24.5,36h next-day,26.0,18.3,5.1,not-time-competitive,freight-rail-wins-bulk-road-wins-express,heuristic-planning
KC,Kansas City,T1,national_transfer_hub,KNX,Knoxville,T1,transfer_hub,1496,352,long-gap-review,7,2,I-35;I-30;I-40,KC;OKC;DAL;LITTLE_ROCK;MEM;NASHVILLE;KNX,T1,32.9,28.0,36h next-day,29.4,20.8,5.5,not-time-competitive,freight-rail-wins-bulk-road-wins-express,heuristic-planning
KC,Kansas City,T1,national_transfer_hub,ASHEVILLE,Asheville,T1,service_stop,1883,352,long-gap-review,10,5,I-35;I-30;I-22;I-20;I-85;I-40,KC;OKC;DAL;LITTLE_ROCK;MEM;BHM_APPROACH;ATL;GREENVILLE;CLT;ASHEVILLE,T1,42.5,36.0,36h next-day,37.5,26.6,6.3,not-time-competitive,freight-rail-wins-bulk-road-wins-express,heuristic-planning
KC,Kansas City,T1,national_transfer_hub,CLT,Charlotte,T2,national_transfer_hub,1766,352,long-gap-review,9,4,I-35;I-30;I-22;I-20;I-85,KC;OKC;DAL;LITTLE_ROCK;MEM;BHM_APPROACH;ATL;GREENVILLE;CLT,T1,39.5,33.5,36h next-day,35.0,24.8,6.0,not-time-competitive,freight-rail-wins-bulk-road-wins-express,heuristic-planning
KC,Kansas City,T1,national_transfer_hub,RALEIGH_APPROACH,Raleigh,T1,national_transfer_hub,1918,352,long-gap-review,10,5,I-35;I-30;I-22;I-20;I-85;I-40,KC;OKC;DAL;LITTLE_ROCK;MEM;BHM_APPROACH;ATL;GREENVILLE;CLT;RALEIGH_APPROACH,T1,43.2,36.6,48h two-day,38.1,27.1,6.3,not-time-competitive,freight-rail-wins-bulk-road-wins-express,heuristic-planning
KC,Kansas City,T1,national_transfer_hub,INDY_APPROACH,Indianapolis,T1,national_transfer_hub,1911,352,long-gap-review,10,5,I-35;I-30;I-40;I-65;I-75;I-70,KC;OKC;DAL;LITTLE_ROCK;MEM;NASHVILLE;LOUISVILLE;CINCINNATI;COLUMBUS;INDY_APPROACH,T1,43.0,36.5,48h two-day,38.0,27.0,6.3,not-time-competitive,freight-rail-wins-bulk-road-wins-express,heuristic-planning
KC,Kansas City,T1,national_transfer_hub,FORT_WAYNE,Fort Wayne,T1,service_stop,2035,352,long-gap-review,11,6,I-35;I-30;I-40;I-65;I-75;I-70;I-69,KC;OKC;DAL;LITTLE_ROCK;MEM;NASHVILLE;LOUISVILLE;CINCINNATI;COLUMBUS;INDY_APPROACH;FORT_WAYNE,T1,46.1,39.0,48h two-day,40.6,28.8,6.6,not-time-competitive,freight-rail-wins-bulk-road-wins-express,heuristic-planning
KC,Kansas City,T1,national_transfer_hub,CHI_APPROACH,South Bend,T1,service_stop,662,365,long-gap-review,4,2,I-35;I-80;I-69,KC;DSM;CHI;CHI_APPROACH,T1,14.9,12.7,24h overnight,14.2,9.7,3.8,not-time-competitive,corridor-specific-rail-check-needed,heuristic-planning
KC,Kansas City,T1,national_transfer_hub,CHI,Chicago,T1,national_transfer_hub,577,365,long-gap-review,3,1,I-35;I-80,KC;DSM;CHI,T1,12.7,10.8,12h half-day,12.3,8.4,3.7,not-time-competitive,corridor-specific-rail-check-needed,heuristic-planning
KC,Kansas City,T1,national_transfer_hub,TOL,Toledo,T1,national_transfer_hub,825,365,long-gap-review,4,1,I-35;I-80,KC;DSM;CHI;TOL,T1,18.1,15.4,24h overnight,16.8,11.7,4.1,not-time-competitive,freight-rail-wins-bulk-road-wins-express,heuristic-planning
KC,Kansas City,T1,national_transfer_hub,COLUMBUS,Columbus,T1,national_transfer_hub,1712,352,long-gap-review,9,4,I-35;I-30;I-40;I-65;I-75,KC;OKC;DAL;LITTLE_ROCK;MEM;NASHVILLE;LOUISVILLE;CINCINNATI;COLUMBUS,T1,38.4,32.6,36h next-day,34.0,24.1,5.9,not-time-competitive,freight-rail-wins-bulk-road-wins-express,heuristic-planning
KC,Kansas City,T1,national_transfer_hub,CINCINNATI,Cincinnati,T2,national_transfer_hub,1594,352,long-gap-review,8,3,I-35;I-30;I-40;I-65,KC;OKC;DAL;LITTLE_ROCK;MEM;NASHVILLE;LOUISVILLE;CINCINNATI,T1,35.5,30.1,36h next-day,31.5,22.4,5.7,not-time-competitive,freight-rail-wins-bulk-road-wins-express,heuristic-planning
KC,Kansas City,T1,national_transfer_hub,CHATTANOOGA,Chattanooga,T2,service_stop,1491,352,long-gap-review,7,3,I-35;I-30;I-22;I-59,KC;OKC;DAL;LITTLE_ROCK;MEM;BHM_APPROACH;CHATTANOOGA,T1,33.2,28.2,36h next-day,29.7,21.0,5.5,not-time-competitive,freight-rail-wins-bulk-road-wins-express,heuristic-planning
KC,Kansas City,T1,national_transfer_hub,MONTGOMERY,Montgomery,T2,service_stop,1668,352,long-gap-review,8,4,I-35;I-30;I-22;I-20;US80,KC;OKC;DAL;LITTLE_ROCK;MEM;BHM_APPROACH;ATL;MONTGOMERY,T1,37.4,31.7,36h next-day,33.2,23.5,5.8,not-time-competitive,freight-rail-wins-bulk-road-wins-express,heuristic-planning
KC,Kansas City,T1,national_transfer_hub,GAINESVILLE,Gainesville,T1,service_stop,1860,364,long-gap-review,8,4,I-35;I-30;I-22;I-20;I-75,KC;OKC;DAL;LITTLE_ROCK;MEM;BHM_APPROACH;ATL;GAINESVILLE,T1,41.4,35.2,36h next-day,36.7,26.1,6.2,not-time-competitive,freight-rail-wins-bulk-road-wins-express,heuristic-planning
KC,Kansas City,T1,national_transfer_hub,SLC,Salt Lake,T1,national_transfer_hub,1095,657,needs-intermediate-stops,3,0,I-70,KC;DEN;SLC,T1,23.4,20.0,24h overnight,21.4,15.1,4.7,not-time-competitive,freight-rail-wins-bulk-road-wins-express,heuristic-planning
KC,Kansas City,T1,national_transfer_hub,CHEYENNE,Cheyenne,T2,service_stop,772,657,needs-intermediate-stops,3,1,I-70;I-25,KC;DEN;CHEYENNE,T1,16.9,14.3,24h overnight,15.9,11.0,4.0,not-time-competitive,freight-rail-wins-bulk-road-wins-express,heuristic-planning
KC,Kansas City,T1,national_transfer_hub,OMAHA,Omaha,T1,national_transfer_hub,355,212,sla-stop-rhythm-ok,3,1,I-35;I-80,KC;DSM;OMAHA,T1,8.0,6.8,12h half-day,8.3,5.4,3.2,not-time-competitive,corridor-specific-rail-check-needed,heuristic-planning
KC,Kansas City,T1,national_transfer_hub,FARGO,Fargo,T2,service_stop,816,461,needs-intermediate-stops,4,2,I-35;I-80;I-29,KC;DSM;OMAHA;FARGO,T1,18.2,15.5,24h overnight,17.0,11.8,4.1,not-time-competitive,freight-rail-wins-bulk-road-wins-express,heuristic-planning
KC,Kansas City,T1,national_transfer_hub,NYC,New York,T2,transfer_hub,2276,382,long-gap-review,11,6,I-35;I-30;I-40;I-65;I-75;I-70;I-81,KC;OKC;DAL;LITTLE_ROCK;MEM;NASHVILLE;LOUISVILLE;CINCINNATI;COLUMBUS;PENNSYLVANIA;NYC,T1,51.3,43.4,48h two-day,45.0,32.0,7.1,not-time-competitive,freight-rail-wins-bulk-road-wins-express,heuristic-planning
KC,Kansas City,T1,national_transfer_hub,BIL,Billings*,T1,national_transfer_hub,2088,974,needs-intermediate-stops,6,3,I-35;US80;US83;I-90,KC;OKC;DAL;ABILENE;RAPID_CITY;BIL,T1,45.8,39.0,48h two-day,40.5,28.9,6.7,not-time-competitive,freight-rail-wins-bulk-road-wins-express,heuristic-planning
KC,Kansas City,T1,national_transfer_hub,RAPID_CITY,Rapid City,T2,national_transfer_hub,1754,974,needs-intermediate-stops,5,2,I-35;US80;US83,KC;OKC;DAL;ABILENE;RAPID_CITY,T1,38.3,32.6,36h next-day,34.1,24.3,6.0,not-time-competitive,freight-rail-wins-bulk-road-wins-express,heuristic-planning
KC,Kansas City,T1,national_transfer_hub,MILWAUKEE,Milwaukee,T1,service_stop,674,365,long-gap-review,5,2,I-35;I-80;I-90,KC;DSM;CHI;CHI_NORTH;MILWAUKEE,T1,15.3,12.9,24h overnight,14.5,9.9,3.8,not-time-competitive,corridor-specific-rail-check-needed,heuristic-planning
KC,Kansas City,T1,national_transfer_hub,CHI_NORTH,North Chicago,T1,service_stop,591,365,long-gap-review,4,2,I-35;I-80;I-90,KC;DSM;CHI;CHI_NORTH,T1,13.4,11.4,12h half-day,12.9,8.8,3.7,not-time-competitive,corridor-specific-rail-check-needed,heuristic-planning
KC,Kansas City,T1,national_transfer_hub,PHILADELPHIA,Philadelphia,T2,service_stop,2204,382,long-gap-review,11,6,I-35;I-30;I-40;I-65;I-75;I-70;I-76,KC;OKC;DAL;LITTLE_ROCK;MEM;NASHVILLE;LOUISVILLE;CINCINNATI;COLUMBUS;PENNSYLVANIA;PHILADELPHIA,T1,49.7,42.1,48h two-day,43.7,31.1,6.9,not-time-competitive,freight-rail-wins-bulk-road-wins-express,heuristic-planning
KC,Kansas City,T1,national_transfer_hub,DC,Washington,T1,service_stop,2207,382,long-gap-review,11,5,I-35;I-30;I-40;I-65;I-75;I-70,KC;OKC;DAL;LITTLE_ROCK;MEM;NASHVILLE;LOUISVILLE;CINCINNATI;COLUMBUS;PENNSYLVANIA;DC,T1,49.4,41.9,48h two-day,43.4,30.9,6.9,not-time-competitive,freight-rail-wins-bulk-road-wins-express,heuristic-planning
KC,Kansas City,T1,national_transfer_hub,RIC,Richmond,T1,national_transfer_hub,2321,382,long-gap-review,12,6,I-35;I-30;I-40;I-65;I-75;I-70;I-95,KC;OKC;DAL;LITTLE_ROCK;MEM;NASHVILLE;LOUISVILLE;CINCINNATI;COLUMBUS;PENNSYLVANIA;DC;RIC,T1,52.3,44.3,48h two-day,45.8,32.6,7.1,not-time-competitive,freight-rail-wins-bulk-road-wins-express,heuristic-planning
KC,Kansas City,T1,national_transfer_hub,BEN,Benson,T1,transfer_hub,2759,382,long-gap-review,14,7,I-35;I-30;I-40;I-65;I-75;I-70;I-95;I-40,KC;OKC;DAL;LITTLE_ROCK;MEM;NASHVILLE;LOUISVILLE;CINCINNATI;COLUMBUS;PENNSYLVANIA;DC;RIC;FLO;BEN,T1,62.1,52.6,72h three-day,54.1,38.7,8.0,not-time-competitive,freight-rail-wins-bulk-road-wins-express,heuristic-planning
KC,Kansas City,T1,national_transfer_hub,GREENVILLE,Greenville,T2,service_stop,1657,352,long-gap-review,8,4,I-35;I-30;I-22;I-20;I-85,KC;OKC;DAL;LITTLE_ROCK;MEM;BHM_APPROACH;ATL;GREENVILLE,T1,37.1,31.5,36h next-day,33.0,23.4,5.8,not-time-competitive,freight-rail-wins-bulk-road-wins-express,heuristic-planning
KC,Kansas City,T1,national_transfer_hub,GREENSBORO,Greensboro,T2,service_stop,1863,352,long-gap-review,10,4,I-35;I-30;I-22;I-20;I-85,KC;OKC;DAL;LITTLE_ROCK;MEM;BHM_APPROACH;ATL;GREENVILLE;CLT;GREENSBORO,T1,41.7,35.4,36h next-day,36.8,26.1,6.2,not-time-competitive,freight-rail-wins-bulk-road-wins-express,heuristic-planning
KC,Kansas City,T1,national_transfer_hub,MOBILE,Mobile,T2,service_stop,1577,352,long-gap-review,7,3,I-35;I-30;I-22;I-65,KC;OKC;DAL;LITTLE_ROCK;MEM;BHM_APPROACH;MOBILE,T1,35.0,29.7,36h next-day,31.2,22.1,5.7,not-time-competitive,freight-rail-wins-bulk-road-wins-express,heuristic-planning
KC,Kansas City,T1,national_transfer_hub,LOUISVILLE,Louisville,T2,national_transfer_hub,1488,352,long-gap-review,7,3,I-35;I-30;I-40;I-65,KC;OKC;DAL;LITTLE_ROCK;MEM;NASHVILLE;LOUISVILLE,T1,33.1,28.1,36h next-day,29.6,20.9,5.5,not-time-competitive,freight-rail-wins-bulk-road-wins-express,heuristic-planning
KC,Kansas City,T1,national_transfer_hub,LITTLE_ROCK,Little Rock,T2,national_transfer_hub,922,352,long-gap-review,4,1,I-35;I-30,KC;OKC;DAL;LITTLE_ROCK,T1,20.1,17.1,24h overnight,18.6,13.0,4.3,not-time-competitive,freight-rail-wins-bulk-road-wins-express,heuristic-planning
KC,Kansas City,T1,national_transfer_hub,DEN,Denver,T1,national_transfer_hub,657,657,needs-intermediate-stops,2,0,I-70,KC;DEN,T1,14.0,12.0,12h half-day,13.5,9.3,3.8,not-time-competitive,corridor-specific-rail-check-needed,heuristic-planning
KC,Kansas City,T1,national_transfer_hub,COLORADO_SPRINGS,Colorado Springs,T2,service_stop,732,657,needs-intermediate-stops,3,1,I-70;I-25,KC;DEN;COLORADO_SPRINGS,T1,16.0,13.6,24h overnight,15.2,10.5,4.0,not-time-competitive,freight-rail-wins-bulk-road-wins-express,heuristic-planning
KC,Kansas City,T1,national_transfer_hub,CAPITAL_BELTWAY_N,Capital North,T2,service_stop,2218,382,long-gap-review,12,6,I-35;I-30;I-40;I-65;I-75;I-70;I-495,KC;OKC;DAL;LITTLE_ROCK;MEM;NASHVILLE;LOUISVILLE;CINCINNATI;COLUMBUS;PENNSYLVANIA;DC;CAPITAL_BELTWAY_N,T1,50.1,42.4,48h two-day,43.9,31.3,6.9,not-time-competitive,freight-rail-wins-bulk-road-wins-express,heuristic-planning
KC,Kansas City,T1,national_transfer_hub,CAPITAL_BELTWAY_E,Capital East,T2,service_stop,2228,382,long-gap-review,13,6,I-35;I-30;I-40;I-65;I-75;I-70;I-495,KC;OKC;DAL;LITTLE_ROCK;MEM;NASHVILLE;LOUISVILLE;CINCINNATI;COLUMBUS;PENNSYLVANIA;DC;CAPITAL_BELTWAY_S;CAPITAL_BELTWAY_E,T1,50.4,42.7,48h two-day,44.1,31.4,7.0,not-time-competitive,freight-rail-wins-bulk-road-wins-express,heuristic-planning
KC,Kansas City,T1,national_transfer_hub,CAPITAL_BELTWAY_S,Capital South,T2,service_stop,2216,382,long-gap-review,12,6,I-35;I-30;I-40;I-65;I-75;I-70;I-495,KC;OKC;DAL;LITTLE_ROCK;MEM;NASHVILLE;LOUISVILLE;CINCINNATI;COLUMBUS;PENNSYLVANIA;DC;CAPITAL_BELTWAY_S,T1,50.0,42.4,48h two-day,43.9,31.2,6.9,not-time-competitive,freight-rail-wins-bulk-road-wins-express,heuristic-planning
KC,Kansas City,T2,national_transfer_hub,JOPLIN,Joplin,T2,service_stop,165,165,sla-stop-rhythm-ok,2,0,I-49,KC;JOPLIN,T2,3.5,3.0,6h local,4.5,2.7,2.8,time-competitive,rail-often-absent-road-flexibility-case,heuristic-planning
KC,Kansas City,T1,national_transfer_hub,HAGERSTOWN,Hagerstown,T2,service_stop,2168,382,long-gap-review,11,6,I-35;I-30;I-40;I-65;I-75;I-70;I-81,KC;OKC;DAL;LITTLE_ROCK;MEM;NASHVILLE;LOUISVILLE;CINCINNATI;COLUMBUS;PENNSYLVANIA;HAGERSTOWN,T1,49.0,41.5,48h two-day,43.0,30.6,6.8,not-time-competitive,freight-rail-wins-bulk-road-wins-express,heuristic-planning
KC,Kansas City,T1,national_transfer_hub,STL,St. Louis,T1,national_transfer_hub,281,281,long-gap-review,2,0,I-70,KC;STL,T1,6.0,5.1,6h local,6.6,4.2,3.1,near-competitive-short-haul,corridor-specific-rail-check-needed,heuristic-planning
KC,Kansas City,T1,national_transfer_hub,PITTSBURGH,Pittsburgh,T2,service_stop,2194,428,needs-intermediate-stops,10,5,I-35;I-30;I-22;I-20;I-85;I-77,KC;OKC;DAL;LITTLE_ROCK;MEM;BHM_APPROACH;ATL;GREENVILLE;CLT;PITTSBURGH,T1,49.1,41.6,48h two-day,43.1,30.8,6.9,not-time-competitive,freight-rail-wins-bulk-road-wins-express,heuristic-planning
KC,Kansas City,T1,national_transfer_hub,PENNSYLVANIA,Harrisburg,T1,national_transfer_hub,2095,382,long-gap-review,10,5,I-35;I-30;I-40;I-65;I-75;I-70,KC;OKC;DAL;LITTLE_ROCK;MEM;NASHVILLE;LOUISVILLE;CINCINNATI;COLUMBUS;PENNSYLVANIA,T1,47.0,39.8,48h two-day,41.3,29.4,6.7,not-time-competitive,freight-rail-wins-bulk-road-wins-express,heuristic-planning
KC,Kansas City,T1,national_transfer_hub,GULFPORT,Gulfport,T2,national_transfer_hub,1545,352,long-gap-review,8,2,I-35;I-10;US90,KC;OKC;DAL;SAT;HOU;BEAUMONT;LAFAYETTE;GULFPORT,T1,34.1,29.0,36h next-day,30.3,21.5,5.6,not-time-competitive,freight-rail-wins-bulk-road-wins-express,heuristic-planning
KC,Kansas City,T1,national_transfer_hub,CORPUS,Corpus Christi,T2,national_transfer_hub,1028,352,long-gap-review,5,1,I-35;I-37,KC;OKC;DAL;SAT;CORPUS,T1,22.5,19.1,24h overnight,20.5,14.4,4.6,not-time-competitive,freight-rail-wins-bulk-road-wins-express,heuristic-planning
OKC,Oklahoma City,T1,national_transfer_hub,AMA,Amarillo,T1,service_stop,287,287,long-gap-review,2,0,I-40,OKC;AMA,T1,6.1,5.2,6h local,6.7,4.3,3.1,near-competitive-short-haul,corridor-specific-rail-check-needed,heuristic-planning
OKC,Oklahoma City,T1,national_transfer_hub,MEM,Memphis,T2,national_transfer_hub,723,345,long-gap-review,4,1,I-35;I-30,OKC;DAL;LITTLE_ROCK;MEM,T1,15.9,13.5,24h overnight,15.0,10.3,3.9,not-time-competitive,freight-rail-wins-bulk-road-wins-express,heuristic-planning
OKC,Oklahoma City,T1,national_transfer_hub,NASHVILLE,Nashville,T1,national_transfer_hub,955,345,long-gap-review,5,2,I-35;I-30;I-40,OKC;DAL;LITTLE_ROCK;MEM;NASHVILLE,T1,21.3,18.0,24h overnight,19.6,13.6,4.4,not-time-competitive,freight-rail-wins-bulk-road-wins-express,heuristic-planning
OKC,Oklahoma City,T1,national_transfer_hub,KNX,Knoxville,T1,transfer_hub,1144,345,long-gap-review,6,2,I-35;I-30;I-40,OKC;DAL;LITTLE_ROCK;MEM;NASHVILLE;KNX,T1,25.4,21.5,24h overnight,23.0,16.2,4.8,not-time-competitive,freight-rail-wins-bulk-road-wins-express,heuristic-planning
OKC,Oklahoma City,T1,national_transfer_hub,ASHEVILLE,Asheville,T1,service_stop,1531,345,long-gap-review,9,5,I-35;I-30;I-22;I-20;I-85;I-40,OKC;DAL;LITTLE_ROCK;MEM;BHM_APPROACH;ATL;GREENVILLE;CLT;ASHEVILLE,T1,34.9,29.5,36h next-day,31.1,21.9,5.6,not-time-competitive,freight-rail-wins-bulk-road-wins-express,heuristic-planning
OKC,Oklahoma City,T1,national_transfer_hub,CLT,Charlotte,T2,national_transfer_hub,1414,345,long-gap-review,8,4,I-35;I-30;I-22;I-20;I-85,OKC;DAL;LITTLE_ROCK;MEM;BHM_APPROACH;ATL;GREENVILLE;CLT,T1,32.0,27.1,36h next-day,28.6,20.1,5.3,not-time-competitive,freight-rail-wins-bulk-road-wins-express,heuristic-planning
OKC,Oklahoma City,T1,national_transfer_hub,RALEIGH_APPROACH,Raleigh,T1,national_transfer_hub,1566,345,long-gap-review,9,5,I-35;I-30;I-22;I-20;I-85;I-40,OKC;DAL;LITTLE_ROCK;MEM;BHM_APPROACH;ATL;GREENVILLE;CLT;RALEIGH_APPROACH,T1,35.6,30.1,36h next-day,31.7,22.4,5.6,not-time-competitive,freight-rail-wins-bulk-road-wins-express,heuristic-planning
OKC,Oklahoma City,T1,national_transfer_hub,INDY_APPROACH,Indianapolis,T1,national_transfer_hub,1559,345,long-gap-review,9,5,I-35;I-30;I-40;I-65;I-75;I-70,OKC;DAL;LITTLE_ROCK;MEM;NASHVILLE;LOUISVILLE;CINCINNATI;COLUMBUS;INDY_APPROACH,T1,35.5,30.0,36h next-day,31.6,22.3,5.6,not-time-competitive,freight-rail-wins-bulk-road-wins-express,heuristic-planning
OKC,Oklahoma City,T1,national_transfer_hub,FORT_WAYNE,Fort Wayne,T1,service_stop,1683,345,long-gap-review,10,6,I-35;I-30;I-40;I-65;I-75;I-70;I-69,OKC;DAL;LITTLE_ROCK;MEM;NASHVILLE;LOUISVILLE;CINCINNATI;COLUMBUS;INDY_APPROACH;FORT_WAYNE,T1,38.5,32.6,36h next-day,34.2,24.1,5.9,not-time-competitive,freight-rail-wins-bulk-road-wins-express,heuristic-planning
OKC,Oklahoma City,T1,national_transfer_hub,CHI_APPROACH,South Bend,T1,service_stop,1014,365,long-gap-review,5,2,I-35;I-80;I-69,OKC;KC;DSM;CHI;CHI_APPROACH,T1,22.5,19.1,24h overnight,20.6,14.4,4.5,not-time-competitive,freight-rail-wins-bulk-road-wins-express,heuristic-planning
OKC,Oklahoma City,T1,national_transfer_hub,CHI,Chicago,T1,national_transfer_hub,929,365,long-gap-review,4,1,I-35;I-80,OKC;KC;DSM;CHI,T1,20.3,17.3,24h overnight,18.7,13.1,4.4,not-time-competitive,freight-rail-wins-bulk-road-wins-express,heuristic-planning
OKC,Oklahoma City,T1,national_transfer_hub,TOL,Toledo,T1,national_transfer_hub,1177,365,long-gap-review,5,1,I-35;I-80,OKC;KC;DSM;CHI;TOL,T1,25.6,21.8,24h overnight,23.2,16.4,4.9,not-time-competitive,freight-rail-wins-bulk-road-wins-express,heuristic-planning
OKC,Oklahoma City,T1,national_transfer_hub,COLUMBUS,Columbus,T1,national_transfer_hub,1360,345,long-gap-review,8,4,I-35;I-30;I-40;I-65;I-75,OKC;DAL;LITTLE_ROCK;MEM;NASHVILLE;LOUISVILLE;CINCINNATI;COLUMBUS,T1,30.8,26.1,36h next-day,27.6,19.4,5.2,not-time-competitive,freight-rail-wins-bulk-road-wins-express,heuristic-planning
OKC,Oklahoma City,T1,national_transfer_hub,CINCINNATI,Cincinnati,T2,national_transfer_hub,1242,345,long-gap-review,7,3,I-35;I-30;I-40;I-65,OKC;DAL;LITTLE_ROCK;MEM;NASHVILLE;LOUISVILLE;CINCINNATI,T1,27.9,23.6,24h overnight,25.1,17.7,5.0,not-time-competitive,freight-rail-wins-bulk-road-wins-express,heuristic-planning
OKC,Oklahoma City,T1,national_transfer_hub,CHATTANOOGA,Chattanooga,T2,service_stop,1139,345,long-gap-review,6,3,I-35;I-30;I-22;I-59,OKC;DAL;LITTLE_ROCK;MEM;BHM_APPROACH;CHATTANOOGA,T1,25.6,21.7,24h overnight,23.3,16.3,4.8,not-time-competitive,freight-rail-wins-bulk-road-wins-express,heuristic-planning
OKC,Oklahoma City,T1,national_transfer_hub,MONTGOMERY,Montgomery,T2,service_stop,1316,345,long-gap-review,7,4,I-35;I-30;I-22;I-20;US80,OKC;DAL;LITTLE_ROCK;MEM;BHM_APPROACH;ATL;MONTGOMERY,T1,29.8,25.2,36h next-day,26.8,18.8,5.1,not-time-competitive,freight-rail-wins-bulk-road-wins-express,heuristic-planning
OKC,Oklahoma City,T1,national_transfer_hub,GAINESVILLE,Gainesville,T1,service_stop,1508,364,long-gap-review,7,4,I-35;I-30;I-22;I-20;I-75,OKC;DAL;LITTLE_ROCK;MEM;BHM_APPROACH;ATL;GAINESVILLE,T1,33.9,28.7,36h next-day,30.3,21.4,5.5,not-time-competitive,freight-rail-wins-bulk-road-wins-express,heuristic-planning
OKC,Oklahoma City,T1,national_transfer_hub,SLC,Salt Lake,T1,national_transfer_hub,1447,657,needs-intermediate-stops,4,1,I-35;I-70,OKC;KC;DEN;SLC,T1,31.3,26.7,36h next-day,28.2,20.0,5.4,not-time-competitive,freight-rail-wins-bulk-road-wins-express,heuristic-planning
OKC,Oklahoma City,T1,national_transfer_hub,CHEYENNE,Cheyenne,T2,service_stop,1124,657,needs-intermediate-stops,4,2,I-35;I-70;I-25,OKC;KC;DEN;CHEYENNE,T1,24.8,21.1,24h overnight,22.6,15.9,4.7,not-time-competitive,freight-rail-wins-bulk-road-wins-express,heuristic-planning
OKC,Oklahoma City,T1,national_transfer_hub,OMAHA,Omaha,T1,national_transfer_hub,707,352,long-gap-review,4,1,I-35;I-80,OKC;KC;DSM;OMAHA,T1,15.6,13.2,24h overnight,14.7,10.1,3.9,not-time-competitive,freight-rail-wins-bulk-road-wins-express,heuristic-planning
OKC,Oklahoma City,T1,national_transfer_hub,FARGO,Fargo,T2,service_stop,1168,461,needs-intermediate-stops,5,2,I-35;I-80;I-29,OKC;KC;DSM;OMAHA;FARGO,T1,25.8,21.9,24h overnight,23.4,16.5,4.8,not-time-competitive,freight-rail-wins-bulk-road-wins-express,heuristic-planning
OKC,Oklahoma City,T1,national_transfer_hub,NYC,New York,T2,transfer_hub,1924,382,long-gap-review,10,6,I-35;I-30;I-40;I-65;I-75;I-70;I-81,OKC;DAL;LITTLE_ROCK;MEM;NASHVILLE;LOUISVILLE;CINCINNATI;COLUMBUS;PENNSYLVANIA;NYC,T1,43.7,37.0,48h two-day,38.6,27.4,6.3,not-time-competitive,freight-rail-wins-bulk-road-wins-express,heuristic-planning
OKC,Oklahoma City,T1,national_transfer_hub,BIL,Billings*,T1,national_transfer_hub,1736,974,needs-intermediate-stops,5,3,I-35;US80;US83;I-90,OKC;DAL;ABILENE;RAPID_CITY;BIL,T1,38.2,32.5,36h next-day,34.1,24.2,6.0,not-time-competitive,freight-rail-wins-bulk-road-wins-express,heuristic-planning
OKC,Oklahoma City,T1,national_transfer_hub,RAPID_CITY,Rapid City,T2,national_transfer_hub,1402,974,needs-intermediate-stops,4,2,I-35;US80;US83,OKC;DAL;ABILENE;RAPID_CITY,T1,30.7,26.1,36h next-day,27.7,19.6,5.3,not-time-competitive,freight-rail-wins-bulk-road-wins-express,heuristic-planning
OKC,Oklahoma City,T1,national_transfer_hub,MILWAUKEE,Milwaukee,T1,service_stop,1026,365,long-gap-review,6,2,I-35;I-80;I-90,OKC;KC;DSM;CHI;CHI_NORTH;MILWAUKEE,T1,22.8,19.4,24h overnight,20.9,14.6,4.6,not-time-competitive,freight-rail-wins-bulk-road-wins-express,heuristic-planning
OKC,Oklahoma City,T1,national_transfer_hub,CHI_NORTH,North Chicago,T1,service_stop,943,365,long-gap-review,5,2,I-35;I-80;I-90,OKC;KC;DSM;CHI;CHI_NORTH,T1,21.0,17.8,24h overnight,19.3,13.5,4.4,not-time-competitive,freight-rail-wins-bulk-road-wins-express,heuristic-planning
OKC,Oklahoma City,T1,national_transfer_hub,PHILADELPHIA,Philadelphia,T2,service_stop,1852,382,long-gap-review,10,6,I-35;I-30;I-40;I-65;I-75;I-70;I-76,OKC;DAL;LITTLE_ROCK;MEM;NASHVILLE;LOUISVILLE;CINCINNATI;COLUMBUS;PENNSYLVANIA;PHILADELPHIA,T1,42.2,35.7,36h next-day,37.3,26.4,6.2,not-time-competitive,freight-rail-wins-bulk-road-wins-express,heuristic-planning
OKC,Oklahoma City,T1,national_transfer_hub,DC,Washington,T1,service_stop,1855,382,long-gap-review,10,5,I-35;I-30;I-40;I-65;I-75;I-70,OKC;DAL;LITTLE_ROCK;MEM;NASHVILLE;LOUISVILLE;CINCINNATI;COLUMBUS;PENNSYLVANIA;DC,T1,41.9,35.5,36h next-day,37.0,26.2,6.2,not-time-competitive,freight-rail-wins-bulk-road-wins-express,heuristic-planning
OKC,Oklahoma City,T1,national_transfer_hub,RIC,Richmond,T1,national_transfer_hub,1968,382,long-gap-review,11,6,I-35;I-30;I-40;I-65;I-75;I-70;I-95,OKC;DAL;LITTLE_ROCK;MEM;NASHVILLE;LOUISVILLE;CINCINNATI;COLUMBUS;PENNSYLVANIA;DC;RIC,T1,44.7,37.8,48h two-day,39.4,27.9,6.4,not-time-competitive,freight-rail-wins-bulk-road-wins-express,heuristic-planning
OKC,Oklahoma City,T1,national_transfer_hub,BEN,Benson,T1,transfer_hub,2407,382,long-gap-review,13,7,I-35;I-30;I-40;I-65;I-75;I-70;I-95;I-40,OKC;DAL;LITTLE_ROCK;MEM;NASHVILLE;LOUISVILLE;CINCINNATI;COLUMBUS;PENNSYLVANIA;DC;RIC;FLO;BEN,T1,54.5,46.2,48h two-day,47.7,34.0,7.3,not-time-competitive,freight-rail-wins-bulk-road-wins-express,heuristic-planning
OKC,Oklahoma City,T1,national_transfer_hub,GREENVILLE,Greenville,T2,service_stop,1305,345,long-gap-review,7,4,I-35;I-30;I-22;I-20;I-85,OKC;DAL;LITTLE_ROCK;MEM;BHM_APPROACH;ATL;GREENVILLE,T1,29.6,25.0,36h next-day,26.6,18.7,5.1,not-time-competitive,freight-rail-wins-bulk-road-wins-express,heuristic-planning
OKC,Oklahoma City,T1,national_transfer_hub,GREENSBORO,Greensboro,T2,service_stop,1511,345,long-gap-review,9,4,I-35;I-30;I-22;I-20;I-85,OKC;DAL;LITTLE_ROCK;MEM;BHM_APPROACH;ATL;GREENVILLE;CLT;GREENSBORO,T1,34.1,28.9,36h next-day,30.4,21.5,5.5,not-time-competitive,freight-rail-wins-bulk-road-wins-express,heuristic-planning
OKC,Oklahoma City,T1,national_transfer_hub,MOBILE,Mobile,T2,service_stop,1225,345,long-gap-review,6,3,I-35;I-30;I-22;I-65,OKC;DAL;LITTLE_ROCK;MEM;BHM_APPROACH;MOBILE,T1,27.4,23.3,24h overnight,24.8,17.4,5.0,not-time-competitive,freight-rail-wins-bulk-road-wins-express,heuristic-planning
OKC,Oklahoma City,T1,national_transfer_hub,LOUISVILLE,Louisville,T2,national_transfer_hub,1136,345,long-gap-review,6,3,I-35;I-30;I-40;I-65,OKC;DAL;LITTLE_ROCK;MEM;NASHVILLE;LOUISVILLE,T1,25.5,21.6,24h overnight,23.2,16.2,4.8,not-time-competitive,freight-rail-wins-bulk-road-wins-express,heuristic-planning
OKC,Oklahoma City,T1,national_transfer_hub,LITTLE_ROCK,Little Rock,T2,national_transfer_hub,570,345,long-gap-review,3,1,I-35;I-30,OKC;DAL;LITTLE_ROCK,T1,12.6,10.7,12h half-day,12.2,8.3,3.6,not-time-competitive,corridor-specific-rail-check-needed,heuristic-planning
OKC,Oklahoma City,T1,national_transfer_hub,DEN,Denver,T1,national_transfer_hub,1009,657,needs-intermediate-stops,3,1,I-35;I-70,OKC;KC;DEN,T1,21.9,18.7,24h overnight,20.2,14.2,4.5,not-time-competitive,freight-rail-wins-bulk-road-wins-express,heuristic-planning
OKC,Oklahoma City,T1,national_transfer_hub,COLORADO_SPRINGS,Colorado Springs,T2,service_stop,1084,657,needs-intermediate-stops,4,2,I-35;I-70;I-25,OKC;KC;DEN;COLORADO_SPRINGS,T1,23.9,20.3,24h overnight,21.9,15.4,4.7,not-time-competitive,freight-rail-wins-bulk-road-wins-express,heuristic-planning
OKC,Oklahoma City,T1,national_transfer_hub,CAPITAL_BELTWAY_N,Capital North,T2,service_stop,1866,382,long-gap-review,11,6,I-35;I-30;I-40;I-65;I-75;I-70;I-495,OKC;DAL;LITTLE_ROCK;MEM;NASHVILLE;LOUISVILLE;CINCINNATI;COLUMBUS;PENNSYLVANIA;DC;CAPITAL_BELTWAY_N,T1,42.5,36.0,36h next-day,37.5,26.6,6.2,not-time-competitive,freight-rail-wins-bulk-road-wins-express,heuristic-planning
OKC,Oklahoma City,T1,national_transfer_hub,CAPITAL_BELTWAY_E,Capital East,T2,service_stop,1876,382,long-gap-review,12,6,I-35;I-30;I-40;I-65;I-75;I-70;I-495,OKC;DAL;LITTLE_ROCK;MEM;NASHVILLE;LOUISVILLE;CINCINNATI;COLUMBUS;PENNSYLVANIA;DC;CAPITAL_BELTWAY_S;CAPITAL_BELTWAY_E,T1,42.8,36.2,48h two-day,37.7,26.7,6.3,not-time-competitive,freight-rail-wins-bulk-road-wins-express,heuristic-planning
OKC,Oklahoma City,T1,national_transfer_hub,CAPITAL_BELTWAY_S,Capital South,T2,service_stop,1864,382,long-gap-review,11,6,I-35;I-30;I-40;I-65;I-75;I-70;I-495,OKC;DAL;LITTLE_ROCK;MEM;NASHVILLE;LOUISVILLE;CINCINNATI;COLUMBUS;PENNSYLVANIA;DC;CAPITAL_BELTWAY_S,T1,42.5,35.9,36h next-day,37.5,26.6,6.2,not-time-competitive,freight-rail-wins-bulk-road-wins-express,heuristic-planning
OKC,Oklahoma City,T1,national_transfer_hub,JOPLIN,Joplin,T2,service_stop,517,352,long-gap-review,3,1,I-35;I-49,OKC;KC;JOPLIN,T1,11.4,9.7,12h half-day,11.2,7.6,3.5,not-time-competitive,corridor-specific-rail-check-needed,heuristic-planning
OKC,Oklahoma City,T1,national_transfer_hub,HAGERSTOWN,Hagerstown,T2,service_stop,1816,382,long-gap-review,10,6,I-35;I-30;I-40;I-65;I-75;I-70;I-81,OKC;DAL;LITTLE_ROCK;MEM;NASHVILLE;LOUISVILLE;CINCINNATI;COLUMBUS;PENNSYLVANIA;HAGERSTOWN,T1,41.4,35.0,36h next-day,36.6,25.9,6.1,not-time-competitive,freight-rail-wins-bulk-road-wins-express,heuristic-planning
OKC,Oklahoma City,T1,national_transfer_hub,STL,St. Louis,T1,national_transfer_hub,633,352,long-gap-review,3,1,I-35;I-70,OKC;KC;STL,T1,13.9,11.8,12h half-day,13.4,9.1,3.8,not-time-competitive,corridor-specific-rail-check-needed,heuristic-planning
OKC,Oklahoma City,T1,national_transfer_hub,PITTSBURGH,Pittsburgh,T2,service_stop,1842,428,needs-intermediate-stops,9,5,I-35;I-30;I-22;I-20;I-85;I-77,OKC;DAL;LITTLE_ROCK;MEM;BHM_APPROACH;ATL;GREENVILLE;CLT;PITTSBURGH,T1,41.5,35.2,36h next-day,36.7,26.1,6.2,not-time-competitive,freight-rail-wins-bulk-road-wins-express,heuristic-planning
OKC,Oklahoma City,T1,national_transfer_hub,PENNSYLVANIA,Harrisburg,T1,national_transfer_hub,1743,382,long-gap-review,9,5,I-35;I-30;I-40;I-65;I-75;I-70,OKC;DAL;LITTLE_ROCK;MEM;NASHVILLE;LOUISVILLE;CINCINNATI;COLUMBUS;PENNSYLVANIA,T1,39.4,33.4,36h next-day,34.9,24.7,6.0,not-time-competitive,freight-rail-wins-bulk-road-wins-express,heuristic-planning
OKC,Oklahoma City,T1,national_transfer_hub,GULFPORT,Gulfport,T2,national_transfer_hub,1193,298,long-gap-review,7,2,I-35;I-10;US90,OKC;DAL;SAT;HOU;BEAUMONT;LAFAYETTE;GULFPORT,T1,26.5,22.5,24h overnight,23.9,16.8,4.9,not-time-competitive,freight-rail-wins-bulk-road-wins-express,heuristic-planning
OKC,Oklahoma City,T1,national_transfer_hub,CORPUS,Corpus Christi,T2,national_transfer_hub,676,298,long-gap-review,4,1,I-35;I-37,OKC;DAL;SAT;CORPUS,T1,14.9,12.7,24h overnight,14.1,9.7,3.9,not-time-competitive,corridor-specific-rail-check-needed,heuristic-planning
BARSTOW,Barstow,T1,national_transfer_hub,ABQ,Albuquerque,T1,service_stop,693,693,needs-intermediate-stops,2,0,I-40,BARSTOW;ABQ,T1,14.7,12.6,24h overnight,14.1,9.7,3.9,not-time-competitive,corridor-specific-rail-check-needed,heuristic-planning
BARSTOW,Barstow,T1,national_transfer_hub,AMA,Amarillo,T1,service_stop,1014,693,needs-intermediate-stops,3,0,I-40,BARSTOW;ABQ;AMA,T1,21.7,18.5,24h overnight,19.9,14.0,4.5,not-time-competitive,freight-rail-wins-bulk-road-wins-express,heuristic-planning
BARSTOW,Barstow,T2,national_transfer_hub,RENO,Reno,T1,service_stop,1093,503,needs-intermediate-stops,4,1,I-15;I-80,BARSTOW;LAS_VEGAS;SLC;RENO,T1,23.8,20.3,24h overnight,21.7,15.3,4.7,not-time-competitive,freight-rail-wins-bulk-road-wins-express,heuristic-planning
BARSTOW,Barstow,T2,national_transfer_hub,SLC,Salt Lake,T2,national_transfer_hub,590,428,needs-intermediate-stops,3,0,I-15,BARSTOW;LAS_VEGAS;SLC,T2,12.6,10.8,12h half-day,12.2,8.4,3.7,not-time-competitive,rail-often-absent-road-flexibility-case,heuristic-planning
BARSTOW,Barstow,T2,national_transfer_hub,BOI,Boise,T2,national_transfer_hub,939,428,needs-intermediate-stops,4,1,I-15;I-84,BARSTOW;LAS_VEGAS;SLC;BOI,T2,20.5,17.4,24h overnight,18.9,13.2,4.4,not-time-competitive,freight-rail-wins-bulk-road-wins-express,heuristic-planning
BARSTOW,Barstow,T2,national_transfer_hub,LEWISTON,Lewiston,T2,service_stop,1172,428,needs-intermediate-stops,5,2,I-15;I-84;US95,BARSTOW;LAS_VEGAS;SLC;BOI;LEWISTON,T2,25.9,22.0,24h overnight,23.5,16.5,4.8,not-time-competitive,freight-rail-wins-bulk-road-wins-express,heuristic-planning
BARSTOW,Barstow,T2,national_transfer_hub,CHEYENNE,Cheyenne,T1,service_stop,1026,436,needs-intermediate-stops,4,1,I-15;I-80,BARSTOW;LAS_VEGAS;SLC;CHEYENNE,T1,22.3,19.0,24h overnight,20.5,14.4,4.6,not-time-competitive,freight-rail-wins-bulk-road-wins-express,heuristic-planning
BARSTOW,Barstow,T2,national_transfer_hub,SPK,Spokane,T2,service_stop,1276,428,needs-intermediate-stops,6,2,I-15;I-84;US95,BARSTOW;LAS_VEGAS;SLC;BOI;LEWISTON;SPK,T2,28.2,23.9,24h overnight,25.4,17.9,5.1,not-time-competitive,freight-rail-wins-bulk-road-wins-express,heuristic-planning
BARSTOW,Barstow,T2,national_transfer_hub,LAS_VEGAS,Las Vegas,T2,service_stop,162,162,sla-stop-rhythm-ok,2,0,I-15,BARSTOW;LAS_VEGAS,T2,3.4,2.9,6h local,4.4,2.7,2.8,time-competitive,rail-often-absent-road-flexibility-case,heuristic-planning
BARSTOW,Barstow,T2,national_transfer_hub,DEN,Denver,T1,national_transfer_hub,1027,437,needs-intermediate-stops,4,1,I-15;I-70,BARSTOW;LAS_VEGAS;SLC;DEN,T1,22.4,19.0,24h overnight,20.5,14.4,4.6,not-time-competitive,freight-rail-wins-bulk-road-wins-express,heuristic-planning
BARSTOW,Barstow,T1,national_transfer_hub,COLORADO_SPRINGS,Colorado Springs,T2,service_stop,1021,693,needs-intermediate-stops,3,1,I-40;I-25,BARSTOW;ABQ;COLORADO_SPRINGS,T1,22.1,18.9,24h overnight,20.4,14.3,4.5,not-time-competitive,freight-rail-wins-bulk-road-wins-express,heuristic-planning
ABQ,Albuquerque,T1,service_stop,AMA,Amarillo,T1,service_stop,321,321,long-gap-review,2,0,I-40,ABQ;AMA,T1,6.8,5.8,6h local,7.3,4.8,3.1,not-time-competitive,corridor-specific-rail-check-needed,heuristic-planning
ABQ,Albuquerque,T1,service_stop,RENO,Reno,T1,service_stop,1786,693,needs-intermediate-stops,5,2,I-40;I-15;I-80,ABQ;BARSTOW;LAS_VEGAS;SLC;RENO,T1,38.9,33.2,36h next-day,34.7,24.7,6.1,not-time-competitive,freight-rail-wins-bulk-road-wins-express,heuristic-planning
ABQ,Albuquerque,T1,service_stop,SLC,Salt Lake,T2,national_transfer_hub,1282,693,needs-intermediate-stops,4,1,I-40;I-15,ABQ;BARSTOW;LAS_VEGAS;SLC,T1,27.8,23.7,24h overnight,25.2,17.8,5.1,not-time-competitive,freight-rail-wins-bulk-road-wins-express,heuristic-planning
ABQ,Albuquerque,T1,service_stop,BOI,Boise,T2,national_transfer_hub,1632,693,needs-intermediate-stops,5,2,I-40;I-15;I-84,ABQ;BARSTOW;LAS_VEGAS;SLC;BOI,T1,35.7,30.3,36h next-day,31.9,22.7,5.8,not-time-competitive,freight-rail-wins-bulk-road-wins-express,heuristic-planning
ABQ,Albuquerque,T1,service_stop,LEWISTON,Lewiston,T2,service_stop,1865,693,needs-intermediate-stops,6,3,I-40;I-15;I-84;US95,ABQ;BARSTOW;LAS_VEGAS;SLC;BOI;LEWISTON,T1,41.0,34.9,36h next-day,36.5,26.0,6.2,not-time-competitive,freight-rail-wins-bulk-road-wins-express,heuristic-planning
ABQ,Albuquerque,T1,service_stop,CHEYENNE,Cheyenne,T1,service_stop,1719,693,needs-intermediate-stops,5,2,I-40;I-15;I-80,ABQ;BARSTOW;LAS_VEGAS;SLC;CHEYENNE,T1,37.5,31.9,36h next-day,33.5,23.8,5.9,not-time-competitive,freight-rail-wins-bulk-road-wins-express,heuristic-planning
ABQ,Albuquerque,T1,service_stop,SPK,Spokane,T2,service_stop,1969,693,needs-intermediate-stops,7,3,I-40;I-15;I-84;US95,ABQ;BARSTOW;LAS_VEGAS;SLC;BOI;LEWISTON;SPK,T1,43.3,36.8,48h two-day,38.3,27.3,6.4,not-time-competitive,freight-rail-wins-bulk-road-wins-express,heuristic-planning
ABQ,Albuquerque,T1,service_stop,LAS_VEGAS,Las Vegas,T2,service_stop,855,693,needs-intermediate-stops,3,1,I-40;I-15,ABQ;BARSTOW;LAS_VEGAS,T1,18.6,15.8,24h overnight,17.4,12.1,4.2,not-time-competitive,freight-rail-wins-bulk-road-wins-express,heuristic-planning
ABQ,Albuquerque,T1,service_stop,DEN,Denver,T1,national_transfer_hub,1720,693,needs-intermediate-stops,5,2,I-40;I-15;I-70,ABQ;BARSTOW;LAS_VEGAS;SLC;DEN,T1,37.5,31.9,36h next-day,33.5,23.8,5.9,not-time-competitive,freight-rail-wins-bulk-road-wins-express,heuristic-planning
ABQ,Albuquerque,T2,service_stop,COLORADO_SPRINGS,Colorado Springs,T2,service_stop,328,328,long-gap-review,2,0,I-25,ABQ;COLORADO_SPRINGS,T2,7.0,6.0,6h local,7.5,4.9,3.2,not-time-competitive,rail-often-absent-road-flexibility-case,heuristic-planning
AMA,Amarillo,T2,service_stop,MEM,Memphis,T2,national_transfer_hub,2356,657,needs-intermediate-stops,7,4,US287;I-70;I-49;I-20;I-22,AMA;DEN;KC;JOPLIN;SHV;BHM_APPROACH;MEM,T1,51.9,44.1,48h two-day,45.7,32.7,7.2,not-time-competitive,freight-rail-wins-bulk-road-wins-express,heuristic-planning
AMA,Amarillo,T2,service_stop,NASHVILLE,Nashville,T2,national_transfer_hub,2315,657,needs-intermediate-stops,7,4,US287;I-70;I-49;I-20;I-65,AMA;DEN;KC;JOPLIN;SHV;BHM_APPROACH;NASHVILLE,T1,51.1,43.4,48h two-day,45.0,32.2,7.1,not-time-competitive,freight-rail-wins-bulk-road-wins-express,heuristic-planning
AMA,Amarillo,T2,service_stop,KNX,Knoxville,T1,transfer_hub,2504,657,needs-intermediate-stops,8,5,US287;I-70;I-49;I-20;I-65;I-40,AMA;DEN;KC;JOPLIN;SHV;BHM_APPROACH;NASHVILLE;KNX,T1,55.5,47.1,48h two-day,48.8,34.9,7.5,not-time-competitive,freight-rail-wins-bulk-road-wins-express,heuristic-planning
AMA,Amarillo,T2,service_stop,ASHEVILLE,Asheville,T1,service_stop,2652,657,needs-intermediate-stops,10,5,US287;I-70;I-49;I-20;I-85;I-40,AMA;DEN;KC;JOPLIN;SHV;BHM_APPROACH;ATL;GREENVILLE;CLT;ASHEVILLE,T1,58.8,49.9,72h three-day,51.5,36.9,7.8,not-time-competitive,freight-rail-wins-bulk-road-wins-express,heuristic-planning
AMA,Amarillo,T2,service_stop,CLT,Charlotte,T2,national_transfer_hub,2534,657,needs-intermediate-stops,9,4,US287;I-70;I-49;I-20;I-85,AMA;DEN;KC;JOPLIN;SHV;BHM_APPROACH;ATL;GREENVILLE;CLT,T1,55.9,47.5,48h two-day,49.0,35.1,7.6,not-time-competitive,freight-rail-wins-bulk-road-wins-express,heuristic-planning
AMA,Amarillo,T2,service_stop,RALEIGH_APPROACH,Raleigh,T1,national_transfer_hub,2687,657,needs-intermediate-stops,10,5,US287;I-70;I-49;I-20;I-85;I-40,AMA;DEN;KC;JOPLIN;SHV;BHM_APPROACH;ATL;GREENVILLE;CLT;RALEIGH_APPROACH,T1,59.6,50.6,72h three-day,52.1,37.3,7.9,not-time-competitive,freight-rail-wins-bulk-road-wins-express,heuristic-planning
AMA,Amarillo,T2,service_stop,INDY_APPROACH,Indianapolis,T1,national_transfer_hub,2919,657,needs-intermediate-stops,11,6,US287;I-70;I-49;I-20;I-65;I-75;I-70,AMA;DEN;KC;JOPLIN;SHV;BHM_APPROACH;NASHVILLE;LOUISVILLE;CINCINNATI;COLUMBUS;INDY_APPROACH,T1,64.9,55.1,72h three-day,56.7,40.6,8.3,not-time-competitive,freight-rail-wins-bulk-road-wins-express,heuristic-planning
AMA,Amarillo,T2,service_stop,FORT_WAYNE,Fort Wayne,T1,service_stop,3043,657,needs-intermediate-stops,12,7,US287;I-70;I-49;I-20;I-65;I-75;I-70;I-69,AMA;DEN;KC;JOPLIN;SHV;BHM_APPROACH;NASHVILLE;LOUISVILLE;CINCINNATI;COLUMBUS;INDY_APPROACH;FORT_WAYNE,T1,68.0,57.7,72h three-day,59.3,42.5,8.6,not-time-competitive,freight-rail-wins-bulk-road-wins-express,heuristic-planning
AMA,Amarillo,T2,service_stop,CHI_APPROACH,South Bend,T1,service_stop,1741,657,needs-intermediate-stops,6,4,US287;I-70;I-35;I-80;I-69,AMA;DEN;KC;DSM;CHI;CHI_APPROACH,T1,38.8,32.9,36h next-day,34.6,24.5,6.0,not-time-competitive,freight-rail-wins-bulk-road-wins-express,heuristic-planning
AMA,Amarillo,T2,service_stop,CHI,Chicago,T1,national_transfer_hub,1655,657,needs-intermediate-stops,5,3,US287;I-70;I-35;I-80,AMA;DEN;KC;DSM;CHI,T1,36.5,31.0,36h next-day,32.6,23.2,5.8,not-time-competitive,freight-rail-wins-bulk-road-wins-express,heuristic-planning
AMA,Amarillo,T2,service_stop,TOL,Toledo,T1,national_transfer_hub,1904,657,needs-intermediate-stops,6,3,US287;I-70;I-35;I-80,AMA;DEN;KC;DSM;CHI;TOL,T1,41.9,35.6,36h next-day,37.2,26.5,6.3,not-time-competitive,freight-rail-wins-bulk-road-wins-express,heuristic-planning
AMA,Amarillo,T2,service_stop,COLUMBUS,Columbus,T1,national_transfer_hub,2720,657,needs-intermediate-stops,10,5,US287;I-70;I-49;I-20;I-65;I-75,AMA;DEN;KC;JOPLIN;SHV;BHM_APPROACH;NASHVILLE;LOUISVILLE;CINCINNATI;COLUMBUS,T1,60.3,51.2,72h three-day,52.7,37.8,7.9,not-time-competitive,freight-rail-wins-bulk-road-wins-express,heuristic-planning
AMA,Amarillo,T2,service_stop,CINCINNATI,Cincinnati,T2,national_transfer_hub,2602,657,needs-intermediate-stops,9,4,US287;I-70;I-49;I-20;I-65,AMA;DEN;KC;JOPLIN;SHV;BHM_APPROACH;NASHVILLE;LOUISVILLE;CINCINNATI,T1,57.3,48.7,72h three-day,50.2,36.0,7.7,not-time-competitive,freight-rail-wins-bulk-road-wins-express,heuristic-planning
AMA,Amarillo,T2,service_stop,CHATTANOOGA,Chattanooga,T2,service_stop,2260,657,needs-intermediate-stops,7,4,US287;I-70;I-49;I-20;I-59,AMA;DEN;KC;JOPLIN;SHV;BHM_APPROACH;CHATTANOOGA,T1,49.9,42.4,48h two-day,44.0,31.4,7.0,not-time-competitive,freight-rail-wins-bulk-road-wins-express,heuristic-planning
AMA,Amarillo,T2,service_stop,MONTGOMERY,Montgomery,T2,service_stop,2436,657,needs-intermediate-stops,8,4,US287;I-70;I-49;I-20;US80,AMA;DEN;KC;JOPLIN;SHV;BHM_APPROACH;ATL;MONTGOMERY,T1,53.7,45.7,48h two-day,47.2,33.8,7.4,not-time-competitive,freight-rail-wins-bulk-road-wins-express,heuristic-planning
AMA,Amarillo,T2,service_stop,GAINESVILLE,Gainesville,T1,service_stop,2628,657,needs-intermediate-stops,8,4,US287;I-70;I-49;I-20;I-75,AMA;DEN;KC;JOPLIN;SHV;BHM_APPROACH;ATL;GAINESVILLE,T1,57.8,49.1,72h three-day,50.7,36.3,7.8,not-time-competitive,freight-rail-wins-bulk-road-wins-express,heuristic-planning
AMA,Amarillo,T2,service_stop,RENO,Reno,T1,service_stop,4827,1337,needs-intermediate-stops,13,9,US287;I-70;I-49;I-20;I-22;I-30;US70;I-10;I-5;I-80,AMA;DEN;KC;JOPLIN;SHV;BHM_APPROACH;MEM;LITTLE_ROCK;PHX;LA;CENTRAL_VALLEY;SAC;RENO,T1,106.7,90.7,>72h source-gated,92.4,66.7,12.2,not-time-competitive,freight-rail-wins-bulk-road-wins-express,heuristic-planning
AMA,Amarillo,T2,service_stop,SLC,Salt Lake,T1,national_transfer_hub,859,437,needs-intermediate-stops,3,1,US287;I-70,AMA;DEN;SLC,T1,18.7,15.9,24h overnight,17.5,12.1,4.2,not-time-competitive,freight-rail-wins-bulk-road-wins-express,heuristic-planning
AMA,Amarillo,T2,service_stop,BOI,Boise,T2,national_transfer_hub,5673,1337,needs-intermediate-stops,14,9,US287;I-70;I-49;I-20;I-22;I-30;US70;I-10;I-5;I-84,AMA;DEN;KC;JOPLIN;SHV;BHM_APPROACH;MEM;LITTLE_ROCK;PHX;LA;CENTRAL_VALLEY;SAC;POR;BOI,T1,124.8,106.1,>72h source-gated,107.8,77.9,13.8,not-time-competitive,freight-rail-wins-bulk-road-wins-express,heuristic-planning
AMA,Amarillo,T2,service_stop,LEWISTON,Lewiston,T2,service_stop,5810,1337,needs-intermediate-stops,16,10,US287;I-70;I-49;I-20;I-22;I-30;US70;I-10;I-5;I-90;US95,AMA;DEN;KC;JOPLIN;SHV;BHM_APPROACH;MEM;LITTLE_ROCK;PHX;LA;CENTRAL_VALLEY;SAC;POR;SEA;SPK;LEWISTON,T1,128.2,109.0,>72h source-gated,110.6,80.0,14.1,not-time-competitive,freight-rail-wins-bulk-road-wins-express,heuristic-planning
AMA,Amarillo,T2,service_stop,CHEYENNE,Cheyenne,T2,service_stop,536,421,needs-intermediate-stops,3,1,US287;I-25,AMA;DEN;CHEYENNE,T2,11.8,10.1,12h half-day,11.6,7.8,3.6,not-time-competitive,rail-often-absent-road-flexibility-case,heuristic-planning
AMA,Amarillo,T2,service_stop,OMAHA,Omaha,T1,national_transfer_hub,1434,657,needs-intermediate-stops,5,3,US287;I-70;I-35;I-80,AMA;DEN;KC;DSM;OMAHA,T1,31.8,27.0,36h next-day,28.6,20.2,5.4,not-time-competitive,freight-rail-wins-bulk-road-wins-express,heuristic-planning
AMA,Amarillo,T2,service_stop,FARGO,Fargo,T2,service_stop,1895,657,needs-intermediate-stops,6,4,US287;I-70;I-35;I-80;I-29,AMA;DEN;KC;DSM;OMAHA;FARGO,T1,42.0,35.7,36h next-day,37.4,26.6,6.3,not-time-competitive,freight-rail-wins-bulk-road-wins-express,heuristic-planning
AMA,Amarillo,T2,service_stop,NYC,New York,T2,transfer_hub,3284,657,needs-intermediate-stops,12,7,US287;I-70;I-49;I-20;I-65;I-75;I-70;I-81,AMA;DEN;KC;JOPLIN;SHV;BHM_APPROACH;NASHVILLE;LOUISVILLE;CINCINNATI;COLUMBUS;PENNSYLVANIA;NYC,T1,73.1,62.1,72h three-day,63.7,45.7,9.1,not-time-competitive,freight-rail-wins-bulk-road-wins-express,heuristic-planning
AMA,Amarillo,T2,service_stop,SPK,Spokane,T1,service_stop,5707,1337,needs-intermediate-stops,15,9,US287;I-70;I-49;I-20;I-22;I-30;US70;I-10;I-5;I-90,AMA;DEN;KC;JOPLIN;SHV;BHM_APPROACH;MEM;LITTLE_ROCK;PHX;LA;CENTRAL_VALLEY;SAC;POR;SEA;SPK,T1,125.6,106.8,>72h source-gated,108.4,78.4,13.9,not-time-competitive,freight-rail-wins-bulk-road-wins-express,heuristic-planning
AMA,Amarillo,T2,service_stop,BIL,Billings*,T1,national_transfer_hub,4664,974,needs-intermediate-stops,15,9,US287;I-70;I-49;I-20;I-65;I-10;US90;I-10;US83;I-90,AMA;DEN;KC;JOPLIN;SHV;BHM_APPROACH;MOBILE;GULFPORT;LAFAYETTE;BEAUMONT;HOU;SAT;ABILENE;RAPID_CITY;BIL,T1,103.4,87.8,>72h source-gated,89.5,64.5,11.8,not-time-competitive,freight-rail-wins-bulk-road-wins-express,heuristic-planning
AMA,Amarillo,T2,service_stop,RAPID_CITY,Rapid City,T2,national_transfer_hub,4330,974,needs-intermediate-stops,14,8,US287;I-70;I-49;I-20;I-65;I-10;US90;I-10;US83,AMA;DEN;KC;JOPLIN;SHV;BHM_APPROACH;MOBILE;GULFPORT;LAFAYETTE;BEAUMONT;HOU;SAT;ABILENE;RAPID_CITY,T1,95.9,81.4,>72h source-gated,83.0,59.8,11.2,not-time-competitive,freight-rail-wins-bulk-road-wins-express,heuristic-planning
AMA,Amarillo,T2,service_stop,MILWAUKEE,Milwaukee,T1,service_stop,1753,657,needs-intermediate-stops,7,4,US287;I-70;I-35;I-80;I-90,AMA;DEN;KC;DSM;CHI;CHI_NORTH;MILWAUKEE,T1,39.1,33.2,36h next-day,34.8,24.7,6.0,not-time-competitive,freight-rail-wins-bulk-road-wins-express,heuristic-planning
AMA,Amarillo,T2,service_stop,CHI_NORTH,North Chicago,T1,service_stop,1670,657,needs-intermediate-stops,6,4,US287;I-70;I-35;I-80;I-90,AMA;DEN;KC;DSM;CHI;CHI_NORTH,T1,37.2,31.6,36h next-day,33.3,23.6,5.8,not-time-competitive,freight-rail-wins-bulk-road-wins-express,heuristic-planning
AMA,Amarillo,T2,service_stop,PHILADELPHIA,Philadelphia,T2,service_stop,3213,657,needs-intermediate-stops,12,7,US287;I-70;I-49;I-20;I-65;I-75;I-70;I-76,AMA;DEN;KC;JOPLIN;SHV;BHM_APPROACH;NASHVILLE;LOUISVILLE;CINCINNATI;COLUMBUS;PENNSYLVANIA;PHILADELPHIA,T1,71.6,60.8,72h three-day,62.4,44.7,8.9,not-time-competitive,freight-rail-wins-bulk-road-wins-express,heuristic-planning
AMA,Amarillo,T2,service_stop,DC,Washington,T1,service_stop,3215,657,needs-intermediate-stops,12,6,US287;I-70;I-49;I-20;I-65;I-75;I-70,AMA;DEN;KC;JOPLIN;SHV;BHM_APPROACH;NASHVILLE;LOUISVILLE;CINCINNATI;COLUMBUS;PENNSYLVANIA;DC,T1,71.3,60.6,72h three-day,62.1,44.6,8.9,not-time-competitive,freight-rail-wins-bulk-road-wins-express,heuristic-planning
AMA,Amarillo,T2,service_stop,RIC,Richmond,T1,national_transfer_hub,3329,657,needs-intermediate-stops,13,7,US287;I-70;I-49;I-20;I-65;I-75;I-70;I-95,AMA;DEN;KC;JOPLIN;SHV;BHM_APPROACH;NASHVILLE;LOUISVILLE;CINCINNATI;COLUMBUS;PENNSYLVANIA;DC;RIC,T1,74.2,62.9,72h three-day,64.5,46.3,9.2,not-time-competitive,freight-rail-wins-bulk-road-wins-express,heuristic-planning
AMA,Amarillo,T2,service_stop,BEN,Benson,T1,transfer_hub,3767,657,needs-intermediate-stops,15,8,US287;I-70;I-49;I-20;I-65;I-75;I-70;I-95;I-40,AMA;DEN;KC;JOPLIN;SHV;BHM_APPROACH;NASHVILLE;LOUISVILLE;CINCINNATI;COLUMBUS;PENNSYLVANIA;DC;RIC;FLO;BEN,T1,84.0,71.3,72h three-day,72.8,52.3,10.0,not-time-competitive,freight-rail-wins-bulk-road-wins-express,heuristic-planning
AMA,Amarillo,T2,service_stop,GREENVILLE,Greenville,T2,service_stop,2426,657,needs-intermediate-stops,8,4,US287;I-70;I-49;I-20;I-85,AMA;DEN;KC;JOPLIN;SHV;BHM_APPROACH;ATL;GREENVILLE,T1,53.5,45.5,48h two-day,47.0,33.6,7.4,not-time-competitive,freight-rail-wins-bulk-road-wins-express,heuristic-planning
AMA,Amarillo,T2,service_stop,GREENSBORO,Greensboro,T2,service_stop,2632,657,needs-intermediate-stops,10,4,US287;I-70;I-49;I-20;I-85,AMA;DEN;KC;JOPLIN;SHV;BHM_APPROACH;ATL;GREENVILLE;CLT;GREENSBORO,T1,58.0,49.3,72h three-day,50.8,36.4,7.8,not-time-competitive,freight-rail-wins-bulk-road-wins-express,heuristic-planning
AMA,Amarillo,T2,service_stop,MOBILE,Mobile,T2,service_stop,2346,657,needs-intermediate-stops,7,4,US287;I-70;I-49;I-20;I-65,AMA;DEN;KC;JOPLIN;SHV;BHM_APPROACH;MOBILE,T1,51.7,44.0,48h two-day,45.6,32.6,7.2,not-time-competitive,freight-rail-wins-bulk-road-wins-express,heuristic-planning
AMA,Amarillo,T2,service_stop,LOUISVILLE,Louisville,T2,national_transfer_hub,2496,657,needs-intermediate-stops,8,4,US287;I-70;I-49;I-20;I-65,AMA;DEN;KC;JOPLIN;SHV;BHM_APPROACH;NASHVILLE;LOUISVILLE,T1,55.0,46.7,48h two-day,48.3,34.6,7.5,not-time-competitive,freight-rail-wins-bulk-road-wins-express,heuristic-planning
AMA,Amarillo,T2,service_stop,LITTLE_ROCK,Little Rock,T2,national_transfer_hub,2509,657,needs-intermediate-stops,8,5,US287;I-70;I-49;I-20;I-22;I-30,AMA;DEN;KC;JOPLIN;SHV;BHM_APPROACH;MEM;LITTLE_ROCK,T1,55.6,47.2,48h two-day,48.9,35.0,7.5,not-time-competitive,freight-rail-wins-bulk-road-wins-express,heuristic-planning
AMA,Amarillo,T2,service_stop,DEN,Denver,T2,national_transfer_hub,421,421,needs-intermediate-stops,2,0,US287,AMA;DEN,T2,9.0,7.7,12h half-day,9.2,6.1,3.3,not-time-competitive,rail-often-absent-road-flexibility-case,heuristic-planning
AMA,Amarillo,T2,service_stop,COLORADO_SPRINGS,Colorado Springs,T2,service_stop,496,421,needs-intermediate-stops,3,1,US287;I-25,AMA;DEN;COLORADO_SPRINGS,T2,11.0,9.3,12h half-day,10.9,7.3,3.5,not-time-competitive,rail-often-absent-road-flexibility-case,heuristic-planning
AMA,Amarillo,T2,service_stop,CAPITAL_BELTWAY_N,Capital North,T2,service_stop,3226,657,needs-intermediate-stops,13,7,US287;I-70;I-49;I-20;I-65;I-75;I-70;I-495,AMA;DEN;KC;JOPLIN;SHV;BHM_APPROACH;NASHVILLE;LOUISVILLE;CINCINNATI;COLUMBUS;PENNSYLVANIA;DC;CAPITAL_BELTWAY_N,T1,72.0,61.1,72h three-day,62.6,44.9,9.0,not-time-competitive,freight-rail-wins-bulk-road-wins-express,heuristic-planning
AMA,Amarillo,T2,service_stop,CAPITAL_BELTWAY_E,Capital East,T2,service_stop,3237,657,needs-intermediate-stops,14,7,US287;I-70;I-49;I-20;I-65;I-75;I-70;I-495,AMA;DEN;KC;JOPLIN;SHV;BHM_APPROACH;NASHVILLE;LOUISVILLE;CINCINNATI;COLUMBUS;PENNSYLVANIA;DC;CAPITAL_BELTWAY_S;CAPITAL_BELTWAY_E,T1,72.3,61.3,72h three-day,62.8,45.1,9.0,not-time-competitive,freight-rail-wins-bulk-road-wins-express,heuristic-planning
AMA,Amarillo,T2,service_stop,CAPITAL_BELTWAY_S,Capital South,T2,service_stop,3224,657,needs-intermediate-stops,13,7,US287;I-70;I-49;I-20;I-65;I-75;I-70;I-495,AMA;DEN;KC;JOPLIN;SHV;BHM_APPROACH;NASHVILLE;LOUISVILLE;CINCINNATI;COLUMBUS;PENNSYLVANIA;DC;CAPITAL_BELTWAY_S,T1,71.9,61.0,72h three-day,62.6,44.9,8.9,not-time-competitive,freight-rail-wins-bulk-road-wins-express,heuristic-planning
AMA,Amarillo,T2,service_stop,JOPLIN,Joplin,T2,service_stop,1243,657,needs-intermediate-stops,4,2,US287;I-70;I-49,AMA;DEN;KC;JOPLIN,T1,27.3,23.2,24h overnight,24.8,17.5,5.0,not-time-competitive,freight-rail-wins-bulk-road-wins-express,heuristic-planning
AMA,Amarillo,T2,service_stop,HAGERSTOWN,Hagerstown,T2,service_stop,3176,657,needs-intermediate-stops,12,7,US287;I-70;I-49;I-20;I-65;I-75;I-70;I-81,AMA;DEN;KC;JOPLIN;SHV;BHM_APPROACH;NASHVILLE;LOUISVILLE;CINCINNATI;COLUMBUS;PENNSYLVANIA;HAGERSTOWN,T1,70.8,60.1,72h three-day,61.7,44.2,8.9,not-time-competitive,freight-rail-wins-bulk-road-wins-express,heuristic-planning
AMA,Amarillo,T2,service_stop,STL,St. Louis,T1,national_transfer_hub,1359,657,needs-intermediate-stops,4,1,US287;I-70,AMA;DEN;KC;STL,T1,29.4,25.1,36h next-day,26.6,18.8,5.2,not-time-competitive,freight-rail-wins-bulk-road-wins-express,heuristic-planning
AMA,Amarillo,T2,service_stop,PITTSBURGH,Pittsburgh,T2,service_stop,2962,657,needs-intermediate-stops,10,5,US287;I-70;I-49;I-20;I-85;I-77,AMA;DEN;KC;JOPLIN;SHV;BHM_APPROACH;ATL;GREENVILLE;CLT;PITTSBURGH,T1,65.4,55.6,72h three-day,57.1,41.0,8.4,not-time-competitive,freight-rail-wins-bulk-road-wins-express,heuristic-planning
AMA,Amarillo,T2,service_stop,PENNSYLVANIA,Harrisburg,T1,national_transfer_hub,3103,657,needs-intermediate-stops,11,6,US287;I-70;I-49;I-20;I-65;I-75;I-70,AMA;DEN;KC;JOPLIN;SHV;BHM_APPROACH;NASHVILLE;LOUISVILLE;CINCINNATI;COLUMBUS;PENNSYLVANIA,T1,68.8,58.5,72h three-day,60.0,43.1,8.7,not-time-competitive,freight-rail-wins-bulk-road-wins-express,heuristic-planning
AMA,Amarillo,T2,service_stop,GULFPORT,Gulfport,T1,national_transfer_hub,2424,657,needs-intermediate-stops,8,5,US287;I-70;I-49;I-20;I-65;I-10,AMA;DEN;KC;JOPLIN;SHV;BHM_APPROACH;MOBILE;GULFPORT,T1,53.8,45.7,48h two-day,47.3,33.8,7.3,not-time-competitive,freight-rail-wins-bulk-road-wins-express,heuristic-planning
AMA,Amarillo,T2,service_stop,CORPUS,Corpus Christi,T2,national_transfer_hub,3248,657,needs-intermediate-stops,13,8,US287;I-70;I-49;I-20;I-65;I-10;US90;I-10;I-37,AMA;DEN;KC;JOPLIN;SHV;BHM_APPROACH;MOBILE;GULFPORT;LAFAYETTE;BEAUMONT;HOU;SAT;CORPUS,T1,72.8,61.7,72h three-day,63.3,45.4,9.0,not-time-competitive,freight-rail-wins-bulk-road-wins-express,heuristic-planning
MEM,Memphis,T1,national_transfer_hub,NASHVILLE,Nashville,T1,national_transfer_hub,232,232,sla-stop-rhythm-ok,2,0,I-40,MEM;NASHVILLE,T1,4.9,4.2,6h local,5.7,3.6,3.0,near-competitive-short-haul,corridor-specific-rail-check-needed,heuristic-planning
MEM,Memphis,T1,national_transfer_hub,KNX,Knoxville,T1,transfer_hub,421,232,sla-stop-rhythm-ok,3,0,I-40,MEM;NASHVILLE;KNX,T1,9.0,7.7,12h half-day,9.2,6.1,3.3,not-time-competitive,corridor-specific-rail-check-needed,heuristic-planning
MEM,Memphis,T2,national_transfer_hub,ASHEVILLE,Asheville,T1,service_stop,808,256,long-gap-review,6,3,I-22;I-20;I-85;I-40,MEM;BHM_APPROACH;ATL;GREENVILLE;CLT;ASHEVILLE,T1,18.6,15.7,24h overnight,17.2,11.9,4.1,not-time-competitive,freight-rail-wins-bulk-road-wins-express,heuristic-planning
MEM,Memphis,T2,national_transfer_hub,CLT,Charlotte,T2,national_transfer_hub,691,256,long-gap-review,5,2,I-22;I-20;I-85,MEM;BHM_APPROACH;ATL;GREENVILLE;CLT,T1,15.6,13.2,24h overnight,14.8,10.1,3.9,not-time-competitive,corridor-specific-rail-check-needed,heuristic-planning
MEM,Memphis,T2,national_transfer_hub,RALEIGH_APPROACH,Raleigh,T1,national_transfer_hub,843,256,long-gap-review,6,3,I-22;I-20;I-85;I-40,MEM;BHM_APPROACH;ATL;GREENVILLE;CLT;RALEIGH_APPROACH,T1,19.3,16.3,24h overnight,17.9,12.3,4.2,not-time-competitive,freight-rail-wins-bulk-road-wins-express,heuristic-planning
MEM,Memphis,T1,national_transfer_hub,INDY_APPROACH,Indianapolis,T1,national_transfer_hub,836,232,sla-stop-rhythm-ok,6,3,I-40;I-65;I-75;I-70,MEM;NASHVILLE;LOUISVILLE;CINCINNATI;COLUMBUS;INDY_APPROACH,T1,19.1,16.2,24h overnight,17.7,12.2,4.2,not-time-competitive,freight-rail-wins-bulk-road-wins-express,heuristic-planning
MEM,Memphis,T1,national_transfer_hub,FORT_WAYNE,Fort Wayne,T1,service_stop,960,232,sla-stop-rhythm-ok,7,4,I-40;I-65;I-75;I-70;I-69,MEM;NASHVILLE;LOUISVILLE;CINCINNATI;COLUMBUS;INDY_APPROACH;FORT_WAYNE,T1,22.2,18.7,24h overnight,20.3,14.1,4.4,not-time-competitive,freight-rail-wins-bulk-road-wins-express,heuristic-planning
MEM,Memphis,T2,national_transfer_hub,CHI_APPROACH,South Bend,T1,service_stop,1737,365,long-gap-review,8,3,I-30;I-35;I-80;I-69,MEM;LITTLE_ROCK;DAL;OKC;KC;DSM;CHI;CHI_APPROACH,T1,38.5,32.7,36h next-day,34.1,24.3,6.0,not-time-competitive,freight-rail-wins-bulk-road-wins-express,heuristic-planning
MEM,Memphis,T2,national_transfer_hub,CHI,Chicago,T1,national_transfer_hub,1652,365,long-gap-review,7,2,I-30;I-35;I-80,MEM;LITTLE_ROCK;DAL;OKC;KC;DSM;CHI,T1,36.2,30.8,36h next-day,32.2,22.9,5.8,not-time-competitive,freight-rail-wins-bulk-road-wins-express,heuristic-planning
MEM,Memphis,T1,national_transfer_hub,TOL,Toledo,T1,national_transfer_hub,780,232,sla-stop-rhythm-ok,6,2,I-40;I-65;I-75,MEM;NASHVILLE;LOUISVILLE;CINCINNATI;COLUMBUS;TOL,T1,17.6,14.9,24h overnight,16.4,11.3,4.1,not-time-competitive,freight-rail-wins-bulk-road-wins-express,heuristic-planning
MEM,Memphis,T1,national_transfer_hub,COLUMBUS,Columbus,T1,national_transfer_hub,637,232,sla-stop-rhythm-ok,5,2,I-40;I-65;I-75,MEM;NASHVILLE;LOUISVILLE;CINCINNATI;COLUMBUS,T1,14.5,12.3,24h overnight,13.8,9.4,3.8,not-time-competitive,corridor-specific-rail-check-needed,heuristic-planning
MEM,Memphis,T1,national_transfer_hub,CINCINNATI,Cincinnati,T2,national_transfer_hub,519,232,sla-stop-rhythm-ok,4,1,I-40;I-65,MEM;NASHVILLE;LOUISVILLE;CINCINNATI,T1,11.6,9.8,12h half-day,11.3,7.6,3.5,not-time-competitive,corridor-specific-rail-check-needed,heuristic-planning
MEM,Memphis,T2,national_transfer_hub,CHATTANOOGA,Chattanooga,T2,service_stop,416,256,long-gap-review,3,1,I-22;I-59,MEM;BHM_APPROACH;CHATTANOOGA,T2,9.3,7.9,12h half-day,9.4,6.2,3.3,not-time-competitive,rail-often-absent-road-flexibility-case,heuristic-planning
MEM,Memphis,T2,national_transfer_hub,MONTGOMERY,Montgomery,T2,service_stop,592,256,long-gap-review,4,2,I-22;I-20;US80,MEM;BHM_APPROACH;ATL;MONTGOMERY,T1,13.5,11.4,12h half-day,13.0,8.8,3.7,not-time-competitive,corridor-specific-rail-check-needed,heuristic-planning
MEM,Memphis,T2,national_transfer_hub,GAINESVILLE,Gainesville,T1,service_stop,784,364,long-gap-review,4,2,I-22;I-20;I-75,MEM;BHM_APPROACH;ATL;GAINESVILLE,T1,17.5,14.9,24h overnight,16.5,11.4,4.1,not-time-competitive,freight-rail-wins-bulk-road-wins-express,heuristic-planning
MEM,Memphis,T2,national_transfer_hub,RENO,Reno,T1,service_stop,2471,1337,needs-intermediate-stops,7,4,I-30;US70;I-10;I-5;I-80,MEM;LITTLE_ROCK;PHX;LA;CENTRAL_VALLEY;SAC;RENO,T1,54.4,46.2,48h two-day,47.8,34.3,7.4,not-time-competitive,freight-rail-wins-bulk-road-wins-express,heuristic-planning
MEM,Memphis,T2,national_transfer_hub,SLC,Salt Lake,T1,national_transfer_hub,2170,657,needs-intermediate-stops,7,2,I-30;I-35;I-70,MEM;LITTLE_ROCK;DAL;OKC;KC;DEN;SLC,T1,47.3,40.2,48h two-day,41.6,29.8,6.8,not-time-competitive,freight-rail-wins-bulk-road-wins-express,heuristic-planning
MEM,Memphis,T2,national_transfer_hub,BOI,Boise,T2,national_transfer_hub,3317,1337,needs-intermediate-stops,8,4,I-30;US70;I-10;I-5;I-84,MEM;LITTLE_ROCK;PHX;LA;CENTRAL_VALLEY;SAC;POR;BOI,T1,72.5,61.7,72h three-day,63.2,45.5,9.1,not-time-competitive,freight-rail-wins-bulk-road-wins-express,heuristic-planning
MEM,Memphis,T2,national_transfer_hub,LEWISTON,Lewiston,T2,service_stop,3455,1337,needs-intermediate-stops,10,5,I-30;US70;I-10;I-5;I-90;US95,MEM;LITTLE_ROCK;PHX;LA;CENTRAL_VALLEY;SAC;POR;SEA;SPK;LEWISTON,T1,75.9,64.5,72h three-day,66.1,47.6,9.4,not-time-competitive,freight-rail-wins-bulk-road-wins-express,heuristic-planning
MEM,Memphis,T2,national_transfer_hub,CHEYENNE,Cheyenne,T2,service_stop,1847,657,needs-intermediate-stops,7,3,I-30;I-35;I-70;I-25,MEM;LITTLE_ROCK;DAL;OKC;KC;DEN;CHEYENNE,T1,40.8,34.6,36h next-day,36.1,25.7,6.2,not-time-competitive,freight-rail-wins-bulk-road-wins-express,heuristic-planning
MEM,Memphis,T2,national_transfer_hub,OMAHA,Omaha,T1,national_transfer_hub,1430,352,long-gap-review,7,2,I-30;I-35;I-80,MEM;LITTLE_ROCK;DAL;OKC;KC;DSM;OMAHA,T1,31.5,26.8,36h next-day,28.2,20.0,5.4,not-time-competitive,freight-rail-wins-bulk-road-wins-express,heuristic-planning
MEM,Memphis,T2,national_transfer_hub,FARGO,Fargo,T2,service_stop,1891,461,needs-intermediate-stops,8,3,I-30;I-35;I-80;I-29,MEM;LITTLE_ROCK;DAL;OKC;KC;DSM;OMAHA;FARGO,T1,41.8,35.5,36h next-day,36.9,26.3,6.3,not-time-competitive,freight-rail-wins-bulk-road-wins-express,heuristic-planning
MEM,Memphis,T1,national_transfer_hub,NYC,New York,T2,transfer_hub,1201,382,long-gap-review,7,4,I-40;I-65;I-75;I-70;I-81,MEM;NASHVILLE;LOUISVILLE;CINCINNATI;COLUMBUS;PENNSYLVANIA;NYC,T1,27.4,23.1,24h overnight,24.7,17.3,4.9,not-time-competitive,freight-rail-wins-bulk-road-wins-express,heuristic-planning
MEM,Memphis,T2,national_transfer_hub,SPK,Spokane,T1,service_stop,3351,1337,needs-intermediate-stops,9,4,I-30;US70;I-10;I-5;I-90,MEM;LITTLE_ROCK;PHX;LA;CENTRAL_VALLEY;SAC;POR;SEA;SPK,T1,73.3,62.3,72h three-day,63.8,46.0,9.2,not-time-competitive,freight-rail-wins-bulk-road-wins-express,heuristic-planning
MEM,Memphis,T2,national_transfer_hub,BIL,Billings*,T1,national_transfer_hub,2010,974,needs-intermediate-stops,6,3,I-30;US80;US83;I-90,MEM;LITTLE_ROCK;DAL;ABILENE;RAPID_CITY;BIL,T1,44.1,37.5,48h two-day,39.1,27.9,6.5,not-time-competitive,freight-rail-wins-bulk-road-wins-express,heuristic-planning
MEM,Memphis,T2,national_transfer_hub,RAPID_CITY,Rapid City,T2,national_transfer_hub,1676,974,needs-intermediate-stops,5,2,I-30;US80;US83,MEM;LITTLE_ROCK;DAL;ABILENE;RAPID_CITY,T2,36.6,31.1,36h next-day,32.7,23.2,5.9,not-time-competitive,freight-rail-wins-bulk-road-wins-express,heuristic-planning
MEM,Memphis,T2,national_transfer_hub,MILWAUKEE,Milwaukee,T1,service_stop,1749,365,long-gap-review,9,3,I-30;I-35;I-80;I-90,MEM;LITTLE_ROCK;DAL;OKC;KC;DSM;CHI;CHI_NORTH;MILWAUKEE,T1,38.8,33.0,36h next-day,34.3,24.4,6.0,not-time-competitive,freight-rail-wins-bulk-road-wins-express,heuristic-planning
MEM,Memphis,T2,national_transfer_hub,CHI_NORTH,North Chicago,T1,service_stop,1666,365,long-gap-review,8,3,I-30;I-35;I-80;I-90,MEM;LITTLE_ROCK;DAL;OKC;KC;DSM;CHI;CHI_NORTH,T1,37.0,31.4,36h next-day,32.8,23.3,5.8,not-time-competitive,freight-rail-wins-bulk-road-wins-express,heuristic-planning
MEM,Memphis,T1,national_transfer_hub,PHILADELPHIA,Philadelphia,T2,service_stop,1129,382,long-gap-review,7,4,I-40;I-65;I-75;I-70;I-76,MEM;NASHVILLE;LOUISVILLE;CINCINNATI;COLUMBUS;PENNSYLVANIA;PHILADELPHIA,T1,25.8,21.8,24h overnight,23.4,16.4,4.8,not-time-competitive,freight-rail-wins-bulk-road-wins-express,heuristic-planning
MEM,Memphis,T1,national_transfer_hub,DC,Washington,T1,service_stop,1132,382,long-gap-review,7,3,I-40;I-65;I-75;I-70,MEM;NASHVILLE;LOUISVILLE;CINCINNATI;COLUMBUS;PENNSYLVANIA;DC,T1,25.5,21.6,24h overnight,23.1,16.2,4.8,not-time-competitive,freight-rail-wins-bulk-road-wins-express,heuristic-planning
MEM,Memphis,T1,national_transfer_hub,RIC,Richmond,T1,national_transfer_hub,1245,382,long-gap-review,8,4,I-40;I-65;I-75;I-70;I-95,MEM;NASHVILLE;LOUISVILLE;CINCINNATI;COLUMBUS;PENNSYLVANIA;DC;RIC,T1,28.4,24.0,36h next-day,25.5,17.9,5.0,not-time-competitive,freight-rail-wins-bulk-road-wins-express,heuristic-planning
MEM,Memphis,T1,national_transfer_hub,BEN,Benson,T1,transfer_hub,1684,382,long-gap-review,10,5,I-40;I-65;I-75;I-70;I-95;I-40,MEM;NASHVILLE;LOUISVILLE;CINCINNATI;COLUMBUS;PENNSYLVANIA;DC;RIC;FLO;BEN,T1,38.2,32.3,36h next-day,33.9,24.0,5.9,not-time-competitive,freight-rail-wins-bulk-road-wins-express,heuristic-planning
MEM,Memphis,T2,national_transfer_hub,GREENVILLE,Greenville,T2,service_stop,582,256,long-gap-review,4,2,I-22;I-20;I-85,MEM;BHM_APPROACH;ATL;GREENVILLE,T1,13.2,11.2,12h half-day,12.8,8.7,3.7,not-time-competitive,corridor-specific-rail-check-needed,heuristic-planning
MEM,Memphis,T2,national_transfer_hub,GREENSBORO,Greensboro,T2,service_stop,788,256,long-gap-review,6,2,I-22;I-20;I-85,MEM;BHM_APPROACH;ATL;GREENVILLE;CLT;GREENSBORO,T1,17.8,15.1,24h overnight,16.5,11.4,4.1,not-time-competitive,freight-rail-wins-bulk-road-wins-express,heuristic-planning
MEM,Memphis,T2,national_transfer_hub,MOBILE,Mobile,T2,service_stop,502,256,long-gap-review,3,1,I-22;I-65,MEM;BHM_APPROACH;MOBILE,T2,11.1,9.4,12h half-day,11.0,7.4,3.5,not-time-competitive,rail-often-absent-road-flexibility-case,heuristic-planning
MEM,Memphis,T1,national_transfer_hub,LOUISVILLE,Louisville,T2,national_transfer_hub,413,232,sla-stop-rhythm-ok,3,1,I-40;I-65,MEM;NASHVILLE;LOUISVILLE,T1,9.2,7.8,12h half-day,9.4,6.2,3.3,not-time-competitive,corridor-specific-rail-check-needed,heuristic-planning
MEM,Memphis,T2,national_transfer_hub,LITTLE_ROCK,Little Rock,T2,national_transfer_hub,153,153,sla-stop-rhythm-ok,2,0,I-30,MEM;LITTLE_ROCK,T2,3.3,2.8,6h local,4.3,2.5,2.8,time-competitive,rail-often-absent-road-flexibility-case,heuristic-planning
MEM,Memphis,T2,national_transfer_hub,DEN,Denver,T1,national_transfer_hub,1732,657,needs-intermediate-stops,6,2,I-30;I-35;I-70,MEM;LITTLE_ROCK;DAL;OKC;KC;DEN,T1,37.9,32.2,36h next-day,33.7,24.0,6.0,not-time-competitive,freight-rail-wins-bulk-road-wins-express,heuristic-planning
MEM,Memphis,T2,national_transfer_hub,COLORADO_SPRINGS,Colorado Springs,T2,service_stop,1807,657,needs-intermediate-stops,7,3,I-30;I-35;I-70;I-25,MEM;LITTLE_ROCK;DAL;OKC;KC;DEN;COLORADO_SPRINGS,T1,39.9,33.9,36h next-day,35.4,25.2,6.1,not-time-competitive,freight-rail-wins-bulk-road-wins-express,heuristic-planning
MEM,Memphis,T1,national_transfer_hub,CAPITAL_BELTWAY_N,Capital North,T2,service_stop,1143,382,long-gap-review,8,4,I-40;I-65;I-75;I-70;I-495,MEM;NASHVILLE;LOUISVILLE;CINCINNATI;COLUMBUS;PENNSYLVANIA;DC;CAPITAL_BELTWAY_N,T1,26.2,22.1,24h overnight,23.7,16.5,4.8,not-time-competitive,freight-rail-wins-bulk-road-wins-express,heuristic-planning
MEM,Memphis,T1,national_transfer_hub,CAPITAL_BELTWAY_E,Capital East,T2,service_stop,1153,382,long-gap-review,9,4,I-40;I-65;I-75;I-70;I-495,MEM;NASHVILLE;LOUISVILLE;CINCINNATI;COLUMBUS;PENNSYLVANIA;DC;CAPITAL_BELTWAY_S;CAPITAL_BELTWAY_E,T1,26.5,22.4,24h overnight,23.9,16.7,4.8,not-time-competitive,freight-rail-wins-bulk-road-wins-express,heuristic-planning
MEM,Memphis,T1,national_transfer_hub,CAPITAL_BELTWAY_S,Capital South,T2,service_stop,1141,382,long-gap-review,8,4,I-40;I-65;I-75;I-70;I-495,MEM;NASHVILLE;LOUISVILLE;CINCINNATI;COLUMBUS;PENNSYLVANIA;DC;CAPITAL_BELTWAY_S,T1,26.2,22.1,24h overnight,23.6,16.5,4.8,not-time-competitive,freight-rail-wins-bulk-road-wins-express,heuristic-planning
MEM,Memphis,T2,national_transfer_hub,JOPLIN,Joplin,T2,service_stop,1083,374,long-gap-review,5,2,I-30;I-20;I-49,MEM;LITTLE_ROCK;DAL;SHV;JOPLIN,T1,24.0,20.4,24h overnight,21.9,15.3,4.7,not-time-competitive,freight-rail-wins-bulk-road-wins-express,heuristic-planning
MEM,Memphis,T1,national_transfer_hub,HAGERSTOWN,Hagerstown,T2,service_stop,1093,382,long-gap-review,7,4,I-40;I-65;I-75;I-70;I-81,MEM;NASHVILLE;LOUISVILLE;CINCINNATI;COLUMBUS;PENNSYLVANIA;HAGERSTOWN,T1,25.1,21.2,24h overnight,22.8,15.9,4.7,not-time-competitive,freight-rail-wins-bulk-road-wins-express,heuristic-planning
MEM,Memphis,T1,national_transfer_hub,STL,St. Louis,T1,national_transfer_hub,1107,272,long-gap-review,7,3,I-40;I-65;I-75;I-70,MEM;NASHVILLE;LOUISVILLE;CINCINNATI;COLUMBUS;INDY_APPROACH;STL,T1,25.0,21.2,24h overnight,22.7,15.9,4.7,not-time-competitive,freight-rail-wins-bulk-road-wins-express,heuristic-planning
MEM,Memphis,T2,national_transfer_hub,PITTSBURGH,Pittsburgh,T2,service_stop,1119,428,needs-intermediate-stops,6,3,I-22;I-20;I-85;I-77,MEM;BHM_APPROACH;ATL;GREENVILLE;CLT;PITTSBURGH,T1,25.2,21.3,24h overnight,22.9,16.0,4.7,not-time-competitive,freight-rail-wins-bulk-road-wins-express,heuristic-planning
MEM,Memphis,T1,national_transfer_hub,PENNSYLVANIA,Harrisburg,T1,national_transfer_hub,1020,382,long-gap-review,6,3,I-40;I-65;I-75;I-70,MEM;NASHVILLE;LOUISVILLE;CINCINNATI;COLUMBUS;PENNSYLVANIA,T1,23.1,19.5,24h overnight,21.1,14.7,4.5,not-time-competitive,freight-rail-wins-bulk-road-wins-express,heuristic-planning
MEM,Memphis,T2,national_transfer_hub,GULFPORT,Gulfport,T1,national_transfer_hub,580,256,long-gap-review,4,2,I-22;I-65;I-10,MEM;BHM_APPROACH;MOBILE;GULFPORT,T1,13.2,11.2,12h half-day,12.8,8.6,3.7,not-time-competitive,corridor-specific-rail-check-needed,heuristic-planning
MEM,Memphis,T2,national_transfer_hub,CORPUS,Corpus Christi,T2,national_transfer_hub,950,345,long-gap-review,5,2,I-30;I-35;I-37,MEM;LITTLE_ROCK;DAL;SAT;CORPUS,T1,21.2,18.0,24h overnight,19.5,13.6,4.4,not-time-competitive,freight-rail-wins-bulk-road-wins-express,heuristic-planning
NASHVILLE,Nashville,T1,national_transfer_hub,KNX,Knoxville,T1,transfer_hub,189,189,sla-stop-rhythm-ok,2,0,I-40,NASHVILLE;KNX,T1,4.0,3.4,6h local,4.9,3.0,2.9,near-competitive-short-haul,corridor-specific-rail-check-needed,heuristic-planning
NASHVILLE,Nashville,T2,national_transfer_hub,ASHEVILLE,Asheville,T1,service_stop,767,215,sla-stop-rhythm-ok,6,3,I-65;I-20;I-85;I-40,NASHVILLE;BHM_APPROACH;ATL;GREENVILLE;CLT;ASHEVILLE,T1,17.7,14.9,24h overnight,16.5,11.3,4.0,not-time-competitive,freight-rail-wins-bulk-road-wins-express,heuristic-planning
NASHVILLE,Nashville,T2,national_transfer_hub,CLT,Charlotte,T2,national_transfer_hub,650,215,sla-stop-rhythm-ok,5,2,I-65;I-20;I-85,NASHVILLE;BHM_APPROACH;ATL;GREENVILLE;CLT,T1,14.8,12.5,24h overnight,14.0,9.6,3.8,not-time-competitive,corridor-specific-rail-check-needed,heuristic-planning
NASHVILLE,Nashville,T2,national_transfer_hub,RALEIGH_APPROACH,Raleigh,T1,national_transfer_hub,803,215,sla-stop-rhythm-ok,6,3,I-65;I-20;I-85;I-40,NASHVILLE;BHM_APPROACH;ATL;GREENVILLE;CLT;RALEIGH_APPROACH,T1,18.4,15.6,24h overnight,17.1,11.8,4.1,not-time-competitive,freight-rail-wins-bulk-road-wins-express,heuristic-planning
NASHVILLE,Nashville,T2,national_transfer_hub,INDY_APPROACH,Indianapolis,T1,national_transfer_hub,604,198,sla-stop-rhythm-ok,5,2,I-65;I-75;I-70,NASHVILLE;LOUISVILLE;CINCINNATI;COLUMBUS;INDY_APPROACH,T1,13.8,11.7,12h half-day,13.2,9.0,3.7,not-time-competitive,corridor-specific-rail-check-needed,heuristic-planning
NASHVILLE,Nashville,T2,national_transfer_hub,FORT_WAYNE,Fort Wayne,T1,service_stop,728,198,sla-stop-rhythm-ok,6,3,I-65;I-75;I-70;I-69,NASHVILLE;LOUISVILLE;CINCINNATI;COLUMBUS;INDY_APPROACH;FORT_WAYNE,T1,16.9,14.2,24h overnight,15.8,10.8,4.0,not-time-competitive,freight-rail-wins-bulk-road-wins-express,heuristic-planning
NASHVILLE,Nashville,T2,national_transfer_hub,TOL,Toledo,T1,national_transfer_hub,548,181,sla-stop-rhythm-ok,5,1,I-65;I-75,NASHVILLE;LOUISVILLE;CINCINNATI;COLUMBUS;TOL,T1,12.3,10.4,12h half-day,11.8,8.0,3.6,not-time-competitive,corridor-specific-rail-check-needed,heuristic-planning
NASHVILLE,Nashville,T2,national_transfer_hub,COLUMBUS,Columbus,T1,national_transfer_hub,405,181,sla-stop-rhythm-ok,4,1,I-65;I-75,NASHVILLE;LOUISVILLE;CINCINNATI;COLUMBUS,T1,9.1,7.7,12h half-day,9.2,6.1,3.3,not-time-competitive,corridor-specific-rail-check-needed,heuristic-planning
NASHVILLE,Nashville,T2,national_transfer_hub,CINCINNATI,Cincinnati,T2,national_transfer_hub,287,181,sla-stop-rhythm-ok,3,0,I-65,NASHVILLE;LOUISVILLE;CINCINNATI,T2,6.2,5.3,6h local,6.7,4.3,3.1,near-competitive-short-haul,rail-often-absent-road-flexibility-case,heuristic-planning
NASHVILLE,Nashville,T2,national_transfer_hub,CHATTANOOGA,Chattanooga,T2,service_stop,375,215,sla-stop-rhythm-ok,3,1,I-65;I-59,NASHVILLE;BHM_APPROACH;CHATTANOOGA,T2,8.4,7.1,12h half-day,8.7,5.7,3.3,not-time-competitive,rail-often-absent-road-flexibility-case,heuristic-planning
NASHVILLE,Nashville,T2,national_transfer_hub,MONTGOMERY,Montgomery,T2,service_stop,552,215,sla-stop-rhythm-ok,4,2,I-65;I-20;US80,NASHVILLE;BHM_APPROACH;ATL;MONTGOMERY,T1,12.6,10.7,12h half-day,12.2,8.3,3.6,not-time-competitive,corridor-specific-rail-check-needed,heuristic-planning
NASHVILLE,Nashville,T2,national_transfer_hub,GAINESVILLE,Gainesville,T1,service_stop,744,364,long-gap-review,4,2,I-65;I-20;I-75,NASHVILLE;BHM_APPROACH;ATL;GAINESVILLE,T1,16.7,14.1,24h overnight,15.7,10.8,4.0,not-time-competitive,freight-rail-wins-bulk-road-wins-express,heuristic-planning
NASHVILLE,Nashville,T1,national_transfer_hub,RENO,Reno,T1,service_stop,2703,1337,needs-intermediate-stops,8,5,I-40;I-30;US70;I-10;I-5;I-80,NASHVILLE;MEM;LITTLE_ROCK;PHX;LA;CENTRAL_VALLEY;SAC;RENO,T1,59.7,50.8,72h three-day,52.4,37.5,7.9,not-time-competitive,freight-rail-wins-bulk-road-wins-express,heuristic-planning
NASHVILLE,Nashville,T1,national_transfer_hub,SLC,Salt Lake,T1,national_transfer_hub,3207,1337,needs-intermediate-stops,9,5,I-40;I-30;US70;I-10;I-5;I-80,NASHVILLE;MEM;LITTLE_ROCK;PHX;LA;CENTRAL_VALLEY;SAC;RENO;SLC,T1,70.5,60.0,72h three-day,61.6,44.3,8.9,not-time-competitive,freight-rail-wins-bulk-road-wins-express,heuristic-planning
NASHVILLE,Nashville,T1,national_transfer_hub,BOI,Boise,T2,national_transfer_hub,3549,1337,needs-intermediate-stops,9,5,I-40;I-30;US70;I-10;I-5;I-84,NASHVILLE;MEM;LITTLE_ROCK;PHX;LA;CENTRAL_VALLEY;SAC;POR;BOI,T1,77.8,66.2,72h three-day,67.8,48.8,9.6,not-time-competitive,freight-rail-wins-bulk-road-wins-express,heuristic-planning
NASHVILLE,Nashville,T1,national_transfer_hub,LEWISTON,Lewiston,T2,service_stop,3686,1337,needs-intermediate-stops,11,6,I-40;I-30;US70;I-10;I-5;I-90;US95,NASHVILLE;MEM;LITTLE_ROCK;PHX;LA;CENTRAL_VALLEY;SAC;POR;SEA;SPK;LEWISTON,T1,81.3,69.1,72h three-day,70.6,50.9,9.9,not-time-competitive,freight-rail-wins-bulk-road-wins-express,heuristic-planning
NASHVILLE,Nashville,T1,national_transfer_hub,CHEYENNE,Cheyenne,T1,service_stop,3643,1337,needs-intermediate-stops,10,5,I-40;I-30;US70;I-10;I-5;I-80,NASHVILLE;MEM;LITTLE_ROCK;PHX;LA;CENTRAL_VALLEY;SAC;RENO;SLC;CHEYENNE,T1,79.9,68.0,72h three-day,69.5,50.1,9.8,not-time-competitive,freight-rail-wins-bulk-road-wins-express,heuristic-planning
NASHVILLE,Nashville,T1,national_transfer_hub,FARGO,Fargo,T2,service_stop,2743,974,needs-intermediate-stops,8,5,I-40;I-30;US80;US83;I-90;I-29,NASHVILLE;MEM;LITTLE_ROCK;DAL;ABILENE;RAPID_CITY;MIN;FARGO,T1,60.6,51.5,72h three-day,53.1,38.1,8.0,not-time-competitive,freight-rail-wins-bulk-road-wins-express,heuristic-planning
NASHVILLE,Nashville,T2,national_transfer_hub,NYC,New York,T2,transfer_hub,969,382,long-gap-review,6,3,I-65;I-75;I-70;I-81,NASHVILLE;LOUISVILLE;CINCINNATI;COLUMBUS;PENNSYLVANIA;NYC,T1,22.0,18.6,24h overnight,20.2,14.0,4.4,not-time-competitive,freight-rail-wins-bulk-road-wins-express,heuristic-planning
NASHVILLE,Nashville,T1,national_transfer_hub,SPK,Spokane,T1,service_stop,3583,1337,needs-intermediate-stops,10,5,I-40;I-30;US70;I-10;I-5;I-90,NASHVILLE;MEM;LITTLE_ROCK;PHX;LA;CENTRAL_VALLEY;SAC;POR;SEA;SPK,T1,78.6,66.9,72h three-day,68.4,49.3,9.7,not-time-competitive,freight-rail-wins-bulk-road-wins-express,heuristic-planning
NASHVILLE,Nashville,T1,national_transfer_hub,BIL,Billings*,T1,national_transfer_hub,2241,974,needs-intermediate-stops,7,4,I-40;I-30;US80;US83;I-90,NASHVILLE;MEM;LITTLE_ROCK;DAL;ABILENE;RAPID_CITY;BIL,T1,49.5,42.1,48h two-day,43.7,31.2,7.0,not-time-competitive,freight-rail-wins-bulk-road-wins-express,heuristic-planning
NASHVILLE,Nashville,T1,national_transfer_hub,RAPID_CITY,Rapid City,T2,national_transfer_hub,1907,974,needs-intermediate-stops,6,3,I-40;I-30;US80;US83,NASHVILLE;MEM;LITTLE_ROCK;DAL;ABILENE;RAPID_CITY,T1,41.9,35.7,36h next-day,37.2,26.5,6.3,not-time-competitive,freight-rail-wins-bulk-road-wins-express,heuristic-planning
NASHVILLE,Nashville,T1,national_transfer_hub,MILWAUKEE,Milwaukee,T1,service_stop,2842,974,needs-intermediate-stops,8,4,I-40;I-30;US80;US83;I-90,NASHVILLE;MEM;LITTLE_ROCK;DAL;ABILENE;RAPID_CITY;MIN;MILWAUKEE,T1,62.4,53.0,72h three-day,54.6,39.2,8.2,not-time-competitive,freight-rail-wins-bulk-road-wins-express,heuristic-planning
NASHVILLE,Nashville,T2,national_transfer_hub,PHILADELPHIA,Philadelphia,T2,service_stop,898,382,long-gap-review,6,3,I-65;I-75;I-70;I-76,NASHVILLE;LOUISVILLE;CINCINNATI;COLUMBUS;PENNSYLVANIA;PHILADELPHIA,T1,20.5,17.3,24h overnight,18.9,13.1,4.3,not-time-competitive,freight-rail-wins-bulk-road-wins-express,heuristic-planning
NASHVILLE,Nashville,T2,national_transfer_hub,DC,Washington,T1,service_stop,900,382,long-gap-review,6,2,I-65;I-75;I-70,NASHVILLE;LOUISVILLE;CINCINNATI;COLUMBUS;PENNSYLVANIA;DC,T1,20.2,17.1,24h overnight,18.6,12.9,4.3,not-time-competitive,freight-rail-wins-bulk-road-wins-express,heuristic-planning
NASHVILLE,Nashville,T2,national_transfer_hub,RIC,Richmond,T1,national_transfer_hub,1014,382,long-gap-review,7,3,I-65;I-75;I-70;I-95,NASHVILLE;LOUISVILLE;CINCINNATI;COLUMBUS;PENNSYLVANIA;DC;RIC,T1,23.0,19.5,24h overnight,21.0,14.6,4.5,not-time-competitive,freight-rail-wins-bulk-road-wins-express,heuristic-planning
NASHVILLE,Nashville,T2,national_transfer_hub,BEN,Benson,T1,transfer_hub,1452,382,long-gap-review,9,4,I-65;I-75;I-70;I-95;I-40,NASHVILLE;LOUISVILLE;CINCINNATI;COLUMBUS;PENNSYLVANIA;DC;RIC;FLO;BEN,T1,32.9,27.8,36h next-day,29.3,20.7,5.4,not-time-competitive,freight-rail-wins-bulk-road-wins-express,heuristic-planning
NASHVILLE,Nashville,T2,national_transfer_hub,GREENVILLE,Greenville,T2,service_stop,541,215,sla-stop-rhythm-ok,4,2,I-65;I-20;I-85,NASHVILLE;BHM_APPROACH;ATL;GREENVILLE,T1,12.4,10.5,12h half-day,12.0,8.1,3.6,not-time-competitive,corridor-specific-rail-check-needed,heuristic-planning
NASHVILLE,Nashville,T2,national_transfer_hub,GREENSBORO,Greensboro,T2,service_stop,747,215,sla-stop-rhythm-ok,6,2,I-65;I-20;I-85,NASHVILLE;BHM_APPROACH;ATL;GREENVILLE;CLT;GREENSBORO,T1,16.9,14.3,24h overnight,15.8,10.9,4.0,not-time-competitive,freight-rail-wins-bulk-road-wins-express,heuristic-planning
NASHVILLE,Nashville,T2,national_transfer_hub,MOBILE,Mobile,T2,service_stop,461,246,sla-stop-rhythm-ok,3,0,I-65,NASHVILLE;BHM_APPROACH;MOBILE,T2,9.9,8.4,12h half-day,9.9,6.7,3.4,not-time-competitive,rail-often-absent-road-flexibility-case,heuristic-planning
NASHVILLE,Nashville,T2,national_transfer_hub,LOUISVILLE,Louisville,T2,national_transfer_hub,181,181,sla-stop-rhythm-ok,2,0,I-65,NASHVILLE;LOUISVILLE,T2,3.8,3.3,6h local,4.8,2.9,2.9,near-competitive-short-haul,rail-often-absent-road-flexibility-case,heuristic-planning
NASHVILLE,Nashville,T1,national_transfer_hub,LITTLE_ROCK,Little Rock,T2,national_transfer_hub,385,232,sla-stop-rhythm-ok,3,1,I-40;I-30,NASHVILLE;MEM;LITTLE_ROCK,T1,8.6,7.3,12h half-day,8.8,5.8,3.3,not-time-competitive,corridor-specific-rail-check-needed,heuristic-planning
NASHVILLE,Nashville,T1,national_transfer_hub,LAS_VEGAS,Las Vegas,T2,service_stop,3634,1337,needs-intermediate-stops,10,6,I-40;I-30;US70;I-10;I-5;I-80;I-15,NASHVILLE;MEM;LITTLE_ROCK;PHX;LA;CENTRAL_VALLEY;SAC;RENO;SLC;LAS_VEGAS,T1,80.1,68.1,72h three-day,69.7,50.2,9.8,not-time-competitive,freight-rail-wins-bulk-road-wins-express,heuristic-planning
NASHVILLE,Nashville,T1,national_transfer_hub,DEN,Denver,T1,national_transfer_hub,3644,1337,needs-intermediate-stops,10,6,I-40;I-30;US70;I-10;I-5;I-80;I-70,NASHVILLE;MEM;LITTLE_ROCK;PHX;LA;CENTRAL_VALLEY;SAC;RENO;SLC;DEN,T1,80.3,68.2,72h three-day,69.9,50.3,9.8,not-time-competitive,freight-rail-wins-bulk-road-wins-express,heuristic-planning
NASHVILLE,Nashville,T2,national_transfer_hub,CAPITAL_BELTWAY_N,Capital North,T2,service_stop,911,382,long-gap-review,7,3,I-65;I-75;I-70;I-495,NASHVILLE;LOUISVILLE;CINCINNATI;COLUMBUS;PENNSYLVANIA;DC;CAPITAL_BELTWAY_N,T1,20.8,17.6,24h overnight,19.1,13.2,4.3,not-time-competitive,freight-rail-wins-bulk-road-wins-express,heuristic-planning
NASHVILLE,Nashville,T2,national_transfer_hub,CAPITAL_BELTWAY_E,Capital East,T2,service_stop,922,382,long-gap-review,8,3,I-65;I-75;I-70;I-495,NASHVILLE;LOUISVILLE;CINCINNATI;COLUMBUS;PENNSYLVANIA;DC;CAPITAL_BELTWAY_S;CAPITAL_BELTWAY_E,T1,21.1,17.9,24h overnight,19.3,13.4,4.3,not-time-competitive,freight-rail-wins-bulk-road-wins-express,heuristic-planning
NASHVILLE,Nashville,T2,national_transfer_hub,CAPITAL_BELTWAY_S,Capital South,T2,service_stop,909,382,long-gap-review,7,3,I-65;I-75;I-70;I-495,NASHVILLE;LOUISVILLE;CINCINNATI;COLUMBUS;PENNSYLVANIA;DC;CAPITAL_BELTWAY_S,T1,20.8,17.6,24h overnight,19.1,13.2,4.3,not-time-competitive,freight-rail-wins-bulk-road-wins-express,heuristic-planning
NASHVILLE,Nashville,T1,national_transfer_hub,JOPLIN,Joplin,T2,service_stop,1315,374,long-gap-review,6,3,I-40;I-30;I-20;I-49,NASHVILLE;MEM;LITTLE_ROCK;DAL;SHV;JOPLIN,T1,29.3,24.9,36h next-day,26.5,18.6,5.1,not-time-competitive,freight-rail-wins-bulk-road-wins-express,heuristic-planning
NASHVILLE,Nashville,T2,national_transfer_hub,HAGERSTOWN,Hagerstown,T2,service_stop,861,382,long-gap-review,6,3,I-65;I-75;I-70;I-81,NASHVILLE;LOUISVILLE;CINCINNATI;COLUMBUS;PENNSYLVANIA;HAGERSTOWN,T1,19.7,16.6,24h overnight,18.2,12.6,4.2,not-time-competitive,freight-rail-wins-bulk-road-wins-express,heuristic-planning
NASHVILLE,Nashville,T2,national_transfer_hub,STL,St. Louis,T1,national_transfer_hub,875,272,long-gap-review,6,2,I-65;I-75;I-70,NASHVILLE;LOUISVILLE;CINCINNATI;COLUMBUS;INDY_APPROACH;STL,T1,19.6,16.7,24h overnight,18.1,12.6,4.3,not-time-competitive,freight-rail-wins-bulk-road-wins-express,heuristic-planning
NASHVILLE,Nashville,T2,national_transfer_hub,PITTSBURGH,Pittsburgh,T2,service_stop,982,382,long-gap-review,6,3,I-65;I-75;I-70;I-76,NASHVILLE;LOUISVILLE;CINCINNATI;COLUMBUS;PENNSYLVANIA;PITTSBURGH,T1,22.3,18.8,24h overnight,20.4,14.2,4.5,not-time-competitive,freight-rail-wins-bulk-road-wins-express,heuristic-planning
NASHVILLE,Nashville,T2,national_transfer_hub,PENNSYLVANIA,Harrisburg,T1,national_transfer_hub,788,382,long-gap-review,5,2,I-65;I-75;I-70,NASHVILLE;LOUISVILLE;CINCINNATI;COLUMBUS;PENNSYLVANIA,T1,17.7,15.0,24h overnight,16.5,11.4,4.1,not-time-competitive,freight-rail-wins-bulk-road-wins-express,heuristic-planning
NASHVILLE,Nashville,T2,national_transfer_hub,GULFPORT,Gulfport,T1,national_transfer_hub,540,246,sla-stop-rhythm-ok,4,1,I-65;I-10,NASHVILLE;BHM_APPROACH;MOBILE;GULFPORT,T1,12.0,10.2,12h half-day,11.7,7.9,3.6,not-time-competitive,corridor-specific-rail-check-needed,heuristic-planning
NASHVILLE,Nashville,T1,national_transfer_hub,CORPUS,Corpus Christi,T2,national_transfer_hub,1182,345,long-gap-review,6,3,I-40;I-30;I-35;I-37,NASHVILLE;MEM;LITTLE_ROCK;DAL;SAT;CORPUS,T1,26.5,22.5,24h overnight,24.0,16.9,4.9,not-time-competitive,freight-rail-wins-bulk-road-wins-express,heuristic-planning
KNX,Knoxville,T1,transfer_hub,ASHEVILLE,Asheville,T1,service_stop,95,95,sla-stop-rhythm-ok,2,0,I-40,KNX;ASHEVILLE,T1,2.0,1.7,6h local,3.2,1.8,2.7,time-competitive,corridor-specific-rail-check-needed,heuristic-planning
KNX,Knoxville,T1,transfer_hub,CLT,Charlotte,T2,national_transfer_hub,511,161,sla-stop-rhythm-ok,5,1,I-75;I-85,KNX;CHATTANOOGA;ATL;GREENVILLE;CLT,T1,11.5,9.7,12h half-day,11.1,7.5,3.5,not-time-competitive,corridor-specific-rail-check-needed,heuristic-planning
KNX,Knoxville,T1,transfer_hub,RALEIGH_APPROACH,Raleigh,T1,national_transfer_hub,664,161,sla-stop-rhythm-ok,6,2,I-75;I-85;I-40,KNX;CHATTANOOGA;ATL;GREENVILLE;CLT;RALEIGH_APPROACH,T1,15.1,12.8,24h overnight,14.3,9.8,3.8,not-time-competitive,corridor-specific-rail-check-needed,heuristic-planning
KNX,Knoxville,T1,transfer_hub,INDY_APPROACH,Indianapolis,T1,national_transfer_hub,575,259,long-gap-review,4,1,I-75;I-70,KNX;CINCINNATI;COLUMBUS;INDY_APPROACH,T1,12.7,10.8,12h half-day,12.3,8.4,3.7,not-time-competitive,corridor-specific-rail-check-needed,heuristic-planning
KNX,Knoxville,T1,transfer_hub,FORT_WAYNE,Fort Wayne,T1,service_stop,699,259,long-gap-review,5,2,I-75;I-70;I-69,KNX;CINCINNATI;COLUMBUS;INDY_APPROACH;FORT_WAYNE,T1,15.8,13.4,24h overnight,14.9,10.2,3.9,not-time-competitive,corridor-specific-rail-check-needed,heuristic-planning
KNX,Knoxville,T1,transfer_hub,TOL,Toledo,T1,national_transfer_hub,520,259,long-gap-review,4,0,I-75,KNX;CINCINNATI;COLUMBUS;TOL,T1,11.2,9.6,12h half-day,10.9,7.4,3.5,not-time-competitive,corridor-specific-rail-check-needed,heuristic-planning
KNX,Knoxville,T1,transfer_hub,COLUMBUS,Columbus,T1,national_transfer_hub,377,259,long-gap-review,3,0,I-75,KNX;CINCINNATI;COLUMBUS,T1,8.1,6.9,12h half-day,8.4,5.5,3.3,not-time-competitive,corridor-specific-rail-check-needed,heuristic-planning
KNX,Knoxville,T1,transfer_hub,CINCINNATI,Cincinnati,T1,national_transfer_hub,259,259,long-gap-review,2,0,I-75,KNX;CINCINNATI,T1,5.5,4.7,6h local,6.2,4.0,3.0,near-competitive-short-haul,corridor-specific-rail-check-needed,heuristic-planning
KNX,Knoxville,T1,transfer_hub,CHATTANOOGA,Chattanooga,T1,service_stop,118,118,sla-stop-rhythm-ok,2,0,I-75,KNX;CHATTANOOGA,T1,2.5,2.2,6h local,3.7,2.1,2.7,time-competitive,corridor-specific-rail-check-needed,heuristic-planning
KNX,Knoxville,T1,transfer_hub,MONTGOMERY,Montgomery,T2,service_stop,413,172,sla-stop-rhythm-ok,4,1,I-75;US80,KNX;CHATTANOOGA;ATL;MONTGOMERY,T1,9.3,7.9,12h half-day,9.4,6.2,3.3,not-time-competitive,corridor-specific-rail-check-needed,heuristic-planning
KNX,Knoxville,T1,transfer_hub,GAINESVILLE,Gainesville,T1,service_stop,605,364,long-gap-review,4,0,I-75,KNX;CHATTANOOGA;ATL;GAINESVILLE,T1,13.0,11.1,12h half-day,12.5,8.6,3.7,not-time-competitive,corridor-specific-rail-check-needed,heuristic-planning
KNX,Knoxville,T2,transfer_hub,RENO,Reno,T1,service_stop,2883,1337,needs-intermediate-stops,7,3,US70;I-10;I-5;I-80,KNX;LITTLE_ROCK;PHX;LA;CENTRAL_VALLEY;SAC;RENO,T1,62.8,53.5,72h three-day,55.0,39.5,8.3,not-time-competitive,freight-rail-wins-bulk-road-wins-express,heuristic-planning
KNX,Knoxville,T2,transfer_hub,SLC,Salt Lake,T1,national_transfer_hub,3387,1337,needs-intermediate-stops,8,3,US70;I-10;I-5;I-80,KNX;LITTLE_ROCK;PHX;LA;CENTRAL_VALLEY;SAC;RENO;SLC,T1,73.6,62.7,72h three-day,64.1,46.3,9.3,not-time-competitive,freight-rail-wins-bulk-road-wins-express,heuristic-planning
KNX,Knoxville,T2,transfer_hub,BOI,Boise,T2,national_transfer_hub,3729,1337,needs-intermediate-stops,8,3,US70;I-10;I-5;I-84,KNX;LITTLE_ROCK;PHX;LA;CENTRAL_VALLEY;SAC;POR;BOI,T1,80.9,68.9,72h three-day,70.3,50.8,10.0,not-time-competitive,freight-rail-wins-bulk-road-wins-express,heuristic-planning
KNX,Knoxville,T2,transfer_hub,LEWISTON,Lewiston,T2,service_stop,3866,1337,needs-intermediate-stops,10,4,US70;I-10;I-5;I-90;US95,KNX;LITTLE_ROCK;PHX;LA;CENTRAL_VALLEY;SAC;POR;SEA;SPK;LEWISTON,T1,84.3,71.8,72h three-day,73.2,52.9,10.2,not-time-competitive,freight-rail-wins-bulk-road-wins-express,heuristic-planning
KNX,Knoxville,T2,transfer_hub,CHEYENNE,Cheyenne,T1,service_stop,3823,1337,needs-intermediate-stops,9,3,US70;I-10;I-5;I-80,KNX;LITTLE_ROCK;PHX;LA;CENTRAL_VALLEY;SAC;RENO;SLC;CHEYENNE,T1,83.0,70.7,72h three-day,72.1,52.1,10.1,not-time-competitive,freight-rail-wins-bulk-road-wins-express,heuristic-planning
KNX,Knoxville,T2,transfer_hub,FARGO,Fargo,T2,service_stop,2923,974,needs-intermediate-stops,7,5,US70;I-30;US80;US83;I-90;I-29,KNX;LITTLE_ROCK;DAL;ABILENE;RAPID_CITY;MIN;FARGO,T1,64.3,54.7,72h three-day,56.4,40.5,8.3,not-time-competitive,freight-rail-wins-bulk-road-wins-express,heuristic-planning
KNX,Knoxville,T1,transfer_hub,NYC,New York,T2,transfer_hub,941,382,long-gap-review,5,2,I-75;I-70;I-81,KNX;CINCINNATI;COLUMBUS;PENNSYLVANIA;NYC,T1,21.0,17.8,24h overnight,19.3,13.4,4.4,not-time-competitive,freight-rail-wins-bulk-road-wins-express,heuristic-planning
KNX,Knoxville,T2,transfer_hub,SPK,Spokane,T1,service_stop,3763,1337,needs-intermediate-stops,9,3,US70;I-10;I-5;I-90,KNX;LITTLE_ROCK;PHX;LA;CENTRAL_VALLEY;SAC;POR;SEA;SPK,T1,81.7,69.6,72h three-day,71.0,51.3,10.0,not-time-competitive,freight-rail-wins-bulk-road-wins-express,heuristic-planning
KNX,Knoxville,T2,transfer_hub,BIL,Billings*,T1,national_transfer_hub,2422,974,needs-intermediate-stops,6,4,US70;I-30;US80;US83;I-90,KNX;LITTLE_ROCK;DAL;ABILENE;RAPID_CITY;BIL,T1,53.2,45.3,48h two-day,46.9,33.6,7.3,not-time-competitive,freight-rail-wins-bulk-road-wins-express,heuristic-planning
KNX,Knoxville,T2,transfer_hub,RAPID_CITY,Rapid City,T2,national_transfer_hub,2087,974,needs-intermediate-stops,5,3,US70;I-30;US80;US83,KNX;LITTLE_ROCK;DAL;ABILENE;RAPID_CITY,T2,45.7,38.9,48h two-day,40.5,28.9,6.7,not-time-competitive,freight-rail-wins-bulk-road-wins-express,heuristic-planning
KNX,Knoxville,T2,transfer_hub,MILWAUKEE,Milwaukee,T1,service_stop,3022,974,needs-intermediate-stops,7,4,US70;I-30;US80;US83;I-90,KNX;LITTLE_ROCK;DAL;ABILENE;RAPID_CITY;MIN;MILWAUKEE,T1,66.1,56.3,72h three-day,57.9,41.6,8.5,not-time-competitive,freight-rail-wins-bulk-road-wins-express,heuristic-planning
KNX,Knoxville,T1,transfer_hub,PHILADELPHIA,Philadelphia,T2,service_stop,869,382,long-gap-review,5,2,I-75;I-70;I-76,KNX;CINCINNATI;COLUMBUS;PENNSYLVANIA;PHILADELPHIA,T1,19.4,16.5,24h overnight,18.0,12.5,4.2,not-time-competitive,freight-rail-wins-bulk-road-wins-express,heuristic-planning
KNX,Knoxville,T1,transfer_hub,DC,Washington,T1,service_stop,871,382,long-gap-review,5,1,I-75;I-70,KNX;CINCINNATI;COLUMBUS;PENNSYLVANIA;DC,T1,19.1,16.3,24h overnight,17.7,12.3,4.2,not-time-competitive,freight-rail-wins-bulk-road-wins-express,heuristic-planning
KNX,Knoxville,T1,transfer_hub,RIC,Richmond,T1,national_transfer_hub,985,382,long-gap-review,6,2,I-75;I-70;I-95,KNX;CINCINNATI;COLUMBUS;PENNSYLVANIA;DC;RIC,T1,22.0,18.6,24h overnight,20.1,14.0,4.5,not-time-competitive,freight-rail-wins-bulk-road-wins-express,heuristic-planning
KNX,Knoxville,T1,transfer_hub,BEN,Benson,T1,transfer_hub,1424,382,long-gap-review,8,3,I-75;I-70;I-95;I-40,KNX;CINCINNATI;COLUMBUS;PENNSYLVANIA;DC;RIC;FLO;BEN,T1,31.8,27.0,36h next-day,28.4,20.1,5.3,not-time-competitive,freight-rail-wins-bulk-road-wins-express,heuristic-planning
KNX,Knoxville,T1,transfer_hub,GREENVILLE,Greenville,T2,service_stop,402,161,sla-stop-rhythm-ok,4,1,I-75;I-85,KNX;CHATTANOOGA;ATL;GREENVILLE,T1,9.1,7.7,12h half-day,9.2,6.1,3.3,not-time-competitive,corridor-specific-rail-check-needed,heuristic-planning
KNX,Knoxville,T1,transfer_hub,GREENSBORO,Greensboro,T2,service_stop,609,161,sla-stop-rhythm-ok,6,1,I-75;I-85,KNX;CHATTANOOGA;ATL;GREENVILLE;CLT;GREENSBORO,T1,13.6,11.6,12h half-day,12.9,8.8,3.7,not-time-competitive,corridor-specific-rail-check-needed,heuristic-planning
KNX,Knoxville,T2,transfer_hub,MOBILE,Mobile,T1,service_stop,1957,565,needs-intermediate-stops,9,5,US70;I-30;I-35;I-10;US90;I-10,KNX;LITTLE_ROCK;DAL;SAT;HOU;BEAUMONT;LAFAYETTE;GULFPORT;MOBILE,T1,43.9,37.3,48h two-day,38.8,27.6,6.4,not-time-competitive,freight-rail-wins-bulk-road-wins-express,heuristic-planning
KNX,Knoxville,T1,transfer_hub,LOUISVILLE,Louisville,T2,national_transfer_hub,366,259,long-gap-review,3,1,I-75;I-65,KNX;CINCINNATI;LOUISVILLE,T1,8.2,7.0,12h half-day,8.5,5.6,3.2,not-time-competitive,corridor-specific-rail-check-needed,heuristic-planning
KNX,Knoxville,T2,transfer_hub,LITTLE_ROCK,Little Rock,T2,national_transfer_hub,565,565,needs-intermediate-stops,2,0,US70,KNX;LITTLE_ROCK,T2,12.0,10.3,12h half-day,11.8,8.0,3.6,not-time-competitive,rail-often-absent-road-flexibility-case,heuristic-planning
KNX,Knoxville,T2,transfer_hub,LAS_VEGAS,Las Vegas,T2,service_stop,3815,1337,needs-intermediate-stops,9,4,US70;I-10;I-5;I-80;I-15,KNX;LITTLE_ROCK;PHX;LA;CENTRAL_VALLEY;SAC;RENO;SLC;LAS_VEGAS,T1,83.1,70.8,72h three-day,72.3,52.2,10.1,not-time-competitive,freight-rail-wins-bulk-road-wins-express,heuristic-planning
KNX,Knoxville,T2,transfer_hub,DEN,Denver,T1,national_transfer_hub,3824,1337,needs-intermediate-stops,9,4,US70;I-10;I-5;I-80;I-70,KNX;LITTLE_ROCK;PHX;LA;CENTRAL_VALLEY;SAC;RENO;SLC;DEN,T1,83.3,70.9,72h three-day,72.4,52.3,10.1,not-time-competitive,freight-rail-wins-bulk-road-wins-express,heuristic-planning
KNX,Knoxville,T1,transfer_hub,CAPITAL_BELTWAY_N,Capital North,T2,service_stop,882,382,long-gap-review,6,2,I-75;I-70;I-495,KNX;CINCINNATI;COLUMBUS;PENNSYLVANIA;DC;CAPITAL_BELTWAY_N,T1,19.8,16.8,24h overnight,18.2,12.7,4.3,not-time-competitive,freight-rail-wins-bulk-road-wins-express,heuristic-planning
KNX,Knoxville,T1,transfer_hub,CAPITAL_BELTWAY_E,Capital East,T2,service_stop,893,382,long-gap-review,7,2,I-75;I-70;I-495,KNX;CINCINNATI;COLUMBUS;PENNSYLVANIA;DC;CAPITAL_BELTWAY_S;CAPITAL_BELTWAY_E,T1,20.1,17.0,24h overnight,18.4,12.8,4.3,not-time-competitive,freight-rail-wins-bulk-road-wins-express,heuristic-planning
KNX,Knoxville,T1,transfer_hub,CAPITAL_BELTWAY_S,Capital South,T2,service_stop,880,382,long-gap-review,6,2,I-75;I-70;I-495,KNX;CINCINNATI;COLUMBUS;PENNSYLVANIA;DC;CAPITAL_BELTWAY_S,T1,19.8,16.7,24h overnight,18.2,12.6,4.3,not-time-competitive,freight-rail-wins-bulk-road-wins-express,heuristic-planning
KNX,Knoxville,T2,transfer_hub,JOPLIN,Joplin,T2,service_stop,1495,565,needs-intermediate-stops,5,3,US70;I-30;I-20;I-49,KNX;LITTLE_ROCK;DAL;SHV;JOPLIN,T1,33.1,28.1,36h next-day,29.7,21.0,5.5,not-time-competitive,freight-rail-wins-bulk-road-wins-express,heuristic-planning
KNX,Knoxville,T2,transfer_hub,ROANOKE,Roanoke,T2,service_stop,281,281,long-gap-review,2,0,I-81,KNX;ROANOKE,T2,6.0,5.1,6h local,6.6,4.3,3.1,near-competitive-short-haul,rail-often-absent-road-flexibility-case,heuristic-planning
KNX,Knoxville,T1,transfer_hub,HAGERSTOWN,Hagerstown,T2,service_stop,833,382,long-gap-review,5,2,I-75;I-70;I-81,KNX;CINCINNATI;COLUMBUS;PENNSYLVANIA;HAGERSTOWN,T1,18.7,15.8,24h overnight,17.3,12.0,4.2,not-time-competitive,freight-rail-wins-bulk-road-wins-express,heuristic-planning
KNX,Knoxville,T1,transfer_hub,STL,St. Louis,T1,national_transfer_hub,847,272,long-gap-review,5,1,I-75;I-70,KNX;CINCINNATI;COLUMBUS;INDY_APPROACH;STL,T1,18.6,15.8,24h overnight,17.2,12.0,4.2,not-time-competitive,freight-rail-wins-bulk-road-wins-express,heuristic-planning
KNX,Knoxville,T1,transfer_hub,PITTSBURGH,Pittsburgh,T2,service_stop,954,382,long-gap-review,5,2,I-75;I-70;I-76,KNX;CINCINNATI;COLUMBUS;PENNSYLVANIA;PITTSBURGH,T1,21.2,18.0,24h overnight,19.5,13.6,4.4,not-time-competitive,freight-rail-wins-bulk-road-wins-express,heuristic-planning
KNX,Knoxville,T1,transfer_hub,PENNSYLVANIA,Harrisburg,T1,national_transfer_hub,759,382,long-gap-review,4,1,I-75;I-70,KNX;CINCINNATI;COLUMBUS;PENNSYLVANIA,T1,16.7,14.2,24h overnight,15.7,10.8,4.0,not-time-competitive,freight-rail-wins-bulk-road-wins-express,heuristic-planning
KNX,Knoxville,T2,transfer_hub,GULFPORT,Gulfport,T2,national_transfer_hub,1879,565,needs-intermediate-stops,8,4,US70;I-30;I-35;I-10;US90,KNX;LITTLE_ROCK;DAL;SAT;HOU;BEAUMONT;LAFAYETTE;GULFPORT,T1,41.9,35.5,36h next-day,37.1,26.3,6.3,not-time-competitive,freight-rail-wins-bulk-road-wins-express,heuristic-planning
KNX,Knoxville,T2,transfer_hub,CORPUS,Corpus Christi,T2,national_transfer_hub,1362,565,needs-intermediate-stops,5,3,US70;I-30;I-35;I-37,KNX;LITTLE_ROCK;DAL;SAT;CORPUS,T1,30.3,25.7,36h next-day,27.3,19.3,5.2,not-time-competitive,freight-rail-wins-bulk-road-wins-express,heuristic-planning
ASHEVILLE,Asheville,T1,service_stop,CLT,Charlotte,T1,national_transfer_hub,118,118,sla-stop-rhythm-ok,2,0,I-40,ASHEVILLE;CLT,T1,2.5,2.1,6h local,3.6,2.1,2.7,time-competitive,corridor-specific-rail-check-needed,heuristic-planning
ASHEVILLE,Asheville,T1,service_stop,RALEIGH_APPROACH,Raleigh,T1,national_transfer_hub,270,153,sla-stop-rhythm-ok,3,0,I-40,ASHEVILLE;CLT;RALEIGH_APPROACH,T1,5.8,5.0,6h local,6.4,4.1,3.0,near-competitive-short-haul,corridor-specific-rail-check-needed,heuristic-planning
ASHEVILLE,Asheville,T1,service_stop,INDY_APPROACH,Indianapolis,T1,national_transfer_hub,1371,215,sla-stop-rhythm-ok,10,5,I-40;I-85;I-20;I-65;I-75;I-70,ASHEVILLE;CLT;GREENVILLE;ATL;BHM_APPROACH;NASHVILLE;LOUISVILLE;CINCINNATI;COLUMBUS;INDY_APPROACH,T1,31.6,26.7,36h next-day,28.2,19.8,5.2,not-time-competitive,freight-rail-wins-bulk-road-wins-express,heuristic-planning
ASHEVILLE,Asheville,T1,service_stop,FORT_WAYNE,Fort Wayne,T1,service_stop,1495,215,sla-stop-rhythm-ok,11,6,I-40;I-85;I-20;I-65;I-75;I-70;I-69,ASHEVILLE;CLT;GREENVILLE;ATL;BHM_APPROACH;NASHVILLE;LOUISVILLE;CINCINNATI;COLUMBUS;INDY_APPROACH;FORT_WAYNE,T1,34.6,29.2,36h next-day,30.8,21.6,5.5,not-time-competitive,freight-rail-wins-bulk-road-wins-express,heuristic-planning
ASHEVILLE,Asheville,T1,service_stop,CHI_APPROACH,South Bend,T1,service_stop,2545,365,long-gap-review,13,7,I-40;I-85;I-20;I-22;I-30;I-35;I-80;I-69,ASHEVILLE;CLT;GREENVILLE;ATL;BHM_APPROACH;MEM;LITTLE_ROCK;DAL;OKC;KC;DSM;CHI;CHI_APPROACH,T1,57.5,48.7,72h three-day,50.2,35.8,7.6,not-time-competitive,freight-rail-wins-bulk-road-wins-express,heuristic-planning
ASHEVILLE,Asheville,T1,service_stop,CHI,Chicago,T1,national_transfer_hub,2460,365,long-gap-review,12,6,I-40;I-85;I-20;I-22;I-30;I-35;I-80,ASHEVILLE;CLT;GREENVILLE;ATL;BHM_APPROACH;MEM;LITTLE_ROCK;DAL;OKC;KC;DSM;CHI,T1,55.2,46.8,48h two-day,48.3,34.5,7.4,not-time-competitive,freight-rail-wins-bulk-road-wins-express,heuristic-planning
ASHEVILLE,Asheville,T1,service_stop,TOL,Toledo,T1,national_transfer_hub,1316,215,sla-stop-rhythm-ok,10,4,I-40;I-85;I-20;I-65;I-75,ASHEVILLE;CLT;GREENVILLE;ATL;BHM_APPROACH;NASHVILLE;LOUISVILLE;CINCINNATI;COLUMBUS;TOL,T1,30.0,25.4,36h next-day,26.8,18.8,5.1,not-time-competitive,freight-rail-wins-bulk-road-wins-express,heuristic-planning
ASHEVILLE,Asheville,T1,service_stop,COLUMBUS,Columbus,T1,national_transfer_hub,1173,215,sla-stop-rhythm-ok,9,4,I-40;I-85;I-20;I-65;I-75,ASHEVILLE;CLT;GREENVILLE;ATL;BHM_APPROACH;NASHVILLE;LOUISVILLE;CINCINNATI;COLUMBUS,T1,26.9,22.7,24h overnight,24.2,16.9,4.8,not-time-competitive,freight-rail-wins-bulk-road-wins-express,heuristic-planning
ASHEVILLE,Asheville,T1,service_stop,CINCINNATI,Cincinnati,T2,national_transfer_hub,1055,215,sla-stop-rhythm-ok,8,3,I-40;I-85;I-20;I-65,ASHEVILLE;CLT;GREENVILLE;ATL;BHM_APPROACH;NASHVILLE;LOUISVILLE;CINCINNATI,T1,24.0,20.3,24h overnight,21.7,15.2,4.6,not-time-competitive,freight-rail-wins-bulk-road-wins-express,heuristic-planning
ASHEVILLE,Asheville,T1,service_stop,CHATTANOOGA,Chattanooga,T1,service_stop,510,161,sla-stop-rhythm-ok,5,2,I-40;I-85;I-75,ASHEVILLE;CLT;GREENVILLE;ATL;CHATTANOOGA,T1,11.8,10.0,12h half-day,11.5,7.7,3.5,not-time-competitive,corridor-specific-rail-check-needed,heuristic-planning
ASHEVILLE,Asheville,T1,service_stop,MONTGOMERY,Montgomery,T2,service_stop,559,172,sla-stop-rhythm-ok,5,2,I-40;I-85;US80,ASHEVILLE;CLT;GREENVILLE;ATL;MONTGOMERY,T1,12.8,10.8,12h half-day,12.4,8.4,3.6,not-time-competitive,corridor-specific-rail-check-needed,heuristic-planning
ASHEVILLE,Asheville,T1,service_stop,GAINESVILLE,Gainesville,T1,service_stop,751,364,long-gap-review,5,2,I-40;I-85;I-75,ASHEVILLE;CLT;GREENVILLE;ATL;GAINESVILLE,T1,16.9,14.3,24h overnight,15.9,10.9,4.0,not-time-competitive,freight-rail-wins-bulk-road-wins-express,heuristic-planning
ASHEVILLE,Asheville,T1,service_stop,RENO,Reno,T1,service_stop,3280,1337,needs-intermediate-stops,12,8,I-40;I-85;I-20;I-22;I-30;US70;I-10;I-5;I-80,ASHEVILLE;CLT;GREENVILLE;ATL;BHM_APPROACH;MEM;LITTLE_ROCK;PHX;LA;CENTRAL_VALLEY;SAC;RENO,T1,73.4,62.2,72h three-day,63.9,45.8,9.1,not-time-competitive,freight-rail-wins-bulk-road-wins-express,heuristic-planning
ASHEVILLE,Asheville,T1,service_stop,SLC,Salt Lake,T1,national_transfer_hub,2978,657,needs-intermediate-stops,12,6,I-40;I-85;I-20;I-22;I-30;I-35;I-70,ASHEVILLE;CLT;GREENVILLE;ATL;BHM_APPROACH;MEM;LITTLE_ROCK;DAL;OKC;KC;DEN;SLC,T1,66.3,56.2,72h three-day,57.7,41.4,8.5,not-time-competitive,freight-rail-wins-bulk-road-wins-express,heuristic-planning
ASHEVILLE,Asheville,T1,service_stop,BOI,Boise,T2,national_transfer_hub,4125,1337,needs-intermediate-stops,13,8,I-40;I-85;I-20;I-22;I-30;US70;I-10;I-5;I-84,ASHEVILLE;CLT;GREENVILLE;ATL;BHM_APPROACH;MEM;LITTLE_ROCK;PHX;LA;CENTRAL_VALLEY;SAC;POR;BOI,T1,91.4,77.7,>72h source-gated,79.3,57.1,10.8,not-time-competitive,freight-rail-wins-bulk-road-wins-express,heuristic-planning
ASHEVILLE,Asheville,T1,service_stop,LEWISTON,Lewiston,T2,service_stop,4263,1337,needs-intermediate-stops,15,9,I-40;I-85;I-20;I-22;I-30;US70;I-10;I-5;I-90;US95,ASHEVILLE;CLT;GREENVILLE;ATL;BHM_APPROACH;MEM;LITTLE_ROCK;PHX;LA;CENTRAL_VALLEY;SAC;POR;SEA;SPK;LEWISTON,T1,94.9,80.5,>72h source-gated,82.2,59.1,11.0,not-time-competitive,freight-rail-wins-bulk-road-wins-express,heuristic-planning
ASHEVILLE,Asheville,T1,service_stop,CHEYENNE,Cheyenne,T2,service_stop,2655,657,needs-intermediate-stops,12,7,I-40;I-85;I-20;I-22;I-30;I-35;I-70;I-25,ASHEVILLE;CLT;GREENVILLE;ATL;BHM_APPROACH;MEM;LITTLE_ROCK;DAL;OKC;KC;DEN;CHEYENNE,T1,59.7,50.6,72h three-day,52.2,37.3,7.8,not-time-competitive,freight-rail-wins-bulk-road-wins-express,heuristic-planning
ASHEVILLE,Asheville,T1,service_stop,OMAHA,Omaha,T1,national_transfer_hub,2239,352,long-gap-review,12,6,I-40;I-85;I-20;I-22;I-30;I-35;I-80,ASHEVILLE;CLT;GREENVILLE;ATL;BHM_APPROACH;MEM;LITTLE_ROCK;DAL;OKC;KC;DSM;OMAHA,T1,50.5,42.8,48h two-day,44.3,31.5,7.0,not-time-competitive,freight-rail-wins-bulk-road-wins-express,heuristic-planning
ASHEVILLE,Asheville,T1,service_stop,FARGO,Fargo,T2,service_stop,2700,461,needs-intermediate-stops,13,7,I-40;I-85;I-20;I-22;I-30;I-35;I-80;I-29,ASHEVILLE;CLT;GREENVILLE;ATL;BHM_APPROACH;MEM;LITTLE_ROCK;DAL;OKC;KC;DSM;OMAHA;FARGO,T1,60.8,51.5,72h three-day,53.0,37.9,7.9,not-time-competitive,freight-rail-wins-bulk-road-wins-express,heuristic-planning
ASHEVILLE,Asheville,T1,service_stop,NYC,New York,T2,transfer_hub,1737,382,long-gap-review,11,6,I-40;I-85;I-20;I-65;I-75;I-70;I-81,ASHEVILLE;CLT;GREENVILLE;ATL;BHM_APPROACH;NASHVILLE;LOUISVILLE;CINCINNATI;COLUMBUS;PENNSYLVANIA;NYC,T1,39.8,33.6,36h next-day,35.2,24.9,6.0,not-time-competitive,freight-rail-wins-bulk-road-wins-express,heuristic-planning
ASHEVILLE,Asheville,T1,service_stop,SPK,Spokane,T1,service_stop,4159,1337,needs-intermediate-stops,14,8,I-40;I-85;I-20;I-22;I-30;US70;I-10;I-5;I-90,ASHEVILLE;CLT;GREENVILLE;ATL;BHM_APPROACH;MEM;LITTLE_ROCK;PHX;LA;CENTRAL_VALLEY;SAC;POR;SEA;SPK,T1,92.3,78.3,>72h source-gated,79.9,57.6,10.8,not-time-competitive,freight-rail-wins-bulk-road-wins-express,heuristic-planning
ASHEVILLE,Asheville,T1,service_stop,BIL,Billings*,T1,national_transfer_hub,2818,974,needs-intermediate-stops,11,7,I-40;I-85;I-20;I-22;I-30;US80;US83;I-90,ASHEVILLE;CLT;GREENVILLE;ATL;BHM_APPROACH;MEM;LITTLE_ROCK;DAL;ABILENE;RAPID_CITY;BIL,T1,63.1,53.5,72h three-day,55.2,39.5,8.1,not-time-competitive,freight-rail-wins-bulk-road-wins-express,heuristic-planning
ASHEVILLE,Asheville,T1,service_stop,RAPID_CITY,Rapid City,T2,national_transfer_hub,2484,974,needs-intermediate-stops,10,6,I-40;I-85;I-20;I-22;I-30;US80;US83,ASHEVILLE;CLT;GREENVILLE;ATL;BHM_APPROACH;MEM;LITTLE_ROCK;DAL;ABILENE;RAPID_CITY,T1,55.6,47.1,48h two-day,48.8,34.8,7.5,not-time-competitive,freight-rail-wins-bulk-road-wins-express,heuristic-planning
ASHEVILLE,Asheville,T1,service_stop,MILWAUKEE,Milwaukee,T1,service_stop,2557,365,long-gap-review,14,7,I-40;I-85;I-20;I-22;I-30;I-35;I-80;I-90,ASHEVILLE;CLT;GREENVILLE;ATL;BHM_APPROACH;MEM;LITTLE_ROCK;DAL;OKC;KC;DSM;CHI;CHI_NORTH;MILWAUKEE,T1,57.8,49.0,72h three-day,50.4,36.0,7.6,not-time-competitive,freight-rail-wins-bulk-road-wins-express,heuristic-planning
ASHEVILLE,Asheville,T1,service_stop,CHI_NORTH,North Chicago,T1,service_stop,2474,365,long-gap-review,13,7,I-40;I-85;I-20;I-22;I-30;I-35;I-80;I-90,ASHEVILLE;CLT;GREENVILLE;ATL;BHM_APPROACH;MEM;LITTLE_ROCK;DAL;OKC;KC;DSM;CHI;CHI_NORTH,T1,56.0,47.4,48h two-day,48.9,34.9,7.4,not-time-competitive,freight-rail-wins-bulk-road-wins-express,heuristic-planning
ASHEVILLE,Asheville,T1,service_stop,PHILADELPHIA,Philadelphia,T2,service_stop,1665,382,long-gap-review,11,6,I-40;I-85;I-20;I-65;I-75;I-70;I-76,ASHEVILLE;CLT;GREENVILLE;ATL;BHM_APPROACH;NASHVILLE;LOUISVILLE;CINCINNATI;COLUMBUS;PENNSYLVANIA;PHILADELPHIA,T1,38.2,32.3,36h next-day,33.9,23.9,5.8,not-time-competitive,freight-rail-wins-bulk-road-wins-express,heuristic-planning
ASHEVILLE,Asheville,T1,service_stop,DC,Washington,T1,service_stop,1667,382,long-gap-review,11,5,I-40;I-85;I-20;I-65;I-75;I-70,ASHEVILLE;CLT;GREENVILLE;ATL;BHM_APPROACH;NASHVILLE;LOUISVILLE;CINCINNATI;COLUMBUS;PENNSYLVANIA;DC,T1,37.9,32.1,36h next-day,33.6,23.7,5.8,not-time-competitive,freight-rail-wins-bulk-road-wins-express,heuristic-planning
ASHEVILLE,Asheville,T1,service_stop,RIC,Richmond,T1,national_transfer_hub,1781,382,long-gap-review,12,6,I-40;I-85;I-20;I-65;I-75;I-70;I-95,ASHEVILLE;CLT;GREENVILLE;ATL;BHM_APPROACH;NASHVILLE;LOUISVILLE;CINCINNATI;COLUMBUS;PENNSYLVANIA;DC;RIC,T1,40.8,34.5,36h next-day,36.0,25.4,6.1,not-time-competitive,freight-rail-wins-bulk-road-wins-express,heuristic-planning
ASHEVILLE,Asheville,T1,service_stop,BEN,Benson,T1,transfer_hub,2220,382,long-gap-review,14,7,I-40;I-85;I-20;I-65;I-75;I-70;I-95;I-40,ASHEVILLE;CLT;GREENVILLE;ATL;BHM_APPROACH;NASHVILLE;LOUISVILLE;CINCINNATI;COLUMBUS;PENNSYLVANIA;DC;RIC;FLO;BEN,T1,50.6,42.8,48h two-day,44.3,31.5,6.9,not-time-competitive,freight-rail-wins-bulk-road-wins-express,heuristic-planning
ASHEVILLE,Asheville,T1,service_stop,GREENVILLE,Greenville,T2,service_stop,226,118,sla-stop-rhythm-ok,3,1,I-40;I-85,ASHEVILLE;CLT;GREENVILLE,T1,5.2,4.4,6h local,6.0,3.7,3.0,near-competitive-short-haul,corridor-specific-rail-check-needed,heuristic-planning
ASHEVILLE,Asheville,T1,service_stop,GREENSBORO,Greensboro,T2,service_stop,215,118,sla-stop-rhythm-ok,3,1,I-40;I-85,ASHEVILLE;CLT;GREENSBORO,T1,5.0,4.2,6h local,5.8,3.6,2.9,near-competitive-short-haul,corridor-specific-rail-check-needed,heuristic-planning
ASHEVILLE,Asheville,T1,service_stop,MOBILE,Mobile,T2,service_stop,798,246,sla-stop-rhythm-ok,6,3,I-40;I-85;I-20;I-65,ASHEVILLE;CLT;GREENVILLE;ATL;BHM_APPROACH;MOBILE,T1,18.4,15.5,24h overnight,17.1,11.7,4.1,not-time-competitive,freight-rail-wins-bulk-road-wins-express,heuristic-planning
ASHEVILLE,Asheville,T1,service_stop,LOUISVILLE,Louisville,T2,national_transfer_hub,948,215,sla-stop-rhythm-ok,7,3,I-40;I-85;I-20;I-65,ASHEVILLE;CLT;GREENVILLE;ATL;BHM_APPROACH;NASHVILLE;LOUISVILLE,T1,21.6,18.3,24h overnight,19.8,13.7,4.4,not-time-competitive,freight-rail-wins-bulk-road-wins-express,heuristic-planning
ASHEVILLE,Asheville,T1,service_stop,LITTLE_ROCK,Little Rock,T2,national_transfer_hub,961,256,long-gap-review,7,4,I-40;I-85;I-20;I-22;I-30,ASHEVILLE;CLT;GREENVILLE;ATL;BHM_APPROACH;MEM;LITTLE_ROCK,T1,22.3,18.8,24h overnight,20.4,14.1,4.4,not-time-competitive,freight-rail-wins-bulk-road-wins-express,heuristic-planning
ASHEVILLE,Asheville,T1,service_stop,DEN,Denver,T1,national_transfer_hub,2541,657,needs-intermediate-stops,11,6,I-40;I-85;I-20;I-22;I-30;I-35;I-70,ASHEVILLE;CLT;GREENVILLE;ATL;BHM_APPROACH;MEM;LITTLE_ROCK;DAL;OKC;KC;DEN,T1,56.9,48.2,72h three-day,49.8,35.6,7.6,not-time-competitive,freight-rail-wins-bulk-road-wins-express,heuristic-planning
ASHEVILLE,Asheville,T1,service_stop,COLORADO_SPRINGS,Colorado Springs,T2,service_stop,2616,657,needs-intermediate-stops,12,7,I-40;I-85;I-20;I-22;I-30;I-35;I-70;I-25,ASHEVILLE;CLT;GREENVILLE;ATL;BHM_APPROACH;MEM;LITTLE_ROCK;DAL;OKC;KC;DEN;COLORADO_SPRINGS,T1,58.9,49.9,72h three-day,51.5,36.8,7.7,not-time-competitive,freight-rail-wins-bulk-road-wins-express,heuristic-planning
ASHEVILLE,Asheville,T1,service_stop,CAPITAL_BELTWAY_N,Capital North,T2,service_stop,1678,382,long-gap-review,12,6,I-40;I-85;I-20;I-65;I-75;I-70;I-495,ASHEVILLE;CLT;GREENVILLE;ATL;BHM_APPROACH;NASHVILLE;LOUISVILLE;CINCINNATI;COLUMBUS;PENNSYLVANIA;DC;CAPITAL_BELTWAY_N,T1,38.6,32.6,36h next-day,34.1,24.1,5.9,not-time-competitive,freight-rail-wins-bulk-road-wins-express,heuristic-planning
ASHEVILLE,Asheville,T1,service_stop,CAPITAL_BELTWAY_E,Capital East,T2,service_stop,1689,382,long-gap-review,13,6,I-40;I-85;I-20;I-65;I-75;I-70;I-495,ASHEVILLE;CLT;GREENVILLE;ATL;BHM_APPROACH;NASHVILLE;LOUISVILLE;CINCINNATI;COLUMBUS;PENNSYLVANIA;DC;CAPITAL_BELTWAY_S;CAPITAL_BELTWAY_E,T1,38.9,32.9,36h next-day,34.3,24.2,5.9,not-time-competitive,freight-rail-wins-bulk-road-wins-express,heuristic-planning
ASHEVILLE,Asheville,T1,service_stop,CAPITAL_BELTWAY_S,Capital South,T2,service_stop,1676,382,long-gap-review,12,6,I-40;I-85;I-20;I-65;I-75;I-70;I-495,ASHEVILLE;CLT;GREENVILLE;ATL;BHM_APPROACH;NASHVILLE;LOUISVILLE;CINCINNATI;COLUMBUS;PENNSYLVANIA;DC;CAPITAL_BELTWAY_S,T1,38.6,32.6,36h next-day,34.1,24.1,5.9,not-time-competitive,freight-rail-wins-bulk-road-wins-express,heuristic-planning
ASHEVILLE,Asheville,T1,service_stop,JOPLIN,Joplin,T2,service_stop,1891,374,long-gap-review,10,6,I-40;I-85;I-20;I-22;I-30;I-20;I-49,ASHEVILLE;CLT;GREENVILLE;ATL;BHM_APPROACH;MEM;LITTLE_ROCK;DAL;SHV;JOPLIN,T1,43.0,36.4,48h two-day,38.0,26.9,6.3,not-time-competitive,freight-rail-wins-bulk-road-wins-express,heuristic-planning
ASHEVILLE,Asheville,T1,service_stop,HAGERSTOWN,Hagerstown,T2,service_stop,1629,382,long-gap-review,11,6,I-40;I-85;I-20;I-65;I-75;I-70;I-81,ASHEVILLE;CLT;GREENVILLE;ATL;BHM_APPROACH;NASHVILLE;LOUISVILLE;CINCINNATI;COLUMBUS;PENNSYLVANIA;HAGERSTOWN,T1,37.5,31.7,36h next-day,33.2,23.4,5.8,not-time-competitive,freight-rail-wins-bulk-road-wins-express,heuristic-planning
ASHEVILLE,Asheville,T1,service_stop,STL,St. Louis,T1,national_transfer_hub,1643,272,long-gap-review,11,5,I-40;I-85;I-20;I-65;I-75;I-70,ASHEVILLE;CLT;GREENVILLE;ATL;BHM_APPROACH;NASHVILLE;LOUISVILLE;CINCINNATI;COLUMBUS;INDY_APPROACH;STL,T1,37.4,31.7,36h next-day,33.1,23.4,5.8,not-time-competitive,freight-rail-wins-bulk-road-wins-express,heuristic-planning
ASHEVILLE,Asheville,T1,service_stop,PITTSBURGH,Pittsburgh,T2,service_stop,546,428,needs-intermediate-stops,3,1,I-40;I-77,ASHEVILLE;CLT;PITTSBURGH,T1,12.0,10.2,12h half-day,11.8,8.0,3.6,not-time-competitive,corridor-specific-rail-check-needed,heuristic-planning
ASHEVILLE,Asheville,T1,service_stop,PENNSYLVANIA,Harrisburg,T1,national_transfer_hub,1555,382,long-gap-review,10,5,I-40;I-85;I-20;I-65;I-75;I-70,ASHEVILLE;CLT;GREENVILLE;ATL;BHM_APPROACH;NASHVILLE;LOUISVILLE;CINCINNATI;COLUMBUS;PENNSYLVANIA,T1,35.5,30.0,36h next-day,31.5,22.2,5.6,not-time-competitive,freight-rail-wins-bulk-road-wins-express,heuristic-planning
ASHEVILLE,Asheville,T1,service_stop,GULFPORT,Gulfport,T1,national_transfer_hub,876,246,sla-stop-rhythm-ok,7,4,I-40;I-85;I-20;I-65;I-10,ASHEVILLE;CLT;GREENVILLE;ATL;BHM_APPROACH;MOBILE;GULFPORT,T1,20.4,17.2,24h overnight,18.8,13.0,4.3,not-time-competitive,freight-rail-wins-bulk-road-wins-express,heuristic-planning
ASHEVILLE,Asheville,T1,service_stop,CORPUS,Corpus Christi,T2,national_transfer_hub,1700,246,sla-stop-rhythm-ok,12,7,I-40;I-85;I-20;I-65;I-10;US90;I-10;I-37,ASHEVILLE;CLT;GREENVILLE;ATL;BHM_APPROACH;MOBILE;GULFPORT;LAFAYETTE;BEAUMONT;HOU;SAT;CORPUS,T1,39.4,33.3,36h next-day,34.9,24.6,5.9,not-time-competitive,freight-rail-wins-bulk-road-wins-express,heuristic-planning
CLT,Charlotte,T1,national_transfer_hub,RALEIGH_APPROACH,Raleigh,T1,national_transfer_hub,153,153,sla-stop-rhythm-ok,2,0,I-40,CLT;RALEIGH_APPROACH,T1,3.2,2.8,6h local,4.3,2.5,2.8,time-competitive,corridor-specific-rail-check-needed,heuristic-planning
CLT,Charlotte,T2,national_transfer_hub,INDY_APPROACH,Indianapolis,T1,national_transfer_hub,1254,215,sla-stop-rhythm-ok,9,4,I-85;I-20;I-65;I-75;I-70,CLT;GREENVILLE;ATL;BHM_APPROACH;NASHVILLE;LOUISVILLE;CINCINNATI;COLUMBUS;INDY_APPROACH,T1,28.6,24.2,36h next-day,25.7,18.0,5.0,not-time-competitive,freight-rail-wins-bulk-road-wins-express,heuristic-planning
CLT,Charlotte,T2,national_transfer_hub,FORT_WAYNE,Fort Wayne,T1,service_stop,1378,215,sla-stop-rhythm-ok,10,5,I-85;I-20;I-65;I-75;I-70;I-69,CLT;GREENVILLE;ATL;BHM_APPROACH;NASHVILLE;LOUISVILLE;CINCINNATI;COLUMBUS;INDY_APPROACH;FORT_WAYNE,T1,31.7,26.8,36h next-day,28.3,19.9,5.3,not-time-competitive,freight-rail-wins-bulk-road-wins-express,heuristic-planning
CLT,Charlotte,T2,national_transfer_hub,CHI_APPROACH,South Bend,T1,service_stop,2428,365,long-gap-review,12,6,I-85;I-20;I-22;I-30;I-35;I-80;I-69,CLT;GREENVILLE;ATL;BHM_APPROACH;MEM;LITTLE_ROCK;DAL;OKC;KC;DSM;CHI;CHI_APPROACH,T1,54.6,46.2,48h two-day,47.7,34.1,7.4,not-time-competitive,freight-rail-wins-bulk-road-wins-express,heuristic-planning
CLT,Charlotte,T2,national_transfer_hub,CHI,Chicago,T1,national_transfer_hub,2342,365,long-gap-review,11,5,I-85;I-20;I-22;I-30;I-35;I-80,CLT;GREENVILLE;ATL;BHM_APPROACH;MEM;LITTLE_ROCK;DAL;OKC;KC;DSM;CHI,T1,52.3,44.4,48h two-day,45.8,32.7,7.2,not-time-competitive,freight-rail-wins-bulk-road-wins-express,heuristic-planning
CLT,Charlotte,T2,national_transfer_hub,TOL,Toledo,T1,national_transfer_hub,1198,215,sla-stop-rhythm-ok,9,3,I-85;I-20;I-65;I-75,CLT;GREENVILLE;ATL;BHM_APPROACH;NASHVILLE;LOUISVILLE;CINCINNATI;COLUMBUS;TOL,T1,27.1,23.0,24h overnight,24.3,17.1,4.9,not-time-competitive,freight-rail-wins-bulk-road-wins-express,heuristic-planning
CLT,Charlotte,T2,national_transfer_hub,COLUMBUS,Columbus,T1,national_transfer_hub,1055,215,sla-stop-rhythm-ok,8,3,I-85;I-20;I-65;I-75,CLT;GREENVILLE;ATL;BHM_APPROACH;NASHVILLE;LOUISVILLE;CINCINNATI;COLUMBUS,T1,24.0,20.3,24h overnight,21.7,15.2,4.6,not-time-competitive,freight-rail-wins-bulk-road-wins-express,heuristic-planning
CLT,Charlotte,T2,national_transfer_hub,CINCINNATI,Cincinnati,T2,national_transfer_hub,937,215,sla-stop-rhythm-ok,7,2,I-85;I-20;I-65,CLT;GREENVILLE;ATL;BHM_APPROACH;NASHVILLE;LOUISVILLE;CINCINNATI,T1,21.0,17.8,24h overnight,19.2,13.4,4.4,not-time-competitive,freight-rail-wins-bulk-road-wins-express,heuristic-planning
CLT,Charlotte,T2,national_transfer_hub,CHATTANOOGA,Chattanooga,T1,service_stop,393,161,sla-stop-rhythm-ok,4,1,I-85;I-75,CLT;GREENVILLE;ATL;CHATTANOOGA,T1,8.9,7.5,12h half-day,9.0,5.9,3.3,not-time-competitive,corridor-specific-rail-check-needed,heuristic-planning
CLT,Charlotte,T2,national_transfer_hub,MONTGOMERY,Montgomery,T2,service_stop,442,172,sla-stop-rhythm-ok,4,1,I-85;US80,CLT;GREENVILLE;ATL;MONTGOMERY,T2,9.9,8.4,12h half-day,9.9,6.6,3.4,not-time-competitive,rail-often-absent-road-flexibility-case,heuristic-planning
CLT,Charlotte,T2,national_transfer_hub,GAINESVILLE,Gainesville,T1,service_stop,634,364,long-gap-review,4,1,I-85;I-75,CLT;GREENVILLE;ATL;GAINESVILLE,T1,14.0,11.9,12h half-day,13.4,9.1,3.8,not-time-competitive,corridor-specific-rail-check-needed,heuristic-planning
CLT,Charlotte,T2,national_transfer_hub,RENO,Reno,T1,service_stop,3162,1337,needs-intermediate-stops,11,7,I-85;I-20;I-22;I-30;US70;I-10;I-5;I-80,CLT;GREENVILLE;ATL;BHM_APPROACH;MEM;LITTLE_ROCK;PHX;LA;CENTRAL_VALLEY;SAC;RENO,T1,70.4,59.8,72h three-day,61.4,44.1,8.8,not-time-competitive,freight-rail-wins-bulk-road-wins-express,heuristic-planning
CLT,Charlotte,T2,national_transfer_hub,SLC,Salt Lake,T1,national_transfer_hub,2860,657,needs-intermediate-stops,11,5,I-85;I-20;I-22;I-30;I-35;I-70,CLT;GREENVILLE;ATL;BHM_APPROACH;MEM;LITTLE_ROCK;DAL;OKC;KC;DEN;SLC,T1,63.3,53.8,72h three-day,55.3,39.6,8.2,not-time-competitive,freight-rail-wins-bulk-road-wins-express,heuristic-planning
CLT,Charlotte,T2,national_transfer_hub,BOI,Boise,T2,national_transfer_hub,4008,1337,needs-intermediate-stops,12,7,I-85;I-20;I-22;I-30;US70;I-10;I-5;I-84,CLT;GREENVILLE;ATL;BHM_APPROACH;MEM;LITTLE_ROCK;PHX;LA;CENTRAL_VALLEY;SAC;POR;BOI,T1,88.5,75.2,>72h source-gated,76.8,55.3,10.5,not-time-competitive,freight-rail-wins-bulk-road-wins-express,heuristic-planning
CLT,Charlotte,T2,national_transfer_hub,LEWISTON,Lewiston,T2,service_stop,4145,1337,needs-intermediate-stops,14,8,I-85;I-20;I-22;I-30;US70;I-10;I-5;I-90;US95,CLT;GREENVILLE;ATL;BHM_APPROACH;MEM;LITTLE_ROCK;PHX;LA;CENTRAL_VALLEY;SAC;POR;SEA;SPK;LEWISTON,T1,92.0,78.1,>72h source-gated,79.7,57.4,10.8,not-time-competitive,freight-rail-wins-bulk-road-wins-express,heuristic-planning
CLT,Charlotte,T2,national_transfer_hub,CHEYENNE,Cheyenne,T2,service_stop,2538,657,needs-intermediate-stops,11,6,I-85;I-20;I-22;I-30;I-35;I-70;I-25,CLT;GREENVILLE;ATL;BHM_APPROACH;MEM;LITTLE_ROCK;DAL;OKC;KC;DEN;CHEYENNE,T1,56.8,48.2,72h three-day,49.7,35.5,7.6,not-time-competitive,freight-rail-wins-bulk-road-wins-express,heuristic-planning
CLT,Charlotte,T2,national_transfer_hub,OMAHA,Omaha,T1,national_transfer_hub,2121,352,long-gap-review,11,5,I-85;I-20;I-22;I-30;I-35;I-80,CLT;GREENVILLE;ATL;BHM_APPROACH;MEM;LITTLE_ROCK;DAL;OKC;KC;DSM;OMAHA,T1,47.6,40.4,48h two-day,41.8,29.8,6.7,not-time-competitive,freight-rail-wins-bulk-road-wins-express,heuristic-planning
CLT,Charlotte,T2,national_transfer_hub,FARGO,Fargo,T2,service_stop,2582,461,needs-intermediate-stops,12,6,I-85;I-20;I-22;I-30;I-35;I-80;I-29,CLT;GREENVILLE;ATL;BHM_APPROACH;MEM;LITTLE_ROCK;DAL;OKC;KC;DSM;OMAHA;FARGO,T1,57.8,49.0,72h three-day,50.5,36.1,7.7,not-time-competitive,freight-rail-wins-bulk-road-wins-express,heuristic-planning
CLT,Charlotte,T2,national_transfer_hub,NYC,New York,T2,transfer_hub,1619,382,long-gap-review,10,5,I-85;I-20;I-65;I-75;I-70;I-81,CLT;GREENVILLE;ATL;BHM_APPROACH;NASHVILLE;LOUISVILLE;CINCINNATI;COLUMBUS;PENNSYLVANIA;NYC,T1,36.8,31.2,36h next-day,32.7,23.1,5.7,not-time-competitive,freight-rail-wins-bulk-road-wins-express,heuristic-planning
CLT,Charlotte,T2,national_transfer_hub,SPK,Spokane,T1,service_stop,4041,1337,needs-intermediate-stops,13,7,I-85;I-20;I-22;I-30;US70;I-10;I-5;I-90,CLT;GREENVILLE;ATL;BHM_APPROACH;MEM;LITTLE_ROCK;PHX;LA;CENTRAL_VALLEY;SAC;POR;SEA;SPK,T1,89.3,75.9,>72h source-gated,77.4,55.8,10.6,not-time-competitive,freight-rail-wins-bulk-road-wins-express,heuristic-planning
CLT,Charlotte,T2,national_transfer_hub,BIL,Billings*,T1,national_transfer_hub,2700,974,needs-intermediate-stops,10,6,I-85;I-20;I-22;I-30;US80;US83;I-90,CLT;GREENVILLE;ATL;BHM_APPROACH;MEM;LITTLE_ROCK;DAL;ABILENE;RAPID_CITY;BIL,T1,60.2,51.1,72h three-day,52.7,37.7,7.9,not-time-competitive,freight-rail-wins-bulk-road-wins-express,heuristic-planning
CLT,Charlotte,T2,national_transfer_hub,RAPID_CITY,Rapid City,T2,national_transfer_hub,2366,974,needs-intermediate-stops,9,5,I-85;I-20;I-22;I-30;US80;US83,CLT;GREENVILLE;ATL;BHM_APPROACH;MEM;LITTLE_ROCK;DAL;ABILENE;RAPID_CITY,T1,52.7,44.7,48h two-day,46.3,33.0,7.2,not-time-competitive,freight-rail-wins-bulk-road-wins-express,heuristic-planning
CLT,Charlotte,T2,national_transfer_hub,MILWAUKEE,Milwaukee,T1,service_stop,2440,365,long-gap-review,13,6,I-85;I-20;I-22;I-30;I-35;I-80;I-90,CLT;GREENVILLE;ATL;BHM_APPROACH;MEM;LITTLE_ROCK;DAL;OKC;KC;DSM;CHI;CHI_NORTH;MILWAUKEE,T1,54.9,46.5,48h two-day,48.0,34.2,7.4,not-time-competitive,freight-rail-wins-bulk-road-wins-express,heuristic-planning
CLT,Charlotte,T2,national_transfer_hub,CHI_NORTH,North Chicago,T1,service_stop,2357,365,long-gap-review,12,6,I-85;I-20;I-22;I-30;I-35;I-80;I-90,CLT;GREENVILLE;ATL;BHM_APPROACH;MEM;LITTLE_ROCK;DAL;OKC;KC;DSM;CHI;CHI_NORTH,T1,53.0,44.9,48h two-day,46.4,33.1,7.2,not-time-competitive,freight-rail-wins-bulk-road-wins-express,heuristic-planning
CLT,Charlotte,T2,national_transfer_hub,PHILADELPHIA,Philadelphia,T2,service_stop,1547,382,long-gap-review,10,5,I-85;I-20;I-65;I-75;I-70;I-76,CLT;GREENVILLE;ATL;BHM_APPROACH;NASHVILLE;LOUISVILLE;CINCINNATI;COLUMBUS;PENNSYLVANIA;PHILADELPHIA,T1,35.3,29.9,36h next-day,31.4,22.1,5.6,not-time-competitive,freight-rail-wins-bulk-road-wins-express,heuristic-planning
CLT,Charlotte,T2,national_transfer_hub,DC,Washington,T1,service_stop,1550,382,long-gap-review,10,4,I-85;I-20;I-65;I-75;I-70,CLT;GREENVILLE;ATL;BHM_APPROACH;NASHVILLE;LOUISVILLE;CINCINNATI;COLUMBUS;PENNSYLVANIA;DC,T1,35.0,29.7,36h next-day,31.1,22.0,5.6,not-time-competitive,freight-rail-wins-bulk-road-wins-express,heuristic-planning
CLT,Charlotte,T2,national_transfer_hub,RIC,Richmond,T1,national_transfer_hub,1663,382,long-gap-review,11,5,I-85;I-20;I-65;I-75;I-70;I-95,CLT;GREENVILLE;ATL;BHM_APPROACH;NASHVILLE;LOUISVILLE;CINCINNATI;COLUMBUS;PENNSYLVANIA;DC;RIC,T1,37.9,32.0,36h next-day,33.5,23.7,5.8,not-time-competitive,freight-rail-wins-bulk-road-wins-express,heuristic-planning
CLT,Charlotte,T2,national_transfer_hub,BEN,Benson,T1,transfer_hub,2102,382,long-gap-review,13,6,I-85;I-20;I-65;I-75;I-70;I-95;I-40,CLT;GREENVILLE;ATL;BHM_APPROACH;NASHVILLE;LOUISVILLE;CINCINNATI;COLUMBUS;PENNSYLVANIA;DC;RIC;FLO;BEN,T1,47.7,40.4,48h two-day,41.8,29.7,6.7,not-time-competitive,freight-rail-wins-bulk-road-wins-express,heuristic-planning
CLT,Charlotte,T2,national_transfer_hub,GREENVILLE,Greenville,T2,service_stop,109,109,sla-stop-rhythm-ok,2,0,I-85,CLT;GREENVILLE,T2,2.3,2.0,6h local,3.5,1.9,2.7,time-competitive,rail-often-absent-road-flexibility-case,heuristic-planning
CLT,Charlotte,T2,national_transfer_hub,GREENSBORO,Greensboro,T2,service_stop,98,98,sla-stop-rhythm-ok,2,0,I-85,CLT;GREENSBORO,T2,2.1,1.8,6h local,3.3,1.8,2.7,time-competitive,rail-often-absent-road-flexibility-case,heuristic-planning
CLT,Charlotte,T2,national_transfer_hub,MOBILE,Mobile,T2,service_stop,681,246,sla-stop-rhythm-ok,5,2,I-85;I-20;I-65,CLT;GREENVILLE;ATL;BHM_APPROACH;MOBILE,T1,15.4,13.1,24h overnight,14.6,10.0,3.9,not-time-competitive,corridor-specific-rail-check-needed,heuristic-planning
CLT,Charlotte,T2,national_transfer_hub,LOUISVILLE,Louisville,T2,national_transfer_hub,831,215,sla-stop-rhythm-ok,6,2,I-85;I-20;I-65,CLT;GREENVILLE;ATL;BHM_APPROACH;NASHVILLE;LOUISVILLE,T1,18.7,15.8,24h overnight,17.3,12.0,4.2,not-time-competitive,freight-rail-wins-bulk-road-wins-express,heuristic-planning
CLT,Charlotte,T2,national_transfer_hub,LITTLE_ROCK,Little Rock,T2,national_transfer_hub,844,256,long-gap-review,6,3,I-85;I-20;I-22;I-30,CLT;GREENVILLE;ATL;BHM_APPROACH;MEM;LITTLE_ROCK,T1,19.3,16.3,24h overnight,17.9,12.3,4.2,not-time-competitive,freight-rail-wins-bulk-road-wins-express,heuristic-planning
CLT,Charlotte,T2,national_transfer_hub,DEN,Denver,T1,national_transfer_hub,2423,657,needs-intermediate-stops,10,5,I-85;I-20;I-22;I-30;I-35;I-70,CLT;GREENVILLE;ATL;BHM_APPROACH;MEM;LITTLE_ROCK;DAL;OKC;KC;DEN,T1,53.9,45.8,48h two-day,47.3,33.8,7.3,not-time-competitive,freight-rail-wins-bulk-road-wins-express,heuristic-planning
CLT,Charlotte,T2,national_transfer_hub,COLORADO_SPRINGS,Colorado Springs,T2,service_stop,2498,657,needs-intermediate-stops,11,6,I-85;I-20;I-22;I-30;I-35;I-70;I-25,CLT;GREENVILLE;ATL;BHM_APPROACH;MEM;LITTLE_ROCK;DAL;OKC;KC;DEN;COLORADO_SPRINGS,T1,56.0,47.5,48h two-day,49.0,35.0,7.5,not-time-competitive,freight-rail-wins-bulk-road-wins-express,heuristic-planning
CLT,Charlotte,T2,national_transfer_hub,CAPITAL_BELTWAY_N,Capital North,T2,service_stop,1561,382,long-gap-review,11,5,I-85;I-20;I-65;I-75;I-70;I-495,CLT;GREENVILLE;ATL;BHM_APPROACH;NASHVILLE;LOUISVILLE;CINCINNATI;COLUMBUS;PENNSYLVANIA;DC;CAPITAL_BELTWAY_N,T1,35.7,30.2,36h next-day,31.6,22.3,5.6,not-time-competitive,freight-rail-wins-bulk-road-wins-express,heuristic-planning
CLT,Charlotte,T2,national_transfer_hub,CAPITAL_BELTWAY_E,Capital East,T2,service_stop,1571,382,long-gap-review,12,5,I-85;I-20;I-65;I-75;I-70;I-495,CLT;GREENVILLE;ATL;BHM_APPROACH;NASHVILLE;LOUISVILLE;CINCINNATI;COLUMBUS;PENNSYLVANIA;DC;CAPITAL_BELTWAY_S;CAPITAL_BELTWAY_E,T1,36.0,30.4,36h next-day,31.8,22.5,5.6,not-time-competitive,freight-rail-wins-bulk-road-wins-express,heuristic-planning
CLT,Charlotte,T2,national_transfer_hub,CAPITAL_BELTWAY_S,Capital South,T2,service_stop,1559,382,long-gap-review,11,5,I-85;I-20;I-65;I-75;I-70;I-495,CLT;GREENVILLE;ATL;BHM_APPROACH;NASHVILLE;LOUISVILLE;CINCINNATI;COLUMBUS;PENNSYLVANIA;DC;CAPITAL_BELTWAY_S,T1,35.6,30.1,36h next-day,31.6,22.3,5.6,not-time-competitive,freight-rail-wins-bulk-road-wins-express,heuristic-planning
CLT,Charlotte,T2,national_transfer_hub,JOPLIN,Joplin,T2,service_stop,1774,374,long-gap-review,9,5,I-85;I-20;I-22;I-30;I-20;I-49,CLT;GREENVILLE;ATL;BHM_APPROACH;MEM;LITTLE_ROCK;DAL;SHV;JOPLIN,T1,40.1,33.9,36h next-day,35.5,25.2,6.0,not-time-competitive,freight-rail-wins-bulk-road-wins-express,heuristic-planning
CLT,Charlotte,T2,national_transfer_hub,HAGERSTOWN,Hagerstown,T2,service_stop,1511,382,long-gap-review,10,5,I-85;I-20;I-65;I-75;I-70;I-81,CLT;GREENVILLE;ATL;BHM_APPROACH;NASHVILLE;LOUISVILLE;CINCINNATI;COLUMBUS;PENNSYLVANIA;HAGERSTOWN,T1,34.5,29.2,36h next-day,30.7,21.6,5.5,not-time-competitive,freight-rail-wins-bulk-road-wins-express,heuristic-planning
CLT,Charlotte,T2,national_transfer_hub,STL,St. Louis,T1,national_transfer_hub,1525,272,long-gap-review,10,4,I-85;I-20;I-65;I-75;I-70,CLT;GREENVILLE;ATL;BHM_APPROACH;NASHVILLE;LOUISVILLE;CINCINNATI;COLUMBUS;INDY_APPROACH;STL,T1,34.5,29.2,36h next-day,30.6,21.6,5.6,not-time-competitive,freight-rail-wins-bulk-road-wins-express,heuristic-planning
CLT,Charlotte,T2,national_transfer_hub,PITTSBURGH,Pittsburgh,T2,service_stop,428,428,needs-intermediate-stops,2,0,I-77,CLT;PITTSBURGH,T2,9.1,7.8,12h half-day,9.3,6.2,3.4,not-time-competitive,rail-often-absent-road-flexibility-case,heuristic-planning
CLT,Charlotte,T2,national_transfer_hub,PENNSYLVANIA,Harrisburg,T1,national_transfer_hub,1438,382,long-gap-review,9,4,I-85;I-20;I-65;I-75;I-70,CLT;GREENVILLE;ATL;BHM_APPROACH;NASHVILLE;LOUISVILLE;CINCINNATI;COLUMBUS;PENNSYLVANIA,T1,32.5,27.6,36h next-day,29.0,20.5,5.4,not-time-competitive,freight-rail-wins-bulk-road-wins-express,heuristic-planning
CLT,Charlotte,T2,national_transfer_hub,GULFPORT,Gulfport,T1,national_transfer_hub,759,246,sla-stop-rhythm-ok,6,3,I-85;I-20;I-65;I-10,CLT;GREENVILLE;ATL;BHM_APPROACH;MOBILE;GULFPORT,T1,17.5,14.8,24h overnight,16.3,11.2,4.0,not-time-competitive,freight-rail-wins-bulk-road-wins-express,heuristic-planning
CLT,Charlotte,T2,national_transfer_hub,CORPUS,Corpus Christi,T2,national_transfer_hub,1582,246,sla-stop-rhythm-ok,11,6,I-85;I-20;I-65;I-10;US90;I-10;I-37,CLT;GREENVILLE;ATL;BHM_APPROACH;MOBILE;GULFPORT;LAFAYETTE;BEAUMONT;HOU;SAT;CORPUS,T1,36.5,30.8,36h next-day,32.4,22.8,5.7,not-time-competitive,freight-rail-wins-bulk-road-wins-express,heuristic-planning
INDY_APPROACH,Indianapolis,T1,national_transfer_hub,FORT_WAYNE,Fort Wayne,T1,service_stop,124,124,sla-stop-rhythm-ok,2,0,I-69,INDY_APPROACH;FORT_WAYNE,T1,2.6,2.3,6h local,3.8,2.2,2.7,time-competitive,corridor-specific-rail-check-needed,heuristic-planning
INDY_APPROACH,Indianapolis,T1,national_transfer_hub,TOL,Toledo,T1,national_transfer_hub,341,198,sla-stop-rhythm-ok,3,1,I-70;I-75,INDY_APPROACH;COLUMBUS;TOL,T1,7.7,6.5,12h half-day,8.1,5.2,3.2,not-time-competitive,corridor-specific-rail-check-needed,heuristic-planning
INDY_APPROACH,Indianapolis,T1,national_transfer_hub,COLUMBUS,Columbus,T1,national_transfer_hub,198,198,sla-stop-rhythm-ok,2,0,I-70,INDY_APPROACH;COLUMBUS,T1,4.2,3.6,6h local,5.1,3.1,2.9,near-competitive-short-haul,corridor-specific-rail-check-needed,heuristic-planning
INDY_APPROACH,Indianapolis,T1,national_transfer_hub,CINCINNATI,Cincinnati,T1,national_transfer_hub,316,198,sla-stop-rhythm-ok,3,1,I-70;I-75,INDY_APPROACH;COLUMBUS;CINCINNATI,T1,7.2,6.1,12h half-day,7.6,4.9,3.1,not-time-competitive,corridor-specific-rail-check-needed,heuristic-planning
INDY_APPROACH,Indianapolis,T1,national_transfer_hub,CHATTANOOGA,Chattanooga,T1,service_stop,694,259,long-gap-review,5,1,I-70;I-75,INDY_APPROACH;COLUMBUS;CINCINNATI;KNX;CHATTANOOGA,T1,15.3,13.0,24h overnight,14.5,9.9,3.9,not-time-competitive,corridor-specific-rail-check-needed,heuristic-planning
INDY_APPROACH,Indianapolis,T1,national_transfer_hub,MONTGOMERY,Montgomery,T2,service_stop,988,259,long-gap-review,7,2,I-70;I-75;US80,INDY_APPROACH;COLUMBUS;CINCINNATI;KNX;CHATTANOOGA;ATL;MONTGOMERY,T1,22.1,18.8,24h overnight,20.2,14.1,4.5,not-time-competitive,freight-rail-wins-bulk-road-wins-express,heuristic-planning
INDY_APPROACH,Indianapolis,T1,national_transfer_hub,GAINESVILLE,Gainesville,T1,service_stop,1180,364,long-gap-review,7,1,I-70;I-75,INDY_APPROACH;COLUMBUS;CINCINNATI;KNX;CHATTANOOGA;ATL;GAINESVILLE,T1,25.9,22.0,24h overnight,23.3,16.4,4.9,not-time-competitive,freight-rail-wins-bulk-road-wins-express,heuristic-planning
INDY_APPROACH,Indianapolis,T1,national_transfer_hub,RENO,Reno,T1,service_stop,3307,1337,needs-intermediate-stops,12,8,I-70;I-75;I-65;I-40;I-30;US70;I-10;I-5;I-80,INDY_APPROACH;COLUMBUS;CINCINNATI;LOUISVILLE;NASHVILLE;MEM;LITTLE_ROCK;PHX;LA;CENTRAL_VALLEY;SAC;RENO,T1,74.0,62.7,72h three-day,64.4,46.2,9.1,not-time-competitive,freight-rail-wins-bulk-road-wins-express,heuristic-planning
INDY_APPROACH,Indianapolis,T1,national_transfer_hub,SLC,Salt Lake,T1,national_transfer_hub,3810,1337,needs-intermediate-stops,13,8,I-70;I-75;I-65;I-40;I-30;US70;I-10;I-5;I-80,INDY_APPROACH;COLUMBUS;CINCINNATI;LOUISVILLE;NASHVILLE;MEM;LITTLE_ROCK;PHX;LA;CENTRAL_VALLEY;SAC;RENO;SLC,T1,84.8,71.9,72h three-day,73.6,52.9,10.1,not-time-competitive,freight-rail-wins-bulk-road-wins-express,heuristic-planning
INDY_APPROACH,Indianapolis,T1,national_transfer_hub,BOI,Boise,T2,national_transfer_hub,4153,1337,needs-intermediate-stops,13,8,I-70;I-75;I-65;I-40;I-30;US70;I-10;I-5;I-84,INDY_APPROACH;COLUMBUS;CINCINNATI;LOUISVILLE;NASHVILLE;MEM;LITTLE_ROCK;PHX;LA;CENTRAL_VALLEY;SAC;POR;BOI,T1,92.0,78.2,>72h source-gated,79.8,57.5,10.8,not-time-competitive,freight-rail-wins-bulk-road-wins-express,heuristic-planning
INDY_APPROACH,Indianapolis,T1,national_transfer_hub,LEWISTON,Lewiston,T2,service_stop,4290,1337,needs-intermediate-stops,15,9,I-70;I-75;I-65;I-40;I-30;US70;I-10;I-5;I-90;US95,INDY_APPROACH;COLUMBUS;CINCINNATI;LOUISVILLE;NASHVILLE;MEM;LITTLE_ROCK;PHX;LA;CENTRAL_VALLEY;SAC;POR;SEA;SPK;LEWISTON,T1,95.5,81.0,>72h source-gated,82.7,59.5,11.1,not-time-competitive,freight-rail-wins-bulk-road-wins-express,heuristic-planning
INDY_APPROACH,Indianapolis,T1,national_transfer_hub,CHEYENNE,Cheyenne,T1,service_stop,4247,1337,needs-intermediate-stops,14,8,I-70;I-75;I-65;I-40;I-30;US70;I-10;I-5;I-80,INDY_APPROACH;COLUMBUS;CINCINNATI;LOUISVILLE;NASHVILLE;MEM;LITTLE_ROCK;PHX;LA;CENTRAL_VALLEY;SAC;RENO;SLC;CHEYENNE,T1,94.1,79.9,>72h source-gated,81.5,58.7,11.0,not-time-competitive,freight-rail-wins-bulk-road-wins-express,heuristic-planning
INDY_APPROACH,Indianapolis,T1,national_transfer_hub,FARGO,Fargo,T2,service_stop,3347,974,needs-intermediate-stops,12,8,I-70;I-75;I-65;I-40;I-30;US80;US83;I-90;I-29,INDY_APPROACH;COLUMBUS;CINCINNATI;LOUISVILLE;NASHVILLE;MEM;LITTLE_ROCK;DAL;ABILENE;RAPID_CITY;MIN;FARGO,T1,74.8,63.5,72h three-day,65.2,46.7,9.2,not-time-competitive,freight-rail-wins-bulk-road-wins-express,heuristic-planning
INDY_APPROACH,Indianapolis,T1,national_transfer_hub,NYC,New York,T2,transfer_hub,762,382,long-gap-review,4,1,I-70;I-81,INDY_APPROACH;COLUMBUS;PENNSYLVANIA;NYC,T1,16.7,14.2,24h overnight,15.7,10.9,4.0,not-time-competitive,freight-rail-wins-bulk-road-wins-express,heuristic-planning
INDY_APPROACH,Indianapolis,T1,national_transfer_hub,SPK,Spokane,T1,service_stop,4187,1337,needs-intermediate-stops,14,8,I-70;I-75;I-65;I-40;I-30;US70;I-10;I-5;I-90,INDY_APPROACH;COLUMBUS;CINCINNATI;LOUISVILLE;NASHVILLE;MEM;LITTLE_ROCK;PHX;LA;CENTRAL_VALLEY;SAC;POR;SEA;SPK,T1,92.8,78.8,>72h source-gated,80.4,57.9,10.9,not-time-competitive,freight-rail-wins-bulk-road-wins-express,heuristic-planning
INDY_APPROACH,Indianapolis,T1,national_transfer_hub,BIL,Billings*,T1,national_transfer_hub,2845,974,needs-intermediate-stops,11,7,I-70;I-75;I-65;I-40;I-30;US80;US83;I-90,INDY_APPROACH;COLUMBUS;CINCINNATI;LOUISVILLE;NASHVILLE;MEM;LITTLE_ROCK;DAL;ABILENE;RAPID_CITY;BIL,T1,63.7,54.0,72h three-day,55.7,39.8,8.2,not-time-competitive,freight-rail-wins-bulk-road-wins-express,heuristic-planning
INDY_APPROACH,Indianapolis,T1,national_transfer_hub,RAPID_CITY,Rapid City,T2,national_transfer_hub,2511,974,needs-intermediate-stops,10,6,I-70;I-75;I-65;I-40;I-30;US80;US83,INDY_APPROACH;COLUMBUS;CINCINNATI;LOUISVILLE;NASHVILLE;MEM;LITTLE_ROCK;DAL;ABILENE;RAPID_CITY,T1,56.2,47.6,48h two-day,49.3,35.2,7.5,not-time-competitive,freight-rail-wins-bulk-road-wins-express,heuristic-planning
INDY_APPROACH,Indianapolis,T1,national_transfer_hub,MILWAUKEE,Milwaukee,T1,service_stop,3446,974,needs-intermediate-stops,12,7,I-70;I-75;I-65;I-40;I-30;US80;US83;I-90,INDY_APPROACH;COLUMBUS;CINCINNATI;LOUISVILLE;NASHVILLE;MEM;LITTLE_ROCK;DAL;ABILENE;RAPID_CITY;MIN;MILWAUKEE,T1,76.6,65.0,72h three-day,66.6,47.8,9.4,not-time-competitive,freight-rail-wins-bulk-road-wins-express,heuristic-planning
INDY_APPROACH,Indianapolis,T1,national_transfer_hub,PHILADELPHIA,Philadelphia,T2,service_stop,690,382,long-gap-review,4,1,I-70;I-76,INDY_APPROACH;COLUMBUS;PENNSYLVANIA;PHILADELPHIA,T1,15.2,12.9,24h overnight,14.4,9.9,3.9,not-time-competitive,corridor-specific-rail-check-needed,heuristic-planning
INDY_APPROACH,Indianapolis,T1,national_transfer_hub,DC,Washington,T1,service_stop,693,382,long-gap-review,4,0,I-70,INDY_APPROACH;COLUMBUS;PENNSYLVANIA;DC,T1,14.9,12.7,24h overnight,14.1,9.7,3.9,not-time-competitive,corridor-specific-rail-check-needed,heuristic-planning
INDY_APPROACH,Indianapolis,T1,national_transfer_hub,RIC,Richmond,T1,national_transfer_hub,807,382,long-gap-review,5,1,I-70;I-95,INDY_APPROACH;COLUMBUS;PENNSYLVANIA;DC;RIC,T1,17.7,15.1,24h overnight,16.5,11.5,4.1,not-time-competitive,freight-rail-wins-bulk-road-wins-express,heuristic-planning
INDY_APPROACH,Indianapolis,T1,national_transfer_hub,BEN,Benson,T1,transfer_hub,1245,382,long-gap-review,7,2,I-70;I-95;I-40,INDY_APPROACH;COLUMBUS;PENNSYLVANIA;DC;RIC;FLO;BEN,T1,27.6,23.4,24h overnight,24.8,17.5,5.0,not-time-competitive,freight-rail-wins-bulk-road-wins-express,heuristic-planning
INDY_APPROACH,Indianapolis,T1,national_transfer_hub,GREENVILLE,Greenville,T2,service_stop,978,259,long-gap-review,7,2,I-70;I-75;I-85,INDY_APPROACH;COLUMBUS;CINCINNATI;KNX;CHATTANOOGA;ATL;GREENVILLE,T1,21.9,18.6,24h overnight,20.0,13.9,4.5,not-time-competitive,freight-rail-wins-bulk-road-wins-express,heuristic-planning
INDY_APPROACH,Indianapolis,T1,national_transfer_hub,GREENSBORO,Greensboro,T2,service_stop,1002,382,long-gap-review,6,2,I-70;I-95;I-85,INDY_APPROACH;COLUMBUS;PENNSYLVANIA;DC;RIC;GREENSBORO,T1,22.3,19.0,24h overnight,20.4,14.3,4.5,not-time-competitive,freight-rail-wins-bulk-road-wins-express,heuristic-planning
INDY_APPROACH,Indianapolis,T1,national_transfer_hub,MOBILE,Mobile,T2,service_stop,1065,246,sla-stop-rhythm-ok,7,2,I-70;I-75;I-65,INDY_APPROACH;COLUMBUS;CINCINNATI;LOUISVILLE;NASHVILLE;BHM_APPROACH;MOBILE,T1,23.8,20.2,24h overnight,21.6,15.1,4.6,not-time-competitive,freight-rail-wins-bulk-road-wins-express,heuristic-planning
INDY_APPROACH,Indianapolis,T1,national_transfer_hub,LOUISVILLE,Louisville,T2,national_transfer_hub,423,198,sla-stop-rhythm-ok,4,2,I-70;I-75;I-65,INDY_APPROACH;COLUMBUS;CINCINNATI;LOUISVILLE,T1,9.9,8.3,12h half-day,9.9,6.5,3.3,not-time-competitive,corridor-specific-rail-check-needed,heuristic-planning
INDY_APPROACH,Indianapolis,T1,national_transfer_hub,LITTLE_ROCK,Little Rock,T2,national_transfer_hub,989,232,sla-stop-rhythm-ok,7,4,I-70;I-75;I-65;I-40;I-30,INDY_APPROACH;COLUMBUS;CINCINNATI;LOUISVILLE;NASHVILLE;MEM;LITTLE_ROCK,T1,22.8,19.3,24h overnight,20.9,14.5,4.5,not-time-competitive,freight-rail-wins-bulk-road-wins-express,heuristic-planning
INDY_APPROACH,Indianapolis,T1,national_transfer_hub,LAS_VEGAS,Las Vegas,T2,service_stop,4238,1337,needs-intermediate-stops,14,9,I-70;I-75;I-65;I-40;I-30;US70;I-10;I-5;I-80;I-15,INDY_APPROACH;COLUMBUS;CINCINNATI;LOUISVILLE;NASHVILLE;MEM;LITTLE_ROCK;PHX;LA;CENTRAL_VALLEY;SAC;RENO;SLC;LAS_VEGAS,T1,94.3,80.0,>72h source-gated,81.7,58.8,11.0,not-time-competitive,freight-rail-wins-bulk-road-wins-express,heuristic-planning
INDY_APPROACH,Indianapolis,T1,national_transfer_hub,DEN,Denver,T1,national_transfer_hub,4248,1337,needs-intermediate-stops,14,9,I-70;I-75;I-65;I-40;I-30;US70;I-10;I-5;I-80;I-70,INDY_APPROACH;COLUMBUS;CINCINNATI;LOUISVILLE;NASHVILLE;MEM;LITTLE_ROCK;PHX;LA;CENTRAL_VALLEY;SAC;RENO;SLC;DEN,T1,94.5,80.2,>72h source-gated,81.9,58.9,11.0,not-time-competitive,freight-rail-wins-bulk-road-wins-express,heuristic-planning
INDY_APPROACH,Indianapolis,T1,national_transfer_hub,CAPITAL_BELTWAY_N,Capital North,T2,service_stop,704,382,long-gap-review,5,1,I-70;I-495,INDY_APPROACH;COLUMBUS;PENNSYLVANIA;DC;CAPITAL_BELTWAY_N,T1,15.6,13.2,24h overnight,14.6,10.1,3.9,not-time-competitive,freight-rail-wins-bulk-road-wins-express,heuristic-planning
INDY_APPROACH,Indianapolis,T1,national_transfer_hub,CAPITAL_BELTWAY_E,Capital East,T2,service_stop,714,382,long-gap-review,6,1,I-70;I-495,INDY_APPROACH;COLUMBUS;PENNSYLVANIA;DC;CAPITAL_BELTWAY_S;CAPITAL_BELTWAY_E,T1,15.9,13.5,24h overnight,14.8,10.2,3.9,not-time-competitive,freight-rail-wins-bulk-road-wins-express,heuristic-planning
INDY_APPROACH,Indianapolis,T1,national_transfer_hub,CAPITAL_BELTWAY_S,Capital South,T2,service_stop,702,382,long-gap-review,5,1,I-70;I-495,INDY_APPROACH;COLUMBUS;PENNSYLVANIA;DC;CAPITAL_BELTWAY_S,T1,15.5,13.2,24h overnight,14.6,10.1,3.9,not-time-competitive,freight-rail-wins-bulk-road-wins-express,heuristic-planning
INDY_APPROACH,Indianapolis,T1,national_transfer_hub,JOPLIN,Joplin,T2,service_stop,1919,374,long-gap-review,10,6,I-70;I-75;I-65;I-40;I-30;I-20;I-49,INDY_APPROACH;COLUMBUS;CINCINNATI;LOUISVILLE;NASHVILLE;MEM;LITTLE_ROCK;DAL;SHV;JOPLIN,T1,43.6,36.9,48h two-day,38.5,27.3,6.3,not-time-competitive,freight-rail-wins-bulk-road-wins-express,heuristic-planning
INDY_APPROACH,Indianapolis,T1,national_transfer_hub,ROANOKE,Roanoke,T2,service_stop,857,281,long-gap-review,5,2,I-70;I-75;I-81,INDY_APPROACH;COLUMBUS;CINCINNATI;KNX;ROANOKE,T1,19.2,16.3,24h overnight,17.8,12.3,4.2,not-time-competitive,freight-rail-wins-bulk-road-wins-express,heuristic-planning
INDY_APPROACH,Indianapolis,T1,national_transfer_hub,HAGERSTOWN,Hagerstown,T2,service_stop,654,382,long-gap-review,4,1,I-70;I-81,INDY_APPROACH;COLUMBUS;PENNSYLVANIA;HAGERSTOWN,T1,14.4,12.3,24h overnight,13.7,9.4,3.8,not-time-competitive,corridor-specific-rail-check-needed,heuristic-planning
INDY_APPROACH,Indianapolis,T1,national_transfer_hub,STL,St. Louis,T1,national_transfer_hub,272,272,long-gap-review,2,0,I-70,INDY_APPROACH;STL,T1,5.8,4.9,6h local,6.4,4.1,3.0,near-competitive-short-haul,corridor-specific-rail-check-needed,heuristic-planning
INDY_APPROACH,Indianapolis,T1,national_transfer_hub,PITTSBURGH,Pittsburgh,T2,service_stop,775,382,long-gap-review,4,1,I-70;I-76,INDY_APPROACH;COLUMBUS;PENNSYLVANIA;PITTSBURGH,T1,17.0,14.5,24h overnight,15.9,11.0,4.1,not-time-competitive,freight-rail-wins-bulk-road-wins-express,heuristic-planning
INDY_APPROACH,Indianapolis,T1,national_transfer_hub,PENNSYLVANIA,Harrisburg,T1,national_transfer_hub,581,382,long-gap-review,3,0,I-70,INDY_APPROACH;COLUMBUS;PENNSYLVANIA,T1,12.4,10.6,12h half-day,12.1,8.2,3.7,not-time-competitive,corridor-specific-rail-check-needed,heuristic-planning
INDY_APPROACH,Indianapolis,T1,national_transfer_hub,GULFPORT,Gulfport,T1,national_transfer_hub,1143,246,sla-stop-rhythm-ok,8,3,I-70;I-75;I-65;I-10,INDY_APPROACH;COLUMBUS;CINCINNATI;LOUISVILLE;NASHVILLE;BHM_APPROACH;MOBILE;GULFPORT,T1,25.9,21.9,24h overnight,23.3,16.3,4.8,not-time-competitive,freight-rail-wins-bulk-road-wins-express,heuristic-planning
INDY_APPROACH,Indianapolis,T1,national_transfer_hub,CORPUS,Corpus Christi,T2,national_transfer_hub,1786,345,long-gap-review,10,6,I-70;I-75;I-65;I-40;I-30;I-35;I-37,INDY_APPROACH;COLUMBUS;CINCINNATI;LOUISVILLE;NASHVILLE;MEM;LITTLE_ROCK;DAL;SAT;CORPUS,T1,40.7,34.4,36h next-day,36.1,25.5,6.1,not-time-competitive,freight-rail-wins-bulk-road-wins-express,heuristic-planning
FORT_WAYNE,Fort Wayne,T1,service_stop,CHI_APPROACH,South Bend,T1,service_stop,84,84,sla-stop-rhythm-ok,2,0,I-69,FORT_WAYNE;CHI_APPROACH,T1,1.8,1.5,6h local,3.0,1.6,2.7,time-competitive,corridor-specific-rail-check-needed,heuristic-planning
FORT_WAYNE,Fort Wayne,T2,service_stop,STL,St. Louis,T2,national_transfer_hub,374,374,long-gap-review,2,0,I-44,FORT_WAYNE;STL,T2,8.0,6.8,12h half-day,8.3,5.5,3.2,not-time-competitive,rail-often-absent-road-flexibility-case,heuristic-planning
CHI_APPROACH,South Bend,T1,service_stop,CHI,Chicago,T1,national_transfer_hub,85,85,sla-stop-rhythm-ok,2,0,I-69,CHI_APPROACH;CHI,T1,1.8,1.6,6h local,3.1,1.6,2.7,time-competitive,corridor-specific-rail-check-needed,heuristic-planning
CHI_APPROACH,South Bend,T2,service_stop,OMAHA,Omaha,T2,national_transfer_hub,592,592,needs-intermediate-stops,2,0,US30,CHI_APPROACH;OMAHA,T2,12.6,10.8,12h half-day,12.3,8.4,3.7,not-time-competitive,rail-often-absent-road-flexibility-case,heuristic-planning
CHI_APPROACH,South Bend,T2,service_stop,PA_APPROACH,Pennsylvania,T2,service_stop,555,555,needs-intermediate-stops,2,0,US30,CHI_APPROACH;PA_APPROACH,T2,11.8,10.1,12h half-day,11.6,7.9,3.6,not-time-competitive,rail-often-absent-road-flexibility-case,heuristic-planning
CHI,Chicago,T1,national_transfer_hub,TOL,Toledo,T1,national_transfer_hub,248,248,sla-stop-rhythm-ok,2,0,I-80,CHI;TOL,T1,5.3,4.5,6h local,6.0,3.8,3.0,near-competitive-short-haul,corridor-specific-rail-check-needed,heuristic-planning
CHI,Chicago,T1,national_transfer_hub,COLUMBUS,Columbus,T1,national_transfer_hub,2289,365,long-gap-review,11,5,I-80;I-35;I-30;I-40;I-65;I-75,CHI;DSM;KC;OKC;DAL;LITTLE_ROCK;MEM;NASHVILLE;LOUISVILLE;CINCINNATI;COLUMBUS,T1,51.2,43.4,48h two-day,44.9,32.0,7.1,not-time-competitive,freight-rail-wins-bulk-road-wins-express,heuristic-planning
CHI,Chicago,T1,national_transfer_hub,CINCINNATI,Cincinnati,T2,national_transfer_hub,2171,365,long-gap-review,10,4,I-80;I-35;I-30;I-40;I-65,CHI;DSM;KC;OKC;DAL;LITTLE_ROCK;MEM;NASHVILLE;LOUISVILLE;CINCINNATI,T1,48.2,41.0,48h two-day,42.4,30.2,6.8,not-time-competitive,freight-rail-wins-bulk-road-wins-express,heuristic-planning
CHI,Chicago,T1,national_transfer_hub,CHATTANOOGA,Chattanooga,T2,service_stop,2068,365,long-gap-review,9,4,I-80;I-35;I-30;I-22;I-59,CHI;DSM;KC;OKC;DAL;LITTLE_ROCK;MEM;BHM_APPROACH;CHATTANOOGA,T1,46.0,39.0,48h two-day,40.5,28.9,6.6,not-time-competitive,freight-rail-wins-bulk-road-wins-express,heuristic-planning
CHI,Chicago,T1,national_transfer_hub,MONTGOMERY,Montgomery,T2,service_stop,2244,365,long-gap-review,10,5,I-80;I-35;I-30;I-22;I-20;US80,CHI;DSM;KC;OKC;DAL;LITTLE_ROCK;MEM;BHM_APPROACH;ATL;MONTGOMERY,T1,50.1,42.5,48h two-day,44.1,31.4,7.0,not-time-competitive,freight-rail-wins-bulk-road-wins-express,heuristic-planning
CHI,Chicago,T1,national_transfer_hub,GAINESVILLE,Gainesville,T1,service_stop,2436,365,long-gap-review,10,5,I-80;I-35;I-30;I-22;I-20;I-75,CHI;DSM;KC;OKC;DAL;LITTLE_ROCK;MEM;BHM_APPROACH;ATL;GAINESVILLE,T1,54.2,46.0,48h two-day,47.5,34.0,7.4,not-time-competitive,freight-rail-wins-bulk-road-wins-express,heuristic-planning
CHI,Chicago,T1,national_transfer_hub,SLC,Salt Lake,T1,national_transfer_hub,1490,545,needs-intermediate-stops,5,0,I-80,CHI;DSM;OMAHA;CHEYENNE;SLC,T1,32.0,27.3,36h next-day,28.6,20.4,5.5,not-time-competitive,freight-rail-wins-bulk-road-wins-express,heuristic-planning
CHI,Chicago,T1,national_transfer_hub,CHEYENNE,Cheyenne,T1,service_stop,1054,545,needs-intermediate-stops,4,0,I-80,CHI;DSM;OMAHA;CHEYENNE,T1,22.6,19.3,24h overnight,20.7,14.6,4.6,not-time-competitive,freight-rail-wins-bulk-road-wins-express,heuristic-planning
CHI,Chicago,T1,national_transfer_hub,OMAHA,Omaha,T1,national_transfer_hub,509,365,long-gap-review,3,0,I-80,CHI;DSM;OMAHA,T1,10.9,9.3,12h half-day,10.8,7.3,3.5,not-time-competitive,corridor-specific-rail-check-needed,heuristic-planning
CHI,Chicago,T1,national_transfer_hub,FARGO,Fargo,T2,service_stop,970,461,needs-intermediate-stops,4,1,I-80;I-29,CHI;DSM;OMAHA;FARGO,T1,21.1,18.0,24h overnight,19.5,13.6,4.4,not-time-competitive,freight-rail-wins-bulk-road-wins-express,heuristic-planning
CHI,Chicago,T1,national_transfer_hub,NYC,New York,T2,transfer_hub,2853,382,long-gap-review,13,7,I-80;I-35;I-30;I-40;I-65;I-75;I-70;I-81,CHI;DSM;KC;OKC;DAL;LITTLE_ROCK;MEM;NASHVILLE;LOUISVILLE;CINCINNATI;COLUMBUS;PENNSYLVANIA;NYC,T1,64.0,54.3,72h three-day,55.8,39.9,8.2,not-time-competitive,freight-rail-wins-bulk-road-wins-express,heuristic-planning
CHI,Chicago,T1,national_transfer_hub,SPK,Spokane,T1,service_stop,2012,545,needs-intermediate-stops,6,2,I-80;I-25;I-90,CHI;DSM;OMAHA;CHEYENNE;BIL;SPK,T1,43.8,37.3,48h two-day,38.8,27.7,6.5,not-time-competitive,freight-rail-wins-bulk-road-wins-express,heuristic-planning
CHI,Chicago,T1,national_transfer_hub,BIL,Billings*,T2,national_transfer_hub,1490,545,needs-intermediate-stops,5,1,I-80;I-25,CHI;DSM;OMAHA;CHEYENNE;BIL,T1,32.3,27.5,36h next-day,28.9,20.6,5.5,not-time-competitive,freight-rail-wins-bulk-road-wins-express,heuristic-planning
CHI,Chicago,T1,national_transfer_hub,RAPID_CITY,Rapid City,T1,national_transfer_hub,1825,545,needs-intermediate-stops,6,2,I-80;I-25;I-90,CHI;DSM;OMAHA;CHEYENNE;BIL;RAPID_CITY,T1,39.8,33.9,36h next-day,35.4,25.2,6.1,not-time-competitive,freight-rail-wins-bulk-road-wins-express,heuristic-planning
CHI,Chicago,T1,national_transfer_hub,MILWAUKEE,Milwaukee,T1,service_stop,97,83,sla-stop-rhythm-ok,3,0,I-90,CHI;CHI_NORTH;MILWAUKEE,T1,2.1,1.8,6h local,3.3,1.8,2.7,time-competitive,corridor-specific-rail-check-needed,heuristic-planning
CHI,Chicago,T1,national_transfer_hub,CHI_NORTH,North Chicago,T1,service_stop,14,14,sla-stop-rhythm-ok,2,0,I-90,CHI;CHI_NORTH,T1,0.3,0.3,6h local,1.8,0.7,2.5,time-competitive,corridor-specific-rail-check-needed,heuristic-planning
CHI,Chicago,T1,national_transfer_hub,PHILADELPHIA,Philadelphia,T2,service_stop,2781,382,long-gap-review,13,7,I-80;I-35;I-30;I-40;I-65;I-75;I-70;I-76,CHI;DSM;KC;OKC;DAL;LITTLE_ROCK;MEM;NASHVILLE;LOUISVILLE;CINCINNATI;COLUMBUS;PENNSYLVANIA;PHILADELPHIA,T1,62.5,53.0,72h three-day,54.5,39.0,8.1,not-time-competitive,freight-rail-wins-bulk-road-wins-express,heuristic-planning
CHI,Chicago,T1,national_transfer_hub,DC,Washington,T1,service_stop,2784,382,long-gap-review,13,6,I-80;I-35;I-30;I-40;I-65;I-75;I-70,CHI;DSM;KC;OKC;DAL;LITTLE_ROCK;MEM;NASHVILLE;LOUISVILLE;CINCINNATI;COLUMBUS;PENNSYLVANIA;DC,T1,62.2,52.8,72h three-day,54.2,38.8,8.1,not-time-competitive,freight-rail-wins-bulk-road-wins-express,heuristic-planning
CHI,Chicago,T1,national_transfer_hub,RIC,Richmond,T1,national_transfer_hub,2897,382,long-gap-review,14,7,I-80;I-35;I-30;I-40;I-65;I-75;I-70;I-95,CHI;DSM;KC;OKC;DAL;LITTLE_ROCK;MEM;NASHVILLE;LOUISVILLE;CINCINNATI;COLUMBUS;PENNSYLVANIA;DC;RIC,T1,65.1,55.1,72h three-day,56.6,40.5,8.3,not-time-competitive,freight-rail-wins-bulk-road-wins-express,heuristic-planning
CHI,Chicago,T1,national_transfer_hub,BEN,Benson,T1,transfer_hub,3336,382,long-gap-review,16,8,I-80;I-35;I-30;I-40;I-65;I-75;I-70;I-95;I-40,CHI;DSM;KC;OKC;DAL;LITTLE_ROCK;MEM;NASHVILLE;LOUISVILLE;CINCINNATI;COLUMBUS;PENNSYLVANIA;DC;RIC;FLO;BEN,T1,74.9,63.5,72h three-day,65.0,46.6,9.2,not-time-competitive,freight-rail-wins-bulk-road-wins-express,heuristic-planning
CHI,Chicago,T1,national_transfer_hub,GREENVILLE,Greenville,T2,service_stop,2234,365,long-gap-review,10,5,I-80;I-35;I-30;I-22;I-20;I-85,CHI;DSM;KC;OKC;DAL;LITTLE_ROCK;MEM;BHM_APPROACH;ATL;GREENVILLE,T1,49.9,42.3,48h two-day,43.9,31.3,7.0,not-time-competitive,freight-rail-wins-bulk-road-wins-express,heuristic-planning
CHI,Chicago,T1,national_transfer_hub,GREENSBORO,Greensboro,T2,service_stop,2440,365,long-gap-review,12,5,I-80;I-35;I-30;I-22;I-20;I-85,CHI;DSM;KC;OKC;DAL;LITTLE_ROCK;MEM;BHM_APPROACH;ATL;GREENVILLE;CLT;GREENSBORO,T1,54.5,46.2,48h two-day,47.6,34.0,7.4,not-time-competitive,freight-rail-wins-bulk-road-wins-express,heuristic-planning
CHI,Chicago,T1,national_transfer_hub,MOBILE,Mobile,T2,service_stop,2154,365,long-gap-review,9,4,I-80;I-35;I-30;I-22;I-65,CHI;DSM;KC;OKC;DAL;LITTLE_ROCK;MEM;BHM_APPROACH;MOBILE,T1,47.8,40.6,48h two-day,42.1,30.0,6.8,not-time-competitive,freight-rail-wins-bulk-road-wins-express,heuristic-planning
CHI,Chicago,T1,national_transfer_hub,LOUISVILLE,Louisville,T2,national_transfer_hub,2064,365,long-gap-review,9,4,I-80;I-35;I-30;I-40;I-65,CHI;DSM;KC;OKC;DAL;LITTLE_ROCK;MEM;NASHVILLE;LOUISVILLE,T1,45.9,39.0,48h two-day,40.4,28.8,6.6,not-time-competitive,freight-rail-wins-bulk-road-wins-express,heuristic-planning
CHI,Chicago,T1,national_transfer_hub,LITTLE_ROCK,Little Rock,T2,national_transfer_hub,1499,365,long-gap-review,6,2,I-80;I-35;I-30,CHI;DSM;KC;OKC;DAL;LITTLE_ROCK,T1,32.9,28.0,36h next-day,29.4,20.9,5.5,not-time-competitive,freight-rail-wins-bulk-road-wins-express,heuristic-planning
CHI,Chicago,T1,national_transfer_hub,DEN,Denver,T2,national_transfer_hub,1169,545,needs-intermediate-stops,5,1,I-80;I-25,CHI;DSM;OMAHA;CHEYENNE;DEN,T1,25.5,21.7,24h overnight,23.1,16.3,4.8,not-time-competitive,freight-rail-wins-bulk-road-wins-express,heuristic-planning
CHI,Chicago,T1,national_transfer_hub,CAPITAL_BELTWAY_N,Capital North,T2,service_stop,2794,382,long-gap-review,14,7,I-80;I-35;I-30;I-40;I-65;I-75;I-70;I-495,CHI;DSM;KC;OKC;DAL;LITTLE_ROCK;MEM;NASHVILLE;LOUISVILLE;CINCINNATI;COLUMBUS;PENNSYLVANIA;DC;CAPITAL_BELTWAY_N,T1,62.9,53.3,72h three-day,54.8,39.2,8.1,not-time-competitive,freight-rail-wins-bulk-road-wins-express,heuristic-planning
CHI,Chicago,T1,national_transfer_hub,CAPITAL_BELTWAY_E,Capital East,T2,service_stop,2805,382,long-gap-review,15,7,I-80;I-35;I-30;I-40;I-65;I-75;I-70;I-495,CHI;DSM;KC;OKC;DAL;LITTLE_ROCK;MEM;NASHVILLE;LOUISVILLE;CINCINNATI;COLUMBUS;PENNSYLVANIA;DC;CAPITAL_BELTWAY_S;CAPITAL_BELTWAY_E,T1,63.2,53.5,72h three-day,55.0,39.3,8.1,not-time-competitive,freight-rail-wins-bulk-road-wins-express,heuristic-planning
CHI,Chicago,T1,national_transfer_hub,CAPITAL_BELTWAY_S,Capital South,T2,service_stop,2793,382,long-gap-review,14,7,I-80;I-35;I-30;I-40;I-65;I-75;I-70;I-495,CHI;DSM;KC;OKC;DAL;LITTLE_ROCK;MEM;NASHVILLE;LOUISVILLE;CINCINNATI;COLUMBUS;PENNSYLVANIA;DC;CAPITAL_BELTWAY_S,T1,62.8,53.2,72h three-day,54.7,39.1,8.1,not-time-competitive,freight-rail-wins-bulk-road-wins-express,heuristic-planning
CHI,Chicago,T1,national_transfer_hub,JOPLIN,Joplin,T2,service_stop,741,365,long-gap-review,4,2,I-80;I-35;I-49,CHI;DSM;KC;JOPLIN,T1,16.6,14.1,24h overnight,15.7,10.8,4.0,not-time-competitive,freight-rail-wins-bulk-road-wins-express,heuristic-planning
CHI,Chicago,T1,national_transfer_hub,HAGERSTOWN,Hagerstown,T2,service_stop,2745,382,long-gap-review,13,7,I-80;I-35;I-30;I-40;I-65;I-75;I-70;I-81,CHI;DSM;KC;OKC;DAL;LITTLE_ROCK;MEM;NASHVILLE;LOUISVILLE;CINCINNATI;COLUMBUS;PENNSYLVANIA;HAGERSTOWN,T1,61.7,52.3,72h three-day,53.9,38.5,8.0,not-time-competitive,freight-rail-wins-bulk-road-wins-express,heuristic-planning
CHI,Chicago,T1,national_transfer_hub,STL,St. Louis,T1,national_transfer_hub,857,365,long-gap-review,4,2,I-80;I-35;I-70,CHI;DSM;KC;STL,T1,19.1,16.2,24h overnight,17.8,12.3,4.2,not-time-competitive,freight-rail-wins-bulk-road-wins-express,heuristic-planning
CHI,Chicago,T1,national_transfer_hub,PITTSBURGH,Pittsburgh,T2,service_stop,2771,428,needs-intermediate-stops,12,6,I-80;I-35;I-30;I-22;I-20;I-85;I-77,CHI;DSM;KC;OKC;DAL;LITTLE_ROCK;MEM;BHM_APPROACH;ATL;GREENVILLE;CLT;PITTSBURGH,T1,61.8,52.5,72h three-day,54.0,38.6,8.0,not-time-competitive,freight-rail-wins-bulk-road-wins-express,heuristic-planning
CHI,Chicago,T1,national_transfer_hub,PENNSYLVANIA,Harrisburg,T1,national_transfer_hub,2671,382,long-gap-review,12,6,I-80;I-35;I-30;I-40;I-65;I-75;I-70,CHI;DSM;KC;OKC;DAL;LITTLE_ROCK;MEM;NASHVILLE;LOUISVILLE;CINCINNATI;COLUMBUS;PENNSYLVANIA,T1,59.7,50.7,72h three-day,52.2,37.3,7.8,not-time-competitive,freight-rail-wins-bulk-road-wins-express,heuristic-planning
CHI,Chicago,T1,national_transfer_hub,GULFPORT,Gulfport,T2,national_transfer_hub,2122,365,long-gap-review,10,3,I-80;I-35;I-10;US90,CHI;DSM;KC;OKC;DAL;SAT;HOU;BEAUMONT;LAFAYETTE;GULFPORT,T1,46.8,39.8,48h two-day,41.1,29.4,6.7,not-time-competitive,freight-rail-wins-bulk-road-wins-express,heuristic-planning
CHI,Chicago,T1,national_transfer_hub,CORPUS,Corpus Christi,T2,national_transfer_hub,1605,365,long-gap-review,7,2,I-80;I-35;I-37,CHI;DSM;KC;OKC;DAL;SAT;CORPUS,T1,35.2,30.0,36h next-day,31.4,22.3,5.7,not-time-competitive,freight-rail-wins-bulk-road-wins-express,heuristic-planning
TOL,Toledo,T1,national_transfer_hub,COLUMBUS,Columbus,T1,national_transfer_hub,143,143,sla-stop-rhythm-ok,2,0,I-75,TOL;COLUMBUS,T1,3.0,2.6,6h local,4.1,2.4,2.8,time-competitive,corridor-specific-rail-check-needed,heuristic-planning
TOL,Toledo,T1,national_transfer_hub,CLEVELAND,Cleveland,T1,service_stop,115,115,sla-stop-rhythm-ok,2,0,I-80,TOL;CLEVELAND,T1,2.4,2.1,6h local,3.6,2.0,2.7,time-competitive,corridor-specific-rail-check-needed,heuristic-planning
TOL,Toledo,T1,national_transfer_hub,PA_APPROACH,Pennsylvania,T1,service_stop,391,276,long-gap-review,3,0,I-80,TOL;CLEVELAND;PA_APPROACH,T1,8.4,7.2,12h half-day,8.6,5.7,3.3,not-time-competitive,corridor-specific-rail-check-needed,heuristic-planning
TOL,Toledo,T1,national_transfer_hub,BUFFALO,Buffalo,T1,service_stop,300,300,long-gap-review,2,0,I-90,TOL;BUFFALO,T1,6.4,5.5,6h local,7.0,4.5,3.1,near-competitive-short-haul,corridor-specific-rail-check-needed,heuristic-planning
TOL,Toledo,T1,national_transfer_hub,PITTSBURGH,Pittsburgh,T2,service_stop,250,135,sla-stop-rhythm-ok,3,1,I-80;I-77,TOL;CLEVELAND;PITTSBURGH,T1,5.7,4.9,6h local,6.4,4.0,3.0,near-competitive-short-haul,corridor-specific-rail-check-needed,heuristic-planning
TOL,Toledo,T1,national_transfer_hub,PENNSYLVANIA,Harrisburg,T2,national_transfer_hub,444,194,sla-stop-rhythm-ok,4,2,I-80;I-77;I-76,TOL;CLEVELAND;PITTSBURGH;PENNSYLVANIA,T1,10.3,8.7,12h half-day,10.3,6.8,3.4,not-time-competitive,corridor-specific-rail-check-needed,heuristic-planning
COLUMBUS,Columbus,T1,national_transfer_hub,CINCINNATI,Cincinnati,T1,national_transfer_hub,118,118,sla-stop-rhythm-ok,2,0,I-75,COLUMBUS;CINCINNATI,T1,2.5,2.1,6h local,3.6,2.1,2.7,time-competitive,corridor-specific-rail-check-needed,heuristic-planning
COLUMBUS,Columbus,T1,national_transfer_hub,CHATTANOOGA,Chattanooga,T1,service_stop,495,259,long-gap-review,4,0,I-75,COLUMBUS;CINCINNATI;KNX;CHATTANOOGA,T1,10.7,9.1,12h half-day,10.5,7.1,3.5,not-time-competitive,corridor-specific-rail-check-needed,heuristic-planning
COLUMBUS,Columbus,T1,national_transfer_hub,MONTGOMERY,Montgomery,T2,service_stop,790,259,long-gap-review,6,1,I-75;US80,COLUMBUS;CINCINNATI;KNX;CHATTANOOGA;ATL;MONTGOMERY,T1,17.5,14.8,24h overnight,16.2,11.2,4.1,not-time-competitive,freight-rail-wins-bulk-road-wins-express,heuristic-planning
COLUMBUS,Columbus,T1,national_transfer_hub,GAINESVILLE,Gainesville,T1,service_stop,982,364,long-gap-review,6,0,I-75,COLUMBUS;CINCINNATI;KNX;CHATTANOOGA;ATL;GAINESVILLE,T1,21.2,18.1,24h overnight,19.4,13.6,4.5,not-time-competitive,freight-rail-wins-bulk-road-wins-express,heuristic-planning
COLUMBUS,Columbus,T1,national_transfer_hub,RENO,Reno,T1,service_stop,3109,1337,needs-intermediate-stops,11,7,I-75;I-65;I-40;I-30;US70;I-10;I-5;I-80,COLUMBUS;CINCINNATI;LOUISVILLE;NASHVILLE;MEM;LITTLE_ROCK;PHX;LA;CENTRAL_VALLEY;SAC;RENO,T1,69.3,58.8,72h three-day,60.5,43.3,8.7,not-time-competitive,freight-rail-wins-bulk-road-wins-express,heuristic-planning
COLUMBUS,Columbus,T1,national_transfer_hub,SLC,Salt Lake,T1,national_transfer_hub,3612,1337,needs-intermediate-stops,12,7,I-75;I-65;I-40;I-30;US70;I-10;I-5;I-80,COLUMBUS;CINCINNATI;LOUISVILLE;NASHVILLE;MEM;LITTLE_ROCK;PHX;LA;CENTRAL_VALLEY;SAC;RENO;SLC,T1,80.1,68.0,72h three-day,69.6,50.1,9.7,not-time-competitive,freight-rail-wins-bulk-road-wins-express,heuristic-planning
COLUMBUS,Columbus,T1,national_transfer_hub,BOI,Boise,T2,national_transfer_hub,3954,1337,needs-intermediate-stops,12,7,I-75;I-65;I-40;I-30;US70;I-10;I-5;I-84,COLUMBUS;CINCINNATI;LOUISVILLE;NASHVILLE;MEM;LITTLE_ROCK;PHX;LA;CENTRAL_VALLEY;SAC;POR;BOI,T1,87.4,74.2,>72h source-gated,75.8,54.6,10.4,not-time-competitive,freight-rail-wins-bulk-road-wins-express,heuristic-planning
COLUMBUS,Columbus,T1,national_transfer_hub,LEWISTON,Lewiston,T2,service_stop,4092,1337,needs-intermediate-stops,14,8,I-75;I-65;I-40;I-30;US70;I-10;I-5;I-90;US95,COLUMBUS;CINCINNATI;LOUISVILLE;NASHVILLE;MEM;LITTLE_ROCK;PHX;LA;CENTRAL_VALLEY;SAC;POR;SEA;SPK;LEWISTON,T1,90.8,77.1,>72h source-gated,78.7,56.7,10.7,not-time-competitive,freight-rail-wins-bulk-road-wins-express,heuristic-planning
COLUMBUS,Columbus,T1,national_transfer_hub,CHEYENNE,Cheyenne,T1,service_stop,4048,1337,needs-intermediate-stops,13,7,I-75;I-65;I-40;I-30;US70;I-10;I-5;I-80,COLUMBUS;CINCINNATI;LOUISVILLE;NASHVILLE;MEM;LITTLE_ROCK;PHX;LA;CENTRAL_VALLEY;SAC;RENO;SLC;CHEYENNE,T1,89.5,76.0,>72h source-gated,77.6,55.9,10.6,not-time-competitive,freight-rail-wins-bulk-road-wins-express,heuristic-planning
COLUMBUS,Columbus,T1,national_transfer_hub,FARGO,Fargo,T2,service_stop,3149,974,needs-intermediate-stops,11,7,I-75;I-65;I-40;I-30;US80;US83;I-90;I-29,COLUMBUS;CINCINNATI;LOUISVILLE;NASHVILLE;MEM;LITTLE_ROCK;DAL;ABILENE;RAPID_CITY;MIN;FARGO,T1,70.2,59.5,72h three-day,61.2,43.9,8.8,not-time-competitive,freight-rail-wins-bulk-road-wins-express,heuristic-planning
COLUMBUS,Columbus,T1,national_transfer_hub,NYC,New York,T2,transfer_hub,564,382,long-gap-review,3,1,I-70;I-81,COLUMBUS;PENNSYLVANIA;NYC,T1,12.4,10.6,12h half-day,12.1,8.2,3.6,not-time-competitive,corridor-specific-rail-check-needed,heuristic-planning
COLUMBUS,Columbus,T1,national_transfer_hub,SPK,Spokane,T1,service_stop,3988,1337,needs-intermediate-stops,13,7,I-75;I-65;I-40;I-30;US70;I-10;I-5;I-90,COLUMBUS;CINCINNATI;LOUISVILLE;NASHVILLE;MEM;LITTLE_ROCK;PHX;LA;CENTRAL_VALLEY;SAC;POR;SEA;SPK,T1,88.2,74.9,>72h source-gated,76.5,55.1,10.5,not-time-competitive,freight-rail-wins-bulk-road-wins-express,heuristic-planning
COLUMBUS,Columbus,T1,national_transfer_hub,BIL,Billings*,T1,national_transfer_hub,2647,974,needs-intermediate-stops,10,6,I-75;I-65;I-40;I-30;US80;US83;I-90,COLUMBUS;CINCINNATI;LOUISVILLE;NASHVILLE;MEM;LITTLE_ROCK;DAL;ABILENE;RAPID_CITY;BIL,T1,59.1,50.1,72h three-day,51.7,37.0,7.8,not-time-competitive,freight-rail-wins-bulk-road-wins-express,heuristic-planning
COLUMBUS,Columbus,T1,national_transfer_hub,RAPID_CITY,Rapid City,T2,national_transfer_hub,2313,974,needs-intermediate-stops,9,5,I-75;I-65;I-40;I-30;US80;US83,COLUMBUS;CINCINNATI;LOUISVILLE;NASHVILLE;MEM;LITTLE_ROCK;DAL;ABILENE;RAPID_CITY,T1,51.5,43.7,48h two-day,45.3,32.3,7.1,not-time-competitive,freight-rail-wins-bulk-road-wins-express,heuristic-planning
COLUMBUS,Columbus,T1,national_transfer_hub,MILWAUKEE,Milwaukee,T1,service_stop,3248,974,needs-intermediate-stops,11,6,I-75;I-65;I-40;I-30;US80;US83;I-90,COLUMBUS;CINCINNATI;LOUISVILLE;NASHVILLE;MEM;LITTLE_ROCK;DAL;ABILENE;RAPID_CITY;MIN;MILWAUKEE,T1,71.9,61.1,72h three-day,62.6,45.0,9.0,not-time-competitive,freight-rail-wins-bulk-road-wins-express,heuristic-planning
COLUMBUS,Columbus,T1,national_transfer_hub,PHILADELPHIA,Philadelphia,T2,service_stop,492,382,long-gap-review,3,1,I-70;I-76,COLUMBUS;PENNSYLVANIA;PHILADELPHIA,T1,10.9,9.3,12h half-day,10.8,7.3,3.5,not-time-competitive,corridor-specific-rail-check-needed,heuristic-planning
COLUMBUS,Columbus,T1,national_transfer_hub,DC,Washington,T1,service_stop,494,382,long-gap-review,3,0,I-70,COLUMBUS;PENNSYLVANIA;DC,T1,10.6,9.1,12h half-day,10.5,7.1,3.5,not-time-competitive,corridor-specific-rail-check-needed,heuristic-planning
COLUMBUS,Columbus,T1,national_transfer_hub,RIC,Richmond,T1,national_transfer_hub,608,382,long-gap-review,4,1,I-70;I-95,COLUMBUS;PENNSYLVANIA;DC;RIC,T1,13.4,11.4,12h half-day,12.9,8.8,3.7,not-time-competitive,corridor-specific-rail-check-needed,heuristic-planning
COLUMBUS,Columbus,T1,national_transfer_hub,BEN,Benson,T1,transfer_hub,1047,382,long-gap-review,6,2,I-70;I-95;I-40,COLUMBUS;PENNSYLVANIA;DC;RIC;FLO;BEN,T1,23.3,19.8,24h overnight,21.2,14.9,4.6,not-time-competitive,freight-rail-wins-bulk-road-wins-express,heuristic-planning
COLUMBUS,Columbus,T1,national_transfer_hub,GREENVILLE,Greenville,T2,service_stop,779,259,long-gap-review,6,1,I-75;I-85,COLUMBUS;CINCINNATI;KNX;CHATTANOOGA;ATL;GREENVILLE,T1,17.2,14.7,24h overnight,16.0,11.1,4.1,not-time-competitive,freight-rail-wins-bulk-road-wins-express,heuristic-planning
COLUMBUS,Columbus,T1,national_transfer_hub,GREENSBORO,Greensboro,T2,service_stop,803,382,long-gap-review,5,2,I-70;I-95;I-85,COLUMBUS;PENNSYLVANIA;DC;RIC;GREENSBORO,T1,18.0,15.3,24h overnight,16.8,11.6,4.1,not-time-competitive,freight-rail-wins-bulk-road-wins-express,heuristic-planning
COLUMBUS,Columbus,T1,national_transfer_hub,MOBILE,Mobile,T2,service_stop,867,246,sla-stop-rhythm-ok,6,1,I-75;I-65,COLUMBUS;CINCINNATI;LOUISVILLE;NASHVILLE;BHM_APPROACH;MOBILE,T1,19.1,16.3,24h overnight,17.6,12.3,4.2,not-time-competitive,freight-rail-wins-bulk-road-wins-express,heuristic-planning
COLUMBUS,Columbus,T1,national_transfer_hub,LOUISVILLE,Louisville,T2,national_transfer_hub,225,118,sla-stop-rhythm-ok,3,1,I-75;I-65,COLUMBUS;CINCINNATI;LOUISVILLE,T1,5.2,4.4,6h local,5.9,3.7,2.9,near-competitive-short-haul,corridor-specific-rail-check-needed,heuristic-planning
COLUMBUS,Columbus,T1,national_transfer_hub,LITTLE_ROCK,Little Rock,T2,national_transfer_hub,790,232,sla-stop-rhythm-ok,6,3,I-75;I-65;I-40;I-30,COLUMBUS;CINCINNATI;LOUISVILLE;NASHVILLE;MEM;LITTLE_ROCK,T1,18.2,15.4,24h overnight,16.9,11.6,4.1,not-time-competitive,freight-rail-wins-bulk-road-wins-express,heuristic-planning
COLUMBUS,Columbus,T1,national_transfer_hub,LAS_VEGAS,Las Vegas,T2,service_stop,4040,1337,needs-intermediate-stops,13,8,I-75;I-65;I-40;I-30;US70;I-10;I-5;I-80;I-15,COLUMBUS;CINCINNATI;LOUISVILLE;NASHVILLE;MEM;LITTLE_ROCK;PHX;LA;CENTRAL_VALLEY;SAC;RENO;SLC;LAS_VEGAS,T1,89.6,76.1,>72h source-gated,77.8,56.0,10.6,not-time-competitive,freight-rail-wins-bulk-road-wins-express,heuristic-planning
COLUMBUS,Columbus,T1,national_transfer_hub,DEN,Denver,T1,national_transfer_hub,4049,1337,needs-intermediate-stops,13,8,I-75;I-65;I-40;I-30;US70;I-10;I-5;I-80;I-70,COLUMBUS;CINCINNATI;LOUISVILLE;NASHVILLE;MEM;LITTLE_ROCK;PHX;LA;CENTRAL_VALLEY;SAC;RENO;SLC;DEN,T1,89.8,76.3,>72h source-gated,77.9,56.1,10.6,not-time-competitive,freight-rail-wins-bulk-road-wins-express,heuristic-planning
COLUMBUS,Columbus,T1,national_transfer_hub,CAPITAL_BELTWAY_N,Capital North,T2,service_stop,505,382,long-gap-review,4,1,I-70;I-495,COLUMBUS;PENNSYLVANIA;DC;CAPITAL_BELTWAY_N,T1,11.3,9.6,12h half-day,11.0,7.4,3.5,not-time-competitive,corridor-specific-rail-check-needed,heuristic-planning
COLUMBUS,Columbus,T1,national_transfer_hub,CAPITAL_BELTWAY_E,Capital East,T2,service_stop,516,382,long-gap-review,5,1,I-70;I-495,COLUMBUS;PENNSYLVANIA;DC;CAPITAL_BELTWAY_S;CAPITAL_BELTWAY_E,T1,11.6,9.8,12h half-day,11.2,7.6,3.5,not-time-competitive,corridor-specific-rail-check-needed,heuristic-planning
COLUMBUS,Columbus,T1,national_transfer_hub,CAPITAL_BELTWAY_S,Capital South,T2,service_stop,503,382,long-gap-review,4,1,I-70;I-495,COLUMBUS;PENNSYLVANIA;DC;CAPITAL_BELTWAY_S,T1,11.2,9.5,12h half-day,11.0,7.4,3.5,not-time-competitive,corridor-specific-rail-check-needed,heuristic-planning
COLUMBUS,Columbus,T1,national_transfer_hub,JOPLIN,Joplin,T2,service_stop,1720,374,long-gap-review,9,5,I-75;I-65;I-40;I-30;I-20;I-49,COLUMBUS;CINCINNATI;LOUISVILLE;NASHVILLE;MEM;LITTLE_ROCK;DAL;SHV;JOPLIN,T1,38.9,33.0,36h next-day,34.5,24.4,5.9,not-time-competitive,freight-rail-wins-bulk-road-wins-express,heuristic-planning
COLUMBUS,Columbus,T1,national_transfer_hub,ROANOKE,Roanoke,T2,service_stop,658,281,long-gap-review,4,1,I-75;I-81,COLUMBUS;CINCINNATI;KNX;ROANOKE,T1,14.5,12.3,24h overnight,13.8,9.5,3.8,not-time-competitive,corridor-specific-rail-check-needed,heuristic-planning
COLUMBUS,Columbus,T1,national_transfer_hub,HAGERSTOWN,Hagerstown,T2,service_stop,456,382,long-gap-review,3,1,I-70;I-81,COLUMBUS;PENNSYLVANIA;HAGERSTOWN,T1,10.1,8.6,12h half-day,10.1,6.8,3.4,not-time-competitive,corridor-specific-rail-check-needed,heuristic-planning
COLUMBUS,Columbus,T1,national_transfer_hub,STL,St. Louis,T1,national_transfer_hub,470,272,long-gap-review,3,0,I-70,COLUMBUS;INDY_APPROACH;STL,T1,10.1,8.6,12h half-day,10.0,6.8,3.4,not-time-competitive,corridor-specific-rail-check-needed,heuristic-planning
COLUMBUS,Columbus,T1,national_transfer_hub,PITTSBURGH,Pittsburgh,T2,service_stop,577,382,long-gap-review,3,1,I-70;I-76,COLUMBUS;PENNSYLVANIA;PITTSBURGH,T1,12.7,10.8,12h half-day,12.3,8.4,3.7,not-time-competitive,corridor-specific-rail-check-needed,heuristic-planning
COLUMBUS,Columbus,T1,national_transfer_hub,PENNSYLVANIA,Harrisburg,T1,national_transfer_hub,382,382,long-gap-review,2,0,I-70,COLUMBUS;PENNSYLVANIA,T1,8.1,7.0,12h half-day,8.5,5.6,3.3,not-time-competitive,corridor-specific-rail-check-needed,heuristic-planning
COLUMBUS,Columbus,T1,national_transfer_hub,GULFPORT,Gulfport,T1,national_transfer_hub,945,246,sla-stop-rhythm-ok,7,2,I-75;I-65;I-10,COLUMBUS;CINCINNATI;LOUISVILLE;NASHVILLE;BHM_APPROACH;MOBILE;GULFPORT,T1,21.2,18.0,24h overnight,19.4,13.5,4.4,not-time-competitive,freight-rail-wins-bulk-road-wins-express,heuristic-planning
COLUMBUS,Columbus,T1,national_transfer_hub,CORPUS,Corpus Christi,T2,national_transfer_hub,1587,345,long-gap-review,9,5,I-75;I-65;I-40;I-30;I-35;I-37,COLUMBUS;CINCINNATI;LOUISVILLE;NASHVILLE;MEM;LITTLE_ROCK;DAL;SAT;CORPUS,T1,36.1,30.5,36h next-day,32.1,22.7,5.7,not-time-competitive,freight-rail-wins-bulk-road-wins-express,heuristic-planning
CINCINNATI,Cincinnati,T1,national_transfer_hub,CHATTANOOGA,Chattanooga,T1,service_stop,377,259,long-gap-review,3,0,I-75,CINCINNATI;KNX;CHATTANOOGA,T1,8.1,6.9,12h half-day,8.4,5.5,3.3,not-time-competitive,corridor-specific-rail-check-needed,heuristic-planning
CINCINNATI,Cincinnati,T1,national_transfer_hub,MONTGOMERY,Montgomery,T2,service_stop,672,259,long-gap-review,5,1,I-75;US80,CINCINNATI;KNX;CHATTANOOGA;ATL;MONTGOMERY,T1,14.9,12.6,24h overnight,14.1,9.7,3.8,not-time-competitive,corridor-specific-rail-check-needed,heuristic-planning
CINCINNATI,Cincinnati,T1,national_transfer_hub,GAINESVILLE,Gainesville,T1,service_stop,864,364,long-gap-review,5,0,I-75,CINCINNATI;KNX;CHATTANOOGA;ATL;GAINESVILLE,T1,18.6,15.9,24h overnight,17.2,12.0,4.2,not-time-competitive,freight-rail-wins-bulk-road-wins-express,heuristic-planning
CINCINNATI,Cincinnati,T2,national_transfer_hub,RENO,Reno,T1,service_stop,2991,1337,needs-intermediate-stops,10,6,I-65;I-40;I-30;US70;I-10;I-5;I-80,CINCINNATI;LOUISVILLE;NASHVILLE;MEM;LITTLE_ROCK;PHX;LA;CENTRAL_VALLEY;SAC;RENO,T1,66.4,56.4,72h three-day,58.0,41.6,8.5,not-time-competitive,freight-rail-wins-bulk-road-wins-express,heuristic-planning
CINCINNATI,Cincinnati,T2,national_transfer_hub,SLC,Salt Lake,T1,national_transfer_hub,3494,1337,needs-intermediate-stops,11,6,I-65;I-40;I-30;US70;I-10;I-5;I-80,CINCINNATI;LOUISVILLE;NASHVILLE;MEM;LITTLE_ROCK;PHX;LA;CENTRAL_VALLEY;SAC;RENO;SLC,T1,77.2,65.6,72h three-day,67.1,48.3,9.5,not-time-competitive,freight-rail-wins-bulk-road-wins-express,heuristic-planning
CINCINNATI,Cincinnati,T2,national_transfer_hub,BOI,Boise,T2,national_transfer_hub,3836,1337,needs-intermediate-stops,11,6,I-65;I-40;I-30;US70;I-10;I-5;I-84,CINCINNATI;LOUISVILLE;NASHVILLE;MEM;LITTLE_ROCK;PHX;LA;CENTRAL_VALLEY;SAC;POR;BOI,T1,84.4,71.8,72h three-day,73.4,52.9,10.2,not-time-competitive,freight-rail-wins-bulk-road-wins-express,heuristic-planning
CINCINNATI,Cincinnati,T2,national_transfer_hub,LEWISTON,Lewiston,T2,service_stop,3974,1337,needs-intermediate-stops,13,7,I-65;I-40;I-30;US70;I-10;I-5;I-90;US95,CINCINNATI;LOUISVILLE;NASHVILLE;MEM;LITTLE_ROCK;PHX;LA;CENTRAL_VALLEY;SAC;POR;SEA;SPK;LEWISTON,T1,87.9,74.7,>72h source-gated,76.2,54.9,10.4,not-time-competitive,freight-rail-wins-bulk-road-wins-express,heuristic-planning
CINCINNATI,Cincinnati,T2,national_transfer_hub,CHEYENNE,Cheyenne,T1,service_stop,3930,1337,needs-intermediate-stops,12,6,I-65;I-40;I-30;US70;I-10;I-5;I-80,CINCINNATI;LOUISVILLE;NASHVILLE;MEM;LITTLE_ROCK;PHX;LA;CENTRAL_VALLEY;SAC;RENO;SLC;CHEYENNE,T1,86.5,73.6,>72h source-gated,75.1,54.1,10.4,not-time-competitive,freight-rail-wins-bulk-road-wins-express,heuristic-planning
CINCINNATI,Cincinnati,T2,national_transfer_hub,FARGO,Fargo,T2,service_stop,3030,974,needs-intermediate-stops,10,6,I-65;I-40;I-30;US80;US83;I-90;I-29,CINCINNATI;LOUISVILLE;NASHVILLE;MEM;LITTLE_ROCK;DAL;ABILENE;RAPID_CITY;MIN;FARGO,T1,67.2,57.1,72h three-day,58.7,42.1,8.6,not-time-competitive,freight-rail-wins-bulk-road-wins-express,heuristic-planning
CINCINNATI,Cincinnati,T1,national_transfer_hub,NYC,New York,T2,transfer_hub,682,382,long-gap-review,4,2,I-75;I-70;I-81,CINCINNATI;COLUMBUS;PENNSYLVANIA;NYC,T1,15.4,13.0,24h overnight,14.6,10.0,3.9,not-time-competitive,corridor-specific-rail-check-needed,heuristic-planning
CINCINNATI,Cincinnati,T2,national_transfer_hub,SPK,Spokane,T1,service_stop,3870,1337,needs-intermediate-stops,12,6,I-65;I-40;I-30;US70;I-10;I-5;I-90,CINCINNATI;LOUISVILLE;NASHVILLE;MEM;LITTLE_ROCK;PHX;LA;CENTRAL_VALLEY;SAC;POR;SEA;SPK,T1,85.2,72.5,>72h source-gated,74.0,53.3,10.2,not-time-competitive,freight-rail-wins-bulk-road-wins-express,heuristic-planning
CINCINNATI,Cincinnati,T2,national_transfer_hub,BIL,Billings*,T1,national_transfer_hub,2529,974,needs-intermediate-stops,9,5,I-65;I-40;I-30;US80;US83;I-90,CINCINNATI;LOUISVILLE;NASHVILLE;MEM;LITTLE_ROCK;DAL;ABILENE;RAPID_CITY;BIL,T1,56.1,47.7,48h two-day,49.2,35.2,7.6,not-time-competitive,freight-rail-wins-bulk-road-wins-express,heuristic-planning
CINCINNATI,Cincinnati,T2,national_transfer_hub,RAPID_CITY,Rapid City,T2,national_transfer_hub,2195,974,needs-intermediate-stops,8,4,I-65;I-40;I-30;US80;US83,CINCINNATI;LOUISVILLE;NASHVILLE;MEM;LITTLE_ROCK;DAL;ABILENE;RAPID_CITY,T1,48.6,41.3,48h two-day,42.8,30.6,6.9,not-time-competitive,freight-rail-wins-bulk-road-wins-express,heuristic-planning
CINCINNATI,Cincinnati,T2,national_transfer_hub,MILWAUKEE,Milwaukee,T1,service_stop,3130,974,needs-intermediate-stops,10,5,I-65;I-40;I-30;US80;US83;I-90,CINCINNATI;LOUISVILLE;NASHVILLE;MEM;LITTLE_ROCK;DAL;ABILENE;RAPID_CITY;MIN;MILWAUKEE,T1,69.0,58.6,72h three-day,60.2,43.2,8.8,not-time-competitive,freight-rail-wins-bulk-road-wins-express,heuristic-planning
CINCINNATI,Cincinnati,T1,national_transfer_hub,PHILADELPHIA,Philadelphia,T2,service_stop,610,382,long-gap-review,4,2,I-75;I-70;I-76,CINCINNATI;COLUMBUS;PENNSYLVANIA;PHILADELPHIA,T1,13.8,11.7,12h half-day,13.3,9.0,3.7,not-time-competitive,corridor-specific-rail-check-needed,heuristic-planning
CINCINNATI,Cincinnati,T1,national_transfer_hub,DC,Washington,T1,service_stop,613,382,long-gap-review,4,1,I-75;I-70,CINCINNATI;COLUMBUS;PENNSYLVANIA;DC,T1,13.5,11.5,12h half-day,13.0,8.9,3.7,not-time-competitive,corridor-specific-rail-check-needed,heuristic-planning
CINCINNATI,Cincinnati,T1,national_transfer_hub,RIC,Richmond,T1,national_transfer_hub,726,382,long-gap-review,5,2,I-75;I-70;I-95,CINCINNATI;COLUMBUS;PENNSYLVANIA;DC;RIC,T1,16.4,13.9,24h overnight,15.4,10.6,4.0,not-time-competitive,freight-rail-wins-bulk-road-wins-express,heuristic-planning
CINCINNATI,Cincinnati,T1,national_transfer_hub,BEN,Benson,T1,transfer_hub,1165,382,long-gap-review,7,3,I-75;I-70;I-95;I-40,CINCINNATI;COLUMBUS;PENNSYLVANIA;DC;RIC;FLO;BEN,T1,26.2,22.2,24h overnight,23.7,16.6,4.8,not-time-competitive,freight-rail-wins-bulk-road-wins-express,heuristic-planning
CINCINNATI,Cincinnati,T1,national_transfer_hub,GREENVILLE,Greenville,T2,service_stop,661,259,long-gap-review,5,1,I-75;I-85,CINCINNATI;KNX;CHATTANOOGA;ATL;GREENVILLE,T1,14.7,12.5,24h overnight,13.9,9.5,3.8,not-time-competitive,corridor-specific-rail-check-needed,heuristic-planning
CINCINNATI,Cincinnati,T1,national_transfer_hub,GREENSBORO,Greensboro,T2,service_stop,867,259,long-gap-review,7,1,I-75;I-85,CINCINNATI;KNX;CHATTANOOGA;ATL;GREENVILLE;CLT;GREENSBORO,T1,19.2,16.3,24h overnight,17.6,12.3,4.2,not-time-competitive,freight-rail-wins-bulk-road-wins-express,heuristic-planning
CINCINNATI,Cincinnati,T2,national_transfer_hub,MOBILE,Mobile,T2,service_stop,749,246,sla-stop-rhythm-ok,5,0,I-65,CINCINNATI;LOUISVILLE;NASHVILLE;BHM_APPROACH;MOBILE,T2,16.2,13.8,24h overnight,15.1,10.5,4.0,not-time-competitive,freight-rail-wins-bulk-road-wins-express,heuristic-planning
CINCINNATI,Cincinnati,T2,national_transfer_hub,LOUISVILLE,Louisville,T2,national_transfer_hub,107,107,sla-stop-rhythm-ok,2,0,I-65,CINCINNATI;LOUISVILLE,T2,2.3,1.9,6h local,3.4,1.9,2.7,time-competitive,rail-often-absent-road-flexibility-case,heuristic-planning
CINCINNATI,Cincinnati,T2,national_transfer_hub,LITTLE_ROCK,Little Rock,T2,national_transfer_hub,672,232,sla-stop-rhythm-ok,5,2,I-65;I-40;I-30,CINCINNATI;LOUISVILLE;NASHVILLE;MEM;LITTLE_ROCK,T1,15.2,12.9,24h overnight,14.4,9.9,3.8,not-time-competitive,corridor-specific-rail-check-needed,heuristic-planning
CINCINNATI,Cincinnati,T2,national_transfer_hub,LAS_VEGAS,Las Vegas,T2,service_stop,3922,1337,needs-intermediate-stops,12,7,I-65;I-40;I-30;US70;I-10;I-5;I-80;I-15,CINCINNATI;LOUISVILLE;NASHVILLE;MEM;LITTLE_ROCK;PHX;LA;CENTRAL_VALLEY;SAC;RENO;SLC;LAS_VEGAS,T1,86.7,73.7,>72h source-gated,75.3,54.2,10.3,not-time-competitive,freight-rail-wins-bulk-road-wins-express,heuristic-planning
CINCINNATI,Cincinnati,T2,national_transfer_hub,DEN,Denver,T1,national_transfer_hub,3931,1337,needs-intermediate-stops,12,7,I-65;I-40;I-30;US70;I-10;I-5;I-80;I-70,CINCINNATI;LOUISVILLE;NASHVILLE;MEM;LITTLE_ROCK;PHX;LA;CENTRAL_VALLEY;SAC;RENO;SLC;DEN,T1,86.9,73.8,>72h source-gated,75.4,54.3,10.4,not-time-competitive,freight-rail-wins-bulk-road-wins-express,heuristic-planning
CINCINNATI,Cincinnati,T1,national_transfer_hub,CAPITAL_BELTWAY_N,Capital North,T2,service_stop,623,382,long-gap-review,5,2,I-75;I-70;I-495,CINCINNATI;COLUMBUS;PENNSYLVANIA;DC;CAPITAL_BELTWAY_N,T1,14.2,12.0,24h overnight,13.5,9.2,3.7,not-time-competitive,corridor-specific-rail-check-needed,heuristic-planning
CINCINNATI,Cincinnati,T1,national_transfer_hub,CAPITAL_BELTWAY_E,Capital East,T2,service_stop,634,382,long-gap-review,6,2,I-75;I-70;I-495,CINCINNATI;COLUMBUS;PENNSYLVANIA;DC;CAPITAL_BELTWAY_S;CAPITAL_BELTWAY_E,T1,14.5,12.3,24h overnight,13.7,9.4,3.8,not-time-competitive,corridor-specific-rail-check-needed,heuristic-planning
CINCINNATI,Cincinnati,T1,national_transfer_hub,CAPITAL_BELTWAY_S,Capital South,T2,service_stop,621,382,long-gap-review,5,2,I-75;I-70;I-495,CINCINNATI;COLUMBUS;PENNSYLVANIA;DC;CAPITAL_BELTWAY_S,T1,14.2,12.0,12h half-day,13.5,9.2,3.7,not-time-competitive,corridor-specific-rail-check-needed,heuristic-planning
CINCINNATI,Cincinnati,T2,national_transfer_hub,JOPLIN,Joplin,T2,service_stop,1602,374,long-gap-review,8,4,I-65;I-40;I-30;I-20;I-49,CINCINNATI;LOUISVILLE;NASHVILLE;MEM;LITTLE_ROCK;DAL;SHV;JOPLIN,T1,36.0,30.5,36h next-day,32.0,22.7,5.7,not-time-competitive,freight-rail-wins-bulk-road-wins-express,heuristic-planning
CINCINNATI,Cincinnati,T1,national_transfer_hub,ROANOKE,Roanoke,T2,service_stop,540,281,long-gap-review,3,1,I-75;I-81,CINCINNATI;KNX;ROANOKE,T1,11.9,10.1,12h half-day,11.7,7.9,3.6,not-time-competitive,corridor-specific-rail-check-needed,heuristic-planning
CINCINNATI,Cincinnati,T1,national_transfer_hub,HAGERSTOWN,Hagerstown,T2,service_stop,574,382,long-gap-review,4,2,I-75;I-70;I-81,CINCINNATI;COLUMBUS;PENNSYLVANIA;HAGERSTOWN,T1,13.1,11.1,12h half-day,12.6,8.6,3.6,not-time-competitive,corridor-specific-rail-check-needed,heuristic-planning
CINCINNATI,Cincinnati,T1,national_transfer_hub,STL,St. Louis,T1,national_transfer_hub,588,272,long-gap-review,4,1,I-75;I-70,CINCINNATI;COLUMBUS;INDY_APPROACH;STL,T1,13.0,11.1,12h half-day,12.5,8.5,3.7,not-time-competitive,corridor-specific-rail-check-needed,heuristic-planning
CINCINNATI,Cincinnati,T1,national_transfer_hub,PITTSBURGH,Pittsburgh,T2,service_stop,695,382,long-gap-review,4,2,I-75;I-70;I-76,CINCINNATI;COLUMBUS;PENNSYLVANIA;PITTSBURGH,T1,15.6,13.3,24h overnight,14.8,10.2,3.9,not-time-competitive,corridor-specific-rail-check-needed,heuristic-planning
CINCINNATI,Cincinnati,T1,national_transfer_hub,PENNSYLVANIA,Harrisburg,T1,national_transfer_hub,500,382,long-gap-review,3,1,I-75;I-70,CINCINNATI;COLUMBUS;PENNSYLVANIA,T1,11.1,9.4,12h half-day,10.9,7.4,3.5,not-time-competitive,corridor-specific-rail-check-needed,heuristic-planning
CINCINNATI,Cincinnati,T2,national_transfer_hub,GULFPORT,Gulfport,T1,national_transfer_hub,827,246,sla-stop-rhythm-ok,6,1,I-65;I-10,CINCINNATI;LOUISVILLE;NASHVILLE;BHM_APPROACH;MOBILE;GULFPORT,T1,18.3,15.5,24h overnight,16.9,11.7,4.2,not-time-competitive,freight-rail-wins-bulk-road-wins-express,heuristic-planning
CINCINNATI,Cincinnati,T2,national_transfer_hub,CORPUS,Corpus Christi,T2,national_transfer_hub,1469,345,long-gap-review,8,4,I-65;I-40;I-30;I-35;I-37,CINCINNATI;LOUISVILLE;NASHVILLE;MEM;LITTLE_ROCK;DAL;SAT;CORPUS,T1,33.1,28.1,36h next-day,29.6,20.9,5.4,not-time-competitive,freight-rail-wins-bulk-road-wins-express,heuristic-planning
CHATTANOOGA,Chattanooga,T1,service_stop,MONTGOMERY,Montgomery,T2,service_stop,295,172,sla-stop-rhythm-ok,3,1,I-75;US80,CHATTANOOGA;ATL;MONTGOMERY,T1,6.7,5.7,6h local,7.2,4.6,3.1,not-time-competitive,corridor-specific-rail-check-needed,heuristic-planning
CHATTANOOGA,Chattanooga,T1,service_stop,GAINESVILLE,Gainesville,T1,service_stop,487,364,long-gap-review,3,0,I-75,CHATTANOOGA;ATL;GAINESVILLE,T1,10.4,8.9,12h half-day,10.3,7.0,3.5,not-time-competitive,corridor-specific-rail-check-needed,heuristic-planning
CHATTANOOGA,Chattanooga,T1,service_stop,RENO,Reno,T1,service_stop,3002,1337,needs-intermediate-stops,8,4,I-75;US70;I-10;I-5;I-80,CHATTANOOGA;KNX;LITTLE_ROCK;PHX;LA;CENTRAL_VALLEY;SAC;RENO,T1,65.7,55.9,72h three-day,57.5,41.3,8.5,not-time-competitive,freight-rail-wins-bulk-road-wins-express,heuristic-planning
CHATTANOOGA,Chattanooga,T1,service_stop,SLC,Salt Lake,T1,national_transfer_hub,3505,1337,needs-intermediate-stops,9,4,I-75;US70;I-10;I-5;I-80,CHATTANOOGA;KNX;LITTLE_ROCK;PHX;LA;CENTRAL_VALLEY;SAC;RENO;SLC,T1,76.5,65.1,72h three-day,66.6,48.0,9.5,not-time-competitive,freight-rail-wins-bulk-road-wins-express,heuristic-planning
CHATTANOOGA,Chattanooga,T1,service_stop,BOI,Boise,T2,national_transfer_hub,3847,1337,needs-intermediate-stops,9,4,I-75;US70;I-10;I-5;I-84,CHATTANOOGA;KNX;LITTLE_ROCK;PHX;LA;CENTRAL_VALLEY;SAC;POR;BOI,T1,83.8,71.4,72h three-day,72.9,52.6,10.2,not-time-competitive,freight-rail-wins-bulk-road-wins-express,heuristic-planning
CHATTANOOGA,Chattanooga,T1,service_stop,LEWISTON,Lewiston,T2,service_stop,3985,1337,needs-intermediate-stops,11,5,I-75;US70;I-10;I-5;I-90;US95,CHATTANOOGA;KNX;LITTLE_ROCK;PHX;LA;CENTRAL_VALLEY;SAC;POR;SEA;SPK;LEWISTON,T1,87.3,74.2,>72h source-gated,75.7,54.6,10.5,not-time-competitive,freight-rail-wins-bulk-road-wins-express,heuristic-planning
CHATTANOOGA,Chattanooga,T1,service_stop,CHEYENNE,Cheyenne,T1,service_stop,3941,1337,needs-intermediate-stops,10,4,I-75;US70;I-10;I-5;I-80,CHATTANOOGA;KNX;LITTLE_ROCK;PHX;LA;CENTRAL_VALLEY;SAC;RENO;SLC;CHEYENNE,T1,85.9,73.1,>72h source-gated,74.6,53.9,10.4,not-time-competitive,freight-rail-wins-bulk-road-wins-express,heuristic-planning
CHATTANOOGA,Chattanooga,T1,service_stop,FARGO,Fargo,T2,service_stop,3042,974,needs-intermediate-stops,8,6,I-75;US70;I-30;US80;US83;I-90;I-29,CHATTANOOGA;KNX;LITTLE_ROCK;DAL;ABILENE;RAPID_CITY;MIN;FARGO,T1,67.3,57.2,72h three-day,58.9,42.3,8.6,not-time-competitive,freight-rail-wins-bulk-road-wins-express,heuristic-planning
CHATTANOOGA,Chattanooga,T1,service_stop,NYC,New York,T2,transfer_hub,1059,382,long-gap-review,6,2,I-75;I-70;I-81,CHATTANOOGA;KNX;CINCINNATI;COLUMBUS;PENNSYLVANIA;NYC,T1,23.6,20.0,24h overnight,21.5,15.0,4.6,not-time-competitive,freight-rail-wins-bulk-road-wins-express,heuristic-planning
CHATTANOOGA,Chattanooga,T1,service_stop,SPK,Spokane,T1,service_stop,3881,1337,needs-intermediate-stops,10,4,I-75;US70;I-10;I-5;I-90,CHATTANOOGA;KNX;LITTLE_ROCK;PHX;LA;CENTRAL_VALLEY;SAC;POR;SEA;SPK,T1,84.6,72.0,>72h source-gated,73.5,53.0,10.3,not-time-competitive,freight-rail-wins-bulk-road-wins-express,heuristic-planning
CHATTANOOGA,Chattanooga,T1,service_stop,BIL,Billings*,T1,national_transfer_hub,2540,974,needs-intermediate-stops,7,5,I-75;US70;I-30;US80;US83;I-90,CHATTANOOGA;KNX;LITTLE_ROCK;DAL;ABILENE;RAPID_CITY;BIL,T1,56.2,47.7,48h two-day,49.4,35.4,7.6,not-time-competitive,freight-rail-wins-bulk-road-wins-express,heuristic-planning
CHATTANOOGA,Chattanooga,T1,service_stop,RAPID_CITY,Rapid City,T2,national_transfer_hub,2206,974,needs-intermediate-stops,6,4,I-75;US70;I-30;US80;US83,CHATTANOOGA;KNX;LITTLE_ROCK;DAL;ABILENE;RAPID_CITY,T1,48.7,41.3,48h two-day,43.0,30.7,6.9,not-time-competitive,freight-rail-wins-bulk-road-wins-express,heuristic-planning
CHATTANOOGA,Chattanooga,T1,service_stop,MILWAUKEE,Milwaukee,T1,service_stop,3141,974,needs-intermediate-stops,8,5,I-75;US70;I-30;US80;US83;I-90,CHATTANOOGA;KNX;LITTLE_ROCK;DAL;ABILENE;RAPID_CITY;MIN;MILWAUKEE,T1,69.1,58.7,72h three-day,60.4,43.4,8.8,not-time-competitive,freight-rail-wins-bulk-road-wins-express,heuristic-planning
CHATTANOOGA,Chattanooga,T1,service_stop,PHILADELPHIA,Philadelphia,T2,service_stop,987,382,long-gap-review,6,2,I-75;I-70;I-76,CHATTANOOGA;KNX;CINCINNATI;COLUMBUS;PENNSYLVANIA;PHILADELPHIA,T1,22.0,18.7,24h overnight,20.2,14.1,4.5,not-time-competitive,freight-rail-wins-bulk-road-wins-express,heuristic-planning
CHATTANOOGA,Chattanooga,T1,service_stop,DC,Washington,T1,service_stop,990,382,long-gap-review,6,1,I-75;I-70,CHATTANOOGA;KNX;CINCINNATI;COLUMBUS;PENNSYLVANIA;DC,T1,21.7,18.5,24h overnight,19.8,13.9,4.5,not-time-competitive,freight-rail-wins-bulk-road-wins-express,heuristic-planning
CHATTANOOGA,Chattanooga,T1,service_stop,RIC,Richmond,T1,national_transfer_hub,1103,382,long-gap-review,7,2,I-75;I-70;I-95,CHATTANOOGA;KNX;CINCINNATI;COLUMBUS;PENNSYLVANIA;DC;RIC,T1,24.6,20.9,24h overnight,22.3,15.6,4.7,not-time-competitive,freight-rail-wins-bulk-road-wins-express,heuristic-planning
CHATTANOOGA,Chattanooga,T1,service_stop,BEN,Benson,T1,transfer_hub,1542,382,long-gap-review,9,3,I-75;I-70;I-95;I-40,CHATTANOOGA;KNX;CINCINNATI;COLUMBUS;PENNSYLVANIA;DC;RIC;FLO;BEN,T1,34.4,29.2,36h next-day,30.6,21.7,5.6,not-time-competitive,freight-rail-wins-bulk-road-wins-express,heuristic-planning
CHATTANOOGA,Chattanooga,T1,service_stop,GREENVILLE,Greenville,T2,service_stop,284,161,sla-stop-rhythm-ok,3,1,I-75;I-85,CHATTANOOGA;ATL;GREENVILLE,T1,6.5,5.5,6h local,7.0,4.5,3.1,near-competitive-short-haul,corridor-specific-rail-check-needed,heuristic-planning
CHATTANOOGA,Chattanooga,T1,service_stop,GREENSBORO,Greensboro,T2,service_stop,490,161,sla-stop-rhythm-ok,5,1,I-75;I-85,CHATTANOOGA;ATL;GREENVILLE;CLT;GREENSBORO,T1,11.0,9.3,12h half-day,10.8,7.2,3.5,not-time-competitive,corridor-specific-rail-check-needed,heuristic-planning
CHATTANOOGA,Chattanooga,T1,service_stop,MOBILE,Mobile,T1,service_stop,2075,565,needs-intermediate-stops,10,6,I-75;US70;I-30;I-35;I-10;US90;I-10,CHATTANOOGA;KNX;LITTLE_ROCK;DAL;SAT;HOU;BEAUMONT;LAFAYETTE;GULFPORT;MOBILE,T1,46.9,39.7,48h two-day,41.3,29.4,6.7,not-time-competitive,freight-rail-wins-bulk-road-wins-express,heuristic-planning
CHATTANOOGA,Chattanooga,T1,service_stop,LOUISVILLE,Louisville,T2,national_transfer_hub,484,259,long-gap-review,4,1,I-75;I-65,CHATTANOOGA;KNX;CINCINNATI;LOUISVILLE,T1,10.8,9.2,12h half-day,10.6,7.2,3.5,not-time-competitive,corridor-specific-rail-check-needed,heuristic-planning
CHATTANOOGA,Chattanooga,T1,service_stop,LITTLE_ROCK,Little Rock,T2,national_transfer_hub,683,565,needs-intermediate-stops,3,1,I-75;US70,CHATTANOOGA;KNX;LITTLE_ROCK,T1,15.0,12.7,24h overnight,14.3,9.8,3.9,not-time-competitive,corridor-specific-rail-check-needed,heuristic-planning
CHATTANOOGA,Chattanooga,T1,service_stop,LAS_VEGAS,Las Vegas,T2,service_stop,3933,1337,needs-intermediate-stops,10,5,I-75;US70;I-10;I-5;I-80;I-15,CHATTANOOGA;KNX;LITTLE_ROCK;PHX;LA;CENTRAL_VALLEY;SAC;RENO;SLC;LAS_VEGAS,T1,86.1,73.2,>72h source-gated,74.8,53.9,10.4,not-time-competitive,freight-rail-wins-bulk-road-wins-express,heuristic-planning
CHATTANOOGA,Chattanooga,T1,service_stop,DEN,Denver,T1,national_transfer_hub,3942,1337,needs-intermediate-stops,10,5,I-75;US70;I-10;I-5;I-80;I-70,CHATTANOOGA;KNX;LITTLE_ROCK;PHX;LA;CENTRAL_VALLEY;SAC;RENO;SLC;DEN,T1,86.3,73.4,>72h source-gated,74.9,54.1,10.4,not-time-competitive,freight-rail-wins-bulk-road-wins-express,heuristic-planning
CHATTANOOGA,Chattanooga,T1,service_stop,CAPITAL_BELTWAY_N,Capital North,T2,service_stop,1001,382,long-gap-review,7,2,I-75;I-70;I-495,CHATTANOOGA;KNX;CINCINNATI;COLUMBUS;PENNSYLVANIA;DC;CAPITAL_BELTWAY_N,T1,22.4,19.0,24h overnight,20.4,14.2,4.5,not-time-competitive,freight-rail-wins-bulk-road-wins-express,heuristic-planning
CHATTANOOGA,Chattanooga,T1,service_stop,CAPITAL_BELTWAY_E,Capital East,T2,service_stop,1011,382,long-gap-review,8,2,I-75;I-70;I-495,CHATTANOOGA;KNX;CINCINNATI;COLUMBUS;PENNSYLVANIA;DC;CAPITAL_BELTWAY_S;CAPITAL_BELTWAY_E,T1,22.7,19.2,24h overnight,20.6,14.4,4.5,not-time-competitive,freight-rail-wins-bulk-road-wins-express,heuristic-planning
CHATTANOOGA,Chattanooga,T1,service_stop,CAPITAL_BELTWAY_S,Capital South,T2,service_stop,999,382,long-gap-review,7,2,I-75;I-70;I-495,CHATTANOOGA;KNX;CINCINNATI;COLUMBUS;PENNSYLVANIA;DC;CAPITAL_BELTWAY_S,T1,22.3,19.0,24h overnight,20.4,14.2,4.5,not-time-competitive,freight-rail-wins-bulk-road-wins-express,heuristic-planning
CHATTANOOGA,Chattanooga,T1,service_stop,JOPLIN,Joplin,T2,service_stop,1613,565,needs-intermediate-stops,6,4,I-75;US70;I-30;I-20;I-49,CHATTANOOGA;KNX;LITTLE_ROCK;DAL;SHV;JOPLIN,T1,36.0,30.6,36h next-day,32.2,22.8,5.7,not-time-competitive,freight-rail-wins-bulk-road-wins-express,heuristic-planning
CHATTANOOGA,Chattanooga,T1,service_stop,ROANOKE,Roanoke,T2,service_stop,400,281,long-gap-review,3,1,I-75;I-81,CHATTANOOGA;KNX;ROANOKE,T1,8.9,7.6,12h half-day,9.1,6.0,3.3,not-time-competitive,corridor-specific-rail-check-needed,heuristic-planning
CHATTANOOGA,Chattanooga,T1,service_stop,HAGERSTOWN,Hagerstown,T2,service_stop,951,382,long-gap-review,6,2,I-75;I-70;I-81,CHATTANOOGA;KNX;CINCINNATI;COLUMBUS;PENNSYLVANIA;HAGERSTOWN,T1,21.3,18.0,24h overnight,19.5,13.6,4.4,not-time-competitive,freight-rail-wins-bulk-road-wins-express,heuristic-planning
CHATTANOOGA,Chattanooga,T1,service_stop,STL,St. Louis,T1,national_transfer_hub,965,272,long-gap-review,6,1,I-75;I-70,CHATTANOOGA;KNX;CINCINNATI;COLUMBUS;INDY_APPROACH;STL,T1,21.2,18.0,24h overnight,19.4,13.6,4.4,not-time-competitive,freight-rail-wins-bulk-road-wins-express,heuristic-planning
CHATTANOOGA,Chattanooga,T1,service_stop,PITTSBURGH,Pittsburgh,T2,service_stop,821,428,needs-intermediate-stops,5,2,I-75;I-85;I-77,CHATTANOOGA;ATL;GREENVILLE;CLT;PITTSBURGH,T1,18.4,15.6,24h overnight,17.1,11.8,4.1,not-time-competitive,freight-rail-wins-bulk-road-wins-express,heuristic-planning
CHATTANOOGA,Chattanooga,T1,service_stop,PENNSYLVANIA,Harrisburg,T1,national_transfer_hub,878,382,long-gap-review,5,1,I-75;I-70,CHATTANOOGA;KNX;CINCINNATI;COLUMBUS;PENNSYLVANIA,T1,19.3,16.4,24h overnight,17.8,12.4,4.3,not-time-competitive,freight-rail-wins-bulk-road-wins-express,heuristic-planning
CHATTANOOGA,Chattanooga,T1,service_stop,GULFPORT,Gulfport,T2,national_transfer_hub,1997,565,needs-intermediate-stops,9,5,I-75;US70;I-30;I-35;I-10;US90,CHATTANOOGA;KNX;LITTLE_ROCK;DAL;SAT;HOU;BEAUMONT;LAFAYETTE;GULFPORT,T1,44.8,38.0,48h two-day,39.6,28.1,6.5,not-time-competitive,freight-rail-wins-bulk-road-wins-express,heuristic-planning
CHATTANOOGA,Chattanooga,T1,service_stop,CORPUS,Corpus Christi,T2,national_transfer_hub,1480,565,needs-intermediate-stops,6,4,I-75;US70;I-30;I-35;I-37,CHATTANOOGA;KNX;LITTLE_ROCK;DAL;SAT;CORPUS,T1,33.2,28.2,36h next-day,29.8,21.0,5.5,not-time-competitive,freight-rail-wins-bulk-road-wins-express,heuristic-planning
MONTGOMERY,Montgomery,T2,service_stop,GAINESVILLE,Gainesville,T1,service_stop,536,364,long-gap-review,3,1,US80;I-75,MONTGOMERY;ATL;GAINESVILLE,T1,11.8,10.0,12h half-day,11.6,7.8,3.6,not-time-competitive,corridor-specific-rail-check-needed,heuristic-planning
MONTGOMERY,Montgomery,T2,service_stop,RENO,Reno,T1,service_stop,3064,1337,needs-intermediate-stops,10,7,US80;I-20;I-22;I-30;US70;I-10;I-5;I-80,MONTGOMERY;ATL;BHM_APPROACH;MEM;LITTLE_ROCK;PHX;LA;CENTRAL_VALLEY;SAC;RENO,T1,68.3,57.9,72h three-day,59.7,42.8,8.6,not-time-competitive,freight-rail-wins-bulk-road-wins-express,heuristic-planning
MONTGOMERY,Montgomery,T2,service_stop,SLC,Salt Lake,T1,national_transfer_hub,3567,1337,needs-intermediate-stops,11,7,US80;I-20;I-22;I-30;US70;I-10;I-5;I-80,MONTGOMERY;ATL;BHM_APPROACH;MEM;LITTLE_ROCK;PHX;LA;CENTRAL_VALLEY;SAC;RENO;SLC,T1,79.1,67.2,72h three-day,68.8,49.5,9.6,not-time-competitive,freight-rail-wins-bulk-road-wins-express,heuristic-planning
MONTGOMERY,Montgomery,T2,service_stop,BOI,Boise,T2,national_transfer_hub,3909,1337,needs-intermediate-stops,11,7,US80;I-20;I-22;I-30;US70;I-10;I-5;I-84,MONTGOMERY;ATL;BHM_APPROACH;MEM;LITTLE_ROCK;PHX;LA;CENTRAL_VALLEY;SAC;POR;BOI,T1,86.4,73.4,>72h source-gated,75.0,54.0,10.3,not-time-competitive,freight-rail-wins-bulk-road-wins-express,heuristic-planning
MONTGOMERY,Montgomery,T2,service_stop,LEWISTON,Lewiston,T2,service_stop,4047,1337,needs-intermediate-stops,13,8,US80;I-20;I-22;I-30;US70;I-10;I-5;I-90;US95,MONTGOMERY;ATL;BHM_APPROACH;MEM;LITTLE_ROCK;PHX;LA;CENTRAL_VALLEY;SAC;POR;SEA;SPK;LEWISTON,T1,89.8,76.2,>72h source-gated,77.9,56.1,10.6,not-time-competitive,freight-rail-wins-bulk-road-wins-express,heuristic-planning
MONTGOMERY,Montgomery,T2,service_stop,CHEYENNE,Cheyenne,T1,service_stop,4004,1337,needs-intermediate-stops,12,7,US80;I-20;I-22;I-30;US70;I-10;I-5;I-80,MONTGOMERY;ATL;BHM_APPROACH;MEM;LITTLE_ROCK;PHX;LA;CENTRAL_VALLEY;SAC;RENO;SLC;CHEYENNE,T1,88.4,75.1,>72h source-gated,76.7,55.3,10.5,not-time-competitive,freight-rail-wins-bulk-road-wins-express,heuristic-planning
MONTGOMERY,Montgomery,T2,service_stop,FARGO,Fargo,T2,service_stop,3104,974,needs-intermediate-stops,10,7,US80;I-20;I-22;I-30;US80;US83;I-90;I-29,MONTGOMERY;ATL;BHM_APPROACH;MEM;LITTLE_ROCK;DAL;ABILENE;RAPID_CITY;MIN;FARGO,T1,69.1,58.7,72h three-day,60.4,43.3,8.7,not-time-competitive,freight-rail-wins-bulk-road-wins-express,heuristic-planning
MONTGOMERY,Montgomery,T2,service_stop,NYC,New York,T2,transfer_hub,1354,382,long-gap-review,8,3,US80;I-75;I-70;I-81,MONTGOMERY;ATL;CHATTANOOGA;KNX;CINCINNATI;COLUMBUS;PENNSYLVANIA;NYC,T1,30.3,25.7,36h next-day,27.2,19.1,5.2,not-time-competitive,freight-rail-wins-bulk-road-wins-express,heuristic-planning
MONTGOMERY,Montgomery,T2,service_stop,SPK,Spokane,T1,service_stop,3943,1337,needs-intermediate-stops,12,7,US80;I-20;I-22;I-30;US70;I-10;I-5;I-90,MONTGOMERY;ATL;BHM_APPROACH;MEM;LITTLE_ROCK;PHX;LA;CENTRAL_VALLEY;SAC;POR;SEA;SPK,T1,87.2,74.0,>72h source-gated,75.6,54.5,10.4,not-time-competitive,freight-rail-wins-bulk-road-wins-express,heuristic-planning
MONTGOMERY,Montgomery,T2,service_stop,BIL,Billings*,T1,national_transfer_hub,2602,974,needs-intermediate-stops,9,6,US80;I-20;I-22;I-30;US80;US83;I-90,MONTGOMERY;ATL;BHM_APPROACH;MEM;LITTLE_ROCK;DAL;ABILENE;RAPID_CITY;BIL,T1,58.0,49.2,72h three-day,50.9,36.4,7.7,not-time-competitive,freight-rail-wins-bulk-road-wins-express,heuristic-planning
MONTGOMERY,Montgomery,T2,service_stop,RAPID_CITY,Rapid City,T2,national_transfer_hub,2268,974,needs-intermediate-stops,8,5,US80;I-20;I-22;I-30;US80;US83,MONTGOMERY;ATL;BHM_APPROACH;MEM;LITTLE_ROCK;DAL;ABILENE;RAPID_CITY,T1,50.5,42.8,48h two-day,44.5,31.7,7.0,not-time-competitive,freight-rail-wins-bulk-road-wins-express,heuristic-planning
MONTGOMERY,Montgomery,T2,service_stop,MILWAUKEE,Milwaukee,T1,service_stop,3203,974,needs-intermediate-stops,10,6,US80;I-20;I-22;I-30;US80;US83;I-90,MONTGOMERY;ATL;BHM_APPROACH;MEM;LITTLE_ROCK;DAL;ABILENE;RAPID_CITY;MIN;MILWAUKEE,T1,70.9,60.2,72h three-day,61.8,44.4,8.9,not-time-competitive,freight-rail-wins-bulk-road-wins-express,heuristic-planning
MONTGOMERY,Montgomery,T2,service_stop,PHILADELPHIA,Philadelphia,T2,service_stop,1282,382,long-gap-review,8,3,US80;I-75;I-70;I-76,MONTGOMERY;ATL;CHATTANOOGA;KNX;CINCINNATI;COLUMBUS;PENNSYLVANIA;PHILADELPHIA,T1,28.8,24.4,36h next-day,25.9,18.2,5.1,not-time-competitive,freight-rail-wins-bulk-road-wins-express,heuristic-planning
MONTGOMERY,Montgomery,T2,service_stop,DC,Washington,T1,service_stop,1284,382,long-gap-review,8,2,US80;I-75;I-70,MONTGOMERY;ATL;CHATTANOOGA;KNX;CINCINNATI;COLUMBUS;PENNSYLVANIA;DC,T1,28.5,24.2,36h next-day,25.6,18.0,5.1,not-time-competitive,freight-rail-wins-bulk-road-wins-express,heuristic-planning
MONTGOMERY,Montgomery,T2,service_stop,RIC,Richmond,T1,national_transfer_hub,1398,382,long-gap-review,9,3,US80;I-75;I-70;I-95,MONTGOMERY;ATL;CHATTANOOGA;KNX;CINCINNATI;COLUMBUS;PENNSYLVANIA;DC;RIC,T1,31.4,26.6,36h next-day,28.0,19.7,5.3,not-time-competitive,freight-rail-wins-bulk-road-wins-express,heuristic-planning
MONTGOMERY,Montgomery,T2,service_stop,BEN,Benson,T1,transfer_hub,1836,382,long-gap-review,11,4,US80;I-75;I-70;I-95;I-40,MONTGOMERY;ATL;CHATTANOOGA;KNX;CINCINNATI;COLUMBUS;PENNSYLVANIA;DC;RIC;FLO;BEN,T1,41.2,34.9,36h next-day,36.3,25.8,6.2,not-time-competitive,freight-rail-wins-bulk-road-wins-express,heuristic-planning
MONTGOMERY,Montgomery,T2,service_stop,GREENVILLE,Greenville,T2,service_stop,333,172,sla-stop-rhythm-ok,3,1,US80;I-85,MONTGOMERY;ATL;GREENVILLE,T2,7.5,6.4,12h half-day,7.9,5.1,3.2,not-time-competitive,rail-often-absent-road-flexibility-case,heuristic-planning
MONTGOMERY,Montgomery,T2,service_stop,GREENSBORO,Greensboro,T2,service_stop,539,172,sla-stop-rhythm-ok,5,1,US80;I-85,MONTGOMERY;ATL;GREENVILLE;CLT;GREENSBORO,T2,12.1,10.2,12h half-day,11.7,7.9,3.6,not-time-competitive,rail-often-absent-road-flexibility-case,heuristic-planning
MONTGOMERY,Montgomery,T2,service_stop,MOBILE,Mobile,T2,service_stop,583,246,sla-stop-rhythm-ok,4,2,US80;I-20;I-65,MONTGOMERY;ATL;BHM_APPROACH;MOBILE,T1,13.3,11.2,12h half-day,12.8,8.7,3.7,not-time-competitive,corridor-specific-rail-check-needed,heuristic-planning
MONTGOMERY,Montgomery,T2,service_stop,LOUISVILLE,Louisville,T2,national_transfer_hub,732,215,sla-stop-rhythm-ok,5,2,US80;I-20;I-65,MONTGOMERY;ATL;BHM_APPROACH;NASHVILLE;LOUISVILLE,T1,16.5,14.0,24h overnight,15.5,10.7,4.0,not-time-competitive,freight-rail-wins-bulk-road-wins-express,heuristic-planning
MONTGOMERY,Montgomery,T2,service_stop,LITTLE_ROCK,Little Rock,T2,national_transfer_hub,746,256,long-gap-review,5,3,US80;I-20;I-22;I-30,MONTGOMERY;ATL;BHM_APPROACH;MEM;LITTLE_ROCK,T1,17.2,14.5,24h overnight,16.1,11.0,4.0,not-time-competitive,freight-rail-wins-bulk-road-wins-express,heuristic-planning
MONTGOMERY,Montgomery,T2,service_stop,LAS_VEGAS,Las Vegas,T2,service_stop,3995,1337,needs-intermediate-stops,12,8,US80;I-20;I-22;I-30;US70;I-10;I-5;I-80;I-15,MONTGOMERY;ATL;BHM_APPROACH;MEM;LITTLE_ROCK;PHX;LA;CENTRAL_VALLEY;SAC;RENO;SLC;LAS_VEGAS,T1,88.6,75.2,>72h source-gated,76.9,55.4,10.5,not-time-competitive,freight-rail-wins-bulk-road-wins-express,heuristic-planning
MONTGOMERY,Montgomery,T2,service_stop,DEN,Denver,T1,national_transfer_hub,4005,1337,needs-intermediate-stops,12,8,US80;I-20;I-22;I-30;US70;I-10;I-5;I-80;I-70,MONTGOMERY;ATL;BHM_APPROACH;MEM;LITTLE_ROCK;PHX;LA;CENTRAL_VALLEY;SAC;RENO;SLC;DEN,T1,88.8,75.4,>72h source-gated,77.1,55.5,10.5,not-time-competitive,freight-rail-wins-bulk-road-wins-express,heuristic-planning
MONTGOMERY,Montgomery,T2,service_stop,CAPITAL_BELTWAY_N,Capital North,T2,service_stop,1295,382,long-gap-review,9,3,US80;I-75;I-70;I-495,MONTGOMERY;ATL;CHATTANOOGA;KNX;CINCINNATI;COLUMBUS;PENNSYLVANIA;DC;CAPITAL_BELTWAY_N,T1,29.2,24.7,36h next-day,26.1,18.4,5.1,not-time-competitive,freight-rail-wins-bulk-road-wins-express,heuristic-planning
MONTGOMERY,Montgomery,T2,service_stop,CAPITAL_BELTWAY_E,Capital East,T2,service_stop,1306,382,long-gap-review,10,3,US80;I-75;I-70;I-495,MONTGOMERY;ATL;CHATTANOOGA;KNX;CINCINNATI;COLUMBUS;PENNSYLVANIA;DC;CAPITAL_BELTWAY_S;CAPITAL_BELTWAY_E,T1,29.5,25.0,36h next-day,26.3,18.5,5.1,not-time-competitive,freight-rail-wins-bulk-road-wins-express,heuristic-planning
MONTGOMERY,Montgomery,T2,service_stop,CAPITAL_BELTWAY_S,Capital South,T2,service_stop,1293,382,long-gap-review,9,3,US80;I-75;I-70;I-495,MONTGOMERY;ATL;CHATTANOOGA;KNX;CINCINNATI;COLUMBUS;PENNSYLVANIA;DC;CAPITAL_BELTWAY_S,T1,29.1,24.7,36h next-day,26.1,18.3,5.1,not-time-competitive,freight-rail-wins-bulk-road-wins-express,heuristic-planning
MONTGOMERY,Montgomery,T2,service_stop,JOPLIN,Joplin,T2,service_stop,1676,374,long-gap-review,8,5,US80;I-20;I-22;I-30;I-20;I-49,MONTGOMERY;ATL;BHM_APPROACH;MEM;LITTLE_ROCK;DAL;SHV;JOPLIN,T1,37.9,32.1,36h next-day,33.7,23.8,5.9,not-time-competitive,freight-rail-wins-bulk-road-wins-express,heuristic-planning
MONTGOMERY,Montgomery,T2,service_stop,ROANOKE,Roanoke,T2,service_stop,694,281,long-gap-review,5,2,US80;I-75;I-81,MONTGOMERY;ATL;CHATTANOOGA;KNX;ROANOKE,T1,15.7,13.3,24h overnight,14.8,10.2,3.9,not-time-competitive,corridor-specific-rail-check-needed,heuristic-planning
MONTGOMERY,Montgomery,T2,service_stop,HAGERSTOWN,Hagerstown,T2,service_stop,1246,382,long-gap-review,8,3,US80;I-75;I-70;I-81,MONTGOMERY;ATL;CHATTANOOGA;KNX;CINCINNATI;COLUMBUS;PENNSYLVANIA;HAGERSTOWN,T1,28.0,23.8,24h overnight,25.2,17.7,5.0,not-time-competitive,freight-rail-wins-bulk-road-wins-express,heuristic-planning
MONTGOMERY,Montgomery,T2,service_stop,STL,St. Louis,T1,national_transfer_hub,1260,272,long-gap-review,8,2,US80;I-75;I-70,MONTGOMERY;ATL;CHATTANOOGA;KNX;CINCINNATI;COLUMBUS;INDY_APPROACH;STL,T1,28.0,23.8,24h overnight,25.1,17.7,5.0,not-time-competitive,freight-rail-wins-bulk-road-wins-express,heuristic-planning
MONTGOMERY,Montgomery,T2,service_stop,PITTSBURGH,Pittsburgh,T2,service_stop,870,428,needs-intermediate-stops,5,2,US80;I-85;I-77,MONTGOMERY;ATL;GREENVILLE;CLT;PITTSBURGH,T2,19.4,16.5,24h overnight,18.0,12.5,4.2,not-time-competitive,freight-rail-wins-bulk-road-wins-express,heuristic-planning
MONTGOMERY,Montgomery,T2,service_stop,PENNSYLVANIA,Harrisburg,T1,national_transfer_hub,1172,382,long-gap-review,7,2,US80;I-75;I-70,MONTGOMERY;ATL;CHATTANOOGA;KNX;CINCINNATI;COLUMBUS;PENNSYLVANIA,T1,26.0,22.1,24h overnight,23.5,16.5,4.8,not-time-competitive,freight-rail-wins-bulk-road-wins-express,heuristic-planning
MONTGOMERY,Montgomery,T2,service_stop,GULFPORT,Gulfport,T1,national_transfer_hub,661,246,sla-stop-rhythm-ok,5,3,US80;I-20;I-65;I-10,MONTGOMERY;ATL;BHM_APPROACH;MOBILE;GULFPORT,T1,15.3,12.9,24h overnight,14.6,9.9,3.8,not-time-competitive,corridor-specific-rail-check-needed,heuristic-planning
MONTGOMERY,Montgomery,T2,service_stop,CORPUS,Corpus Christi,T2,national_transfer_hub,1484,246,sla-stop-rhythm-ok,10,6,US80;I-20;I-65;I-10;US90;I-10;I-37,MONTGOMERY;ATL;BHM_APPROACH;MOBILE;GULFPORT;LAFAYETTE;BEAUMONT;HOU;SAT;CORPUS,T1,34.3,29.0,36h next-day,30.6,21.5,5.5,not-time-competitive,freight-rail-wins-bulk-road-wins-express,heuristic-planning
GAINESVILLE,Gainesville,T1,service_stop,TAMPA,Tampa,T1,transfer_hub,139,139,sla-stop-rhythm-ok,2,0,I-75,GAINESVILLE;TAMPA,T1,3.0,2.5,6h local,4.0,2.4,2.8,time-competitive,corridor-specific-rail-check-needed,heuristic-planning
GAINESVILLE,Gainesville,T1,service_stop,BEN,Benson,T1,transfer_hub,1233,463,needs-intermediate-stops,5,1,I-75;I-95,GAINESVILLE;TAMPA;MIA;JAX;BEN,T1,26.8,22.8,24h overnight,24.3,17.1,5.0,not-time-competitive,freight-rail-wins-bulk-road-wins-express,heuristic-planning
GAINESVILLE,Gainesville,T1,service_stop,MOBILE,Mobile,T1,service_stop,1219,387,long-gap-review,6,2,I-75;I-95;I-10,GAINESVILLE;TAMPA;MIA;JAX;TALLAHASSEE;MOBILE,T1,26.9,22.9,24h overnight,24.4,17.1,4.9,not-time-competitive,freight-rail-wins-bulk-road-wins-express,heuristic-planning
GAINESVILLE,Gainesville,T1,service_stop,GULFPORT,Gulfport,T2,national_transfer_hub,1292,523,needs-intermediate-stops,5,2,I-75;I-95;US90,GAINESVILLE;TAMPA;MIA;JAX;GULFPORT,T1,28.4,24.2,36h next-day,25.7,18.1,5.1,not-time-competitive,freight-rail-wins-bulk-road-wins-express,heuristic-planning
TAMPA,Tampa,T1,transfer_hub,BEN,Benson,T1,transfer_hub,1094,463,needs-intermediate-stops,4,1,I-75;I-95,TAMPA;MIA;JAX;BEN,T1,23.8,20.3,24h overnight,21.7,15.3,4.7,not-time-competitive,freight-rail-wins-bulk-road-wins-express,heuristic-planning
TAMPA,Tampa,T1,transfer_hub,MOBILE,Mobile,T1,service_stop,1080,387,long-gap-review,5,2,I-75;I-95;I-10,TAMPA;MIA;JAX;TALLAHASSEE;MOBILE,T1,23.9,20.3,24h overnight,21.8,15.3,4.7,not-time-competitive,freight-rail-wins-bulk-road-wins-express,heuristic-planning
TAMPA,Tampa,T1,transfer_hub,GULFPORT,Gulfport,T2,national_transfer_hub,1153,523,needs-intermediate-stops,4,2,I-75;I-95;US90,TAMPA;MIA;JAX;GULFPORT,T1,25.4,21.6,24h overnight,23.2,16.3,4.8,not-time-competitive,freight-rail-wins-bulk-road-wins-express,heuristic-planning
RENO,Reno,T1,service_stop,SLC,Salt Lake,T1,national_transfer_hub,503,503,needs-intermediate-stops,2,0,I-80,RENO;SLC,T1,10.7,9.2,12h half-day,10.7,7.2,3.5,not-time-competitive,corridor-specific-rail-check-needed,heuristic-planning
RENO,Reno,T1,service_stop,BOI,Boise,T2,national_transfer_hub,853,503,needs-intermediate-stops,3,1,I-80;I-84,RENO;SLC;BOI,T1,18.6,15.8,24h overnight,17.4,12.1,4.2,not-time-competitive,freight-rail-wins-bulk-road-wins-express,heuristic-planning
RENO,Reno,T1,service_stop,LEWISTON,Lewiston,T2,service_stop,1086,503,needs-intermediate-stops,4,2,I-80;I-84;US95,RENO;SLC;BOI;LEWISTON,T1,24.0,20.4,24h overnight,21.9,15.4,4.7,not-time-competitive,freight-rail-wins-bulk-road-wins-express,heuristic-planning
RENO,Reno,T1,service_stop,CHEYENNE,Cheyenne,T1,service_stop,940,503,needs-intermediate-stops,3,0,I-80,RENO;SLC;CHEYENNE,T1,20.1,17.1,24h overnight,18.6,13.0,4.4,not-time-competitive,freight-rail-wins-bulk-road-wins-express,heuristic-planning
RENO,Reno,T1,service_stop,OMAHA,Omaha,T1,national_transfer_hub,3595,1337,needs-intermediate-stops,11,6,I-80;I-5;I-10;US70;I-30;I-35;I-80,RENO;SAC;CENTRAL_VALLEY;LA;PHX;LITTLE_ROCK;DAL;OKC;KC;DSM;OMAHA,T1,79.3,67.4,72h three-day,69.0,49.6,9.7,not-time-competitive,freight-rail-wins-bulk-road-wins-express,heuristic-planning
RENO,Reno,T1,service_stop,FARGO,Fargo,T2,service_stop,4056,1337,needs-intermediate-stops,12,7,I-80;I-5;I-10;US70;I-30;I-35;I-80;I-29,RENO;SAC;CENTRAL_VALLEY;LA;PHX;LITTLE_ROCK;DAL;OKC;KC;DSM;OMAHA;FARGO,T1,89.6,76.1,>72h source-gated,77.7,56.0,10.6,not-time-competitive,freight-rail-wins-bulk-road-wins-express,heuristic-planning
RENO,Reno,T1,service_stop,NYC,New York,T2,transfer_hub,3673,1337,needs-intermediate-stops,13,9,I-80;I-5;I-10;US70;I-30;I-40;I-65;I-75;I-70;I-81,RENO;SAC;CENTRAL_VALLEY;LA;PHX;LITTLE_ROCK;MEM;NASHVILLE;LOUISVILLE;CINCINNATI;COLUMBUS;PENNSYLVANIA;NYC,T1,82.2,69.7,72h three-day,71.4,51.3,9.8,not-time-competitive,freight-rail-wins-bulk-road-wins-express,heuristic-planning
RENO,Reno,T1,service_stop,SPK,Spokane,T1,service_stop,1143,570,needs-intermediate-stops,5,2,I-80;I-5;I-90,RENO;SAC;POR;SEA;SPK,T1,25.3,21.5,24h overnight,23.0,16.1,4.8,not-time-competitive,freight-rail-wins-bulk-road-wins-express,heuristic-planning
RENO,Reno,T1,service_stop,BIL,Billings*,T1,national_transfer_hub,1664,570,needs-intermediate-stops,6,2,I-80;I-5;I-90,RENO;SAC;POR;SEA;SPK;BIL,T1,36.4,31.0,36h next-day,32.5,23.1,5.8,not-time-competitive,freight-rail-wins-bulk-road-wins-express,heuristic-planning
RENO,Reno,T1,service_stop,RAPID_CITY,Rapid City,T2,national_transfer_hub,3841,1337,needs-intermediate-stops,9,6,I-80;I-5;I-10;US70;I-30;US80;US83,RENO;SAC;CENTRAL_VALLEY;LA;PHX;LITTLE_ROCK;DAL;ABILENE;RAPID_CITY,T1,84.4,71.7,72h three-day,73.4,52.9,10.2,not-time-competitive,freight-rail-wins-bulk-road-wins-express,heuristic-planning
RENO,Reno,T1,service_stop,MILWAUKEE,Milwaukee,T1,service_stop,3914,1337,needs-intermediate-stops,13,7,I-80;I-5;I-10;US70;I-30;I-35;I-80;I-90,RENO;SAC;CENTRAL_VALLEY;LA;PHX;LITTLE_ROCK;DAL;OKC;KC;DSM;CHI;CHI_NORTH;MILWAUKEE,T1,86.6,73.6,>72h source-gated,75.1,54.1,10.3,not-time-competitive,freight-rail-wins-bulk-road-wins-express,heuristic-planning
RENO,Reno,T1,service_stop,CHI_NORTH,North Chicago,T1,service_stop,3831,1337,needs-intermediate-stops,12,7,I-80;I-5;I-10;US70;I-30;I-35;I-80;I-90,RENO;SAC;CENTRAL_VALLEY;LA;PHX;LITTLE_ROCK;DAL;OKC;KC;DSM;CHI;CHI_NORTH,T1,84.8,72.0,>72h source-gated,73.6,53.0,10.2,not-time-competitive,freight-rail-wins-bulk-road-wins-express,heuristic-planning
RENO,Reno,T1,service_stop,PHILADELPHIA,Philadelphia,T2,service_stop,3601,1337,needs-intermediate-stops,13,9,I-80;I-5;I-10;US70;I-30;I-40;I-65;I-75;I-70;I-76,RENO;SAC;CENTRAL_VALLEY;LA;PHX;LITTLE_ROCK;MEM;NASHVILLE;LOUISVILLE;CINCINNATI;COLUMBUS;PENNSYLVANIA;PHILADELPHIA,T1,80.6,68.4,72h three-day,70.1,50.3,9.7,not-time-competitive,freight-rail-wins-bulk-road-wins-express,heuristic-planning
RENO,Reno,T1,service_stop,DC,Washington,T1,service_stop,3603,1337,needs-intermediate-stops,13,8,I-80;I-5;I-10;US70;I-30;I-40;I-65;I-75;I-70,RENO;SAC;CENTRAL_VALLEY;LA;PHX;LITTLE_ROCK;MEM;NASHVILLE;LOUISVILLE;CINCINNATI;COLUMBUS;PENNSYLVANIA;DC,T1,80.3,68.2,72h three-day,69.8,50.1,9.7,not-time-competitive,freight-rail-wins-bulk-road-wins-express,heuristic-planning
RENO,Reno,T1,service_stop,RIC,Richmond,T1,national_transfer_hub,3717,1337,needs-intermediate-stops,14,9,I-80;I-5;I-10;US70;I-30;I-40;I-65;I-75;I-70;I-95,RENO;SAC;CENTRAL_VALLEY;LA;PHX;LITTLE_ROCK;MEM;NASHVILLE;LOUISVILLE;CINCINNATI;COLUMBUS;PENNSYLVANIA;DC;RIC,T1,83.2,70.5,72h three-day,72.2,51.9,9.9,not-time-competitive,freight-rail-wins-bulk-road-wins-express,heuristic-planning
RENO,Reno,T1,service_stop,BEN,Benson,T1,transfer_hub,4155,1337,needs-intermediate-stops,16,10,I-80;I-5;I-10;US70;I-30;I-40;I-65;I-75;I-70;I-95;I-40,RENO;SAC;CENTRAL_VALLEY;LA;PHX;LITTLE_ROCK;MEM;NASHVILLE;LOUISVILLE;CINCINNATI;COLUMBUS;PENNSYLVANIA;DC;RIC;FLO;BEN,T1,93.0,78.9,>72h source-gated,80.6,57.9,10.8,not-time-competitive,freight-rail-wins-bulk-road-wins-express,heuristic-planning
RENO,Reno,T1,service_stop,GREENVILLE,Greenville,T2,service_stop,3053,1337,needs-intermediate-stops,10,7,I-80;I-5;I-10;US70;I-30;I-22;I-20;I-85,RENO;SAC;CENTRAL_VALLEY;LA;PHX;LITTLE_ROCK;MEM;BHM_APPROACH;ATL;GREENVILLE,T1,68.1,57.7,72h three-day,59.5,42.6,8.6,not-time-competitive,freight-rail-wins-bulk-road-wins-express,heuristic-planning
RENO,Reno,T1,service_stop,GREENSBORO,Greensboro,T2,service_stop,3260,1337,needs-intermediate-stops,12,7,I-80;I-5;I-10;US70;I-30;I-22;I-20;I-85,RENO;SAC;CENTRAL_VALLEY;LA;PHX;LITTLE_ROCK;MEM;BHM_APPROACH;ATL;GREENVILLE;CLT;GREENSBORO,T1,72.6,61.6,72h three-day,63.2,45.4,9.0,not-time-competitive,freight-rail-wins-bulk-road-wins-express,heuristic-planning
RENO,Reno,T1,service_stop,MOBILE,Mobile,T2,service_stop,2973,1337,needs-intermediate-stops,9,6,I-80;I-5;I-10;US70;I-30;I-22;I-65,RENO;SAC;CENTRAL_VALLEY;LA;PHX;LITTLE_ROCK;MEM;BHM_APPROACH;MOBILE,T1,65.9,56.0,72h three-day,57.7,41.3,8.4,not-time-competitive,freight-rail-wins-bulk-road-wins-express,heuristic-planning
RENO,Reno,T1,service_stop,LOUISVILLE,Louisville,T2,national_transfer_hub,2884,1337,needs-intermediate-stops,9,6,I-80;I-5;I-10;US70;I-30;I-40;I-65,RENO;SAC;CENTRAL_VALLEY;LA;PHX;LITTLE_ROCK;MEM;NASHVILLE;LOUISVILLE,T1,64.0,54.4,72h three-day,56.0,40.2,8.3,not-time-competitive,freight-rail-wins-bulk-road-wins-express,heuristic-planning
RENO,Reno,T1,service_stop,LITTLE_ROCK,Little Rock,T2,national_transfer_hub,2318,1337,needs-intermediate-stops,6,3,I-80;I-5;I-10;US70,RENO;SAC;CENTRAL_VALLEY;LA;PHX;LITTLE_ROCK,T1,50.7,43.1,48h two-day,44.7,32.0,7.1,not-time-competitive,freight-rail-wins-bulk-road-wins-express,heuristic-planning
RENO,Reno,T1,service_stop,LAS_VEGAS,Las Vegas,T2,service_stop,931,503,needs-intermediate-stops,3,1,I-80;I-15,RENO;SLC;LAS_VEGAS,T1,20.2,17.2,24h overnight,18.8,13.1,4.4,not-time-competitive,freight-rail-wins-bulk-road-wins-express,heuristic-planning
RENO,Reno,T1,service_stop,DEN,Denver,T1,national_transfer_hub,941,503,needs-intermediate-stops,3,1,I-80;I-70,RENO;SLC;DEN,T1,20.4,17.4,24h overnight,19.0,13.2,4.4,not-time-competitive,freight-rail-wins-bulk-road-wins-express,heuristic-planning
RENO,Reno,T1,service_stop,CAPITAL_BELTWAY_N,Capital North,T2,service_stop,3614,1337,needs-intermediate-stops,14,9,I-80;I-5;I-10;US70;I-30;I-40;I-65;I-75;I-70;I-495,RENO;SAC;CENTRAL_VALLEY;LA;PHX;LITTLE_ROCK;MEM;NASHVILLE;LOUISVILLE;CINCINNATI;COLUMBUS;PENNSYLVANIA;DC;CAPITAL_BELTWAY_N,T1,81.0,68.7,72h three-day,70.4,50.5,9.7,not-time-competitive,freight-rail-wins-bulk-road-wins-express,heuristic-planning
RENO,Reno,T1,service_stop,CAPITAL_BELTWAY_E,Capital East,T2,service_stop,3625,1337,needs-intermediate-stops,15,9,I-80;I-5;I-10;US70;I-30;I-40;I-65;I-75;I-70;I-495,RENO;SAC;CENTRAL_VALLEY;LA;PHX;LITTLE_ROCK;MEM;NASHVILLE;LOUISVILLE;CINCINNATI;COLUMBUS;PENNSYLVANIA;DC;CAPITAL_BELTWAY_S;CAPITAL_BELTWAY_E,T1,81.3,68.9,72h three-day,70.6,50.6,9.7,not-time-competitive,freight-rail-wins-bulk-road-wins-express,heuristic-planning
RENO,Reno,T1,service_stop,CAPITAL_BELTWAY_S,Capital South,T2,service_stop,3612,1337,needs-intermediate-stops,14,9,I-80;I-5;I-10;US70;I-30;I-40;I-65;I-75;I-70;I-495,RENO;SAC;CENTRAL_VALLEY;LA;PHX;LITTLE_ROCK;MEM;NASHVILLE;LOUISVILLE;CINCINNATI;COLUMBUS;PENNSYLVANIA;DC;CAPITAL_BELTWAY_S,T1,81.0,68.6,72h three-day,70.3,50.5,9.7,not-time-competitive,freight-rail-wins-bulk-road-wins-express,heuristic-planning
RENO,Reno,T1,service_stop,JOPLIN,Joplin,T2,service_stop,3248,1337,needs-intermediate-stops,9,6,I-80;I-5;I-10;US70;I-30;I-20;I-49,RENO;SAC;CENTRAL_VALLEY;LA;PHX;LITTLE_ROCK;DAL;SHV;JOPLIN,T1,71.8,61.0,72h three-day,62.7,45.0,9.0,not-time-competitive,freight-rail-wins-bulk-road-wins-express,heuristic-planning
RENO,Reno,T1,service_stop,HAGERSTOWN,Hagerstown,T2,service_stop,3564,1337,needs-intermediate-stops,13,9,I-80;I-5;I-10;US70;I-30;I-40;I-65;I-75;I-70;I-81,RENO;SAC;CENTRAL_VALLEY;LA;PHX;LITTLE_ROCK;MEM;NASHVILLE;LOUISVILLE;CINCINNATI;COLUMBUS;PENNSYLVANIA;HAGERSTOWN,T1,79.9,67.7,72h three-day,69.5,49.8,9.6,not-time-competitive,freight-rail-wins-bulk-road-wins-express,heuristic-planning
RENO,Reno,T1,service_stop,STL,St. Louis,T1,national_transfer_hub,3521,1337,needs-intermediate-stops,10,6,I-80;I-5;I-10;US70;I-30;I-35;I-70,RENO;SAC;CENTRAL_VALLEY;LA;PHX;LITTLE_ROCK;DAL;OKC;KC;STL,T1,77.7,66.0,72h three-day,67.6,48.6,9.5,not-time-competitive,freight-rail-wins-bulk-road-wins-express,heuristic-planning
RENO,Reno,T1,service_stop,PITTSBURGH,Pittsburgh,T2,service_stop,3590,1337,needs-intermediate-stops,12,8,I-80;I-5;I-10;US70;I-30;I-22;I-20;I-85;I-77,RENO;SAC;CENTRAL_VALLEY;LA;PHX;LITTLE_ROCK;MEM;BHM_APPROACH;ATL;GREENVILLE;CLT;PITTSBURGH,T1,80.0,67.9,72h three-day,69.6,50.0,9.7,not-time-competitive,freight-rail-wins-bulk-road-wins-express,heuristic-planning
RENO,Reno,T1,service_stop,PENNSYLVANIA,Harrisburg,T1,national_transfer_hub,3491,1337,needs-intermediate-stops,12,8,I-80;I-5;I-10;US70;I-30;I-40;I-65;I-75;I-70,RENO;SAC;CENTRAL_VALLEY;LA;PHX;LITTLE_ROCK;MEM;NASHVILLE;LOUISVILLE;CINCINNATI;COLUMBUS;PENNSYLVANIA,T1,77.9,66.1,72h three-day,67.8,48.6,9.5,not-time-competitive,freight-rail-wins-bulk-road-wins-express,heuristic-planning
RENO,Reno,T1,service_stop,GULFPORT,Gulfport,T1,national_transfer_hub,3052,1337,needs-intermediate-stops,10,7,I-80;I-5;I-10;US70;I-30;I-22;I-65;I-10,RENO;SAC;CENTRAL_VALLEY;LA;PHX;LITTLE_ROCK;MEM;BHM_APPROACH;MOBILE;GULFPORT,T1,68.0,57.7,72h three-day,59.4,42.6,8.6,not-time-competitive,freight-rail-wins-bulk-road-wins-express,heuristic-planning
RENO,Reno,T1,service_stop,CORPUS,Corpus Christi,T2,national_transfer_hub,3115,1337,needs-intermediate-stops,9,6,I-80;I-5;I-10;US70;I-30;I-35;I-37,RENO;SAC;CENTRAL_VALLEY;LA;PHX;LITTLE_ROCK;DAL;SAT;CORPUS,T1,68.9,58.6,72h three-day,60.2,43.2,8.7,not-time-competitive,freight-rail-wins-bulk-road-wins-express,heuristic-planning
SLC,Salt Lake,T2,national_transfer_hub,BOI,Boise,T2,national_transfer_hub,349,349,long-gap-review,2,0,I-84,SLC;BOI,T2,7.4,6.4,12h half-day,7.9,5.2,3.2,not-time-competitive,rail-often-absent-road-flexibility-case,heuristic-planning
SLC,Salt Lake,T2,national_transfer_hub,LEWISTON,Lewiston,T2,service_stop,583,349,long-gap-review,3,1,I-84;US95,SLC;BOI;LEWISTON,T2,12.8,10.9,12h half-day,12.4,8.5,3.7,not-time-competitive,rail-often-absent-road-flexibility-case,heuristic-planning
SLC,Salt Lake,T1,national_transfer_hub,CHEYENNE,Cheyenne,T1,service_stop,436,436,needs-intermediate-stops,2,0,I-80,SLC;CHEYENNE,T1,9.3,7.9,12h half-day,9.4,6.3,3.4,not-time-competitive,corridor-specific-rail-check-needed,heuristic-planning
SLC,Salt Lake,T2,national_transfer_hub,SPK,Spokane,T2,service_stop,686,349,long-gap-review,4,1,I-84;US95,SLC;BOI;LEWISTON;SPK,T2,15.1,12.8,24h overnight,14.3,9.8,3.9,not-time-competitive,rail-often-absent-road-flexibility-case,heuristic-planning
SLC,Salt Lake,T2,national_transfer_hub,LAS_VEGAS,Las Vegas,T2,service_stop,428,428,needs-intermediate-stops,2,0,I-15,SLC;LAS_VEGAS,T2,9.1,7.8,12h half-day,9.3,6.2,3.4,not-time-competitive,rail-often-absent-road-flexibility-case,heuristic-planning
SLC,Salt Lake,T1,national_transfer_hub,DEN,Denver,T1,national_transfer_hub,437,437,needs-intermediate-stops,2,0,I-70,SLC;DEN,T1,9.3,7.9,12h half-day,9.4,6.3,3.4,not-time-competitive,corridor-specific-rail-check-needed,heuristic-planning
SLC,Salt Lake,T2,national_transfer_hub,COLORADO_SPRINGS,Colorado Springs,T2,service_stop,1611,693,needs-intermediate-stops,5,2,I-15;I-40;I-25,SLC;LAS_VEGAS;BARSTOW;ABQ;COLORADO_SPRINGS,T1,35.2,30.0,36h next-day,31.5,22.4,5.7,not-time-competitive,freight-rail-wins-bulk-road-wins-express,heuristic-planning
BOI,Boise,T2,national_transfer_hub,LEWISTON,Lewiston,T2,service_stop,233,233,sla-stop-rhythm-ok,2,0,US95,BOI;LEWISTON,T2,5.0,4.2,6h local,5.7,3.6,3.0,near-competitive-short-haul,rail-often-absent-road-flexibility-case,heuristic-planning
BOI,Boise,T2,national_transfer_hub,CHEYENNE,Cheyenne,T1,service_stop,786,436,needs-intermediate-stops,3,1,I-84;I-80,BOI;SLC;CHEYENNE,T1,17.1,14.6,24h overnight,16.1,11.2,4.1,not-time-competitive,freight-rail-wins-bulk-road-wins-express,heuristic-planning
BOI,Boise,T2,national_transfer_hub,SPK,Spokane,T2,service_stop,337,233,sla-stop-rhythm-ok,3,0,US95,BOI;LEWISTON;SPK,T2,7.2,6.2,12h half-day,7.6,5.0,3.2,not-time-competitive,rail-often-absent-road-flexibility-case,heuristic-planning
BOI,Boise,T2,national_transfer_hub,LAS_VEGAS,Las Vegas,T2,service_stop,777,428,needs-intermediate-stops,3,1,I-84;I-15,BOI;SLC;LAS_VEGAS,T2,17.0,14.4,24h overnight,16.0,11.1,4.1,not-time-competitive,freight-rail-wins-bulk-road-wins-express,heuristic-planning
BOI,Boise,T2,national_transfer_hub,DEN,Denver,T1,national_transfer_hub,787,437,needs-intermediate-stops,3,1,I-84;I-70,BOI;SLC;DEN,T1,17.2,14.6,24h overnight,16.2,11.2,4.1,not-time-competitive,freight-rail-wins-bulk-road-wins-express,heuristic-planning
BOI,Boise,T2,national_transfer_hub,COLORADO_SPRINGS,Colorado Springs,T2,service_stop,1960,693,needs-intermediate-stops,6,3,I-84;I-15;I-40;I-25,BOI;SLC;LAS_VEGAS;BARSTOW;ABQ;COLORADO_SPRINGS,T1,43.1,36.6,48h two-day,38.2,27.2,6.4,not-time-competitive,freight-rail-wins-bulk-road-wins-express,heuristic-planning
LEWISTON,Lewiston,T2,service_stop,CHEYENNE,Cheyenne,T1,service_stop,1019,436,needs-intermediate-stops,4,2,US95;I-84;I-80,LEWISTON;BOI;SLC;CHEYENNE,T1,22.5,19.1,24h overnight,20.7,14.5,4.5,not-time-competitive,freight-rail-wins-bulk-road-wins-express,heuristic-planning
LEWISTON,Lewiston,T2,service_stop,SPK,Spokane,T2,service_stop,104,104,sla-stop-rhythm-ok,2,0,US95,LEWISTON;SPK,T2,2.2,1.9,6h local,3.4,1.9,2.7,time-competitive,rail-often-absent-road-flexibility-case,heuristic-planning
LEWISTON,Lewiston,T2,service_stop,LAS_VEGAS,Las Vegas,T2,service_stop,1010,428,needs-intermediate-stops,4,2,US95;I-84;I-15,LEWISTON;BOI;SLC;LAS_VEGAS,T2,22.4,19.0,24h overnight,20.6,14.4,4.5,not-time-competitive,freight-rail-wins-bulk-road-wins-express,heuristic-planning
LEWISTON,Lewiston,T2,service_stop,DEN,Denver,T1,national_transfer_hub,1020,437,needs-intermediate-stops,4,2,US95;I-84;I-70,LEWISTON;BOI;SLC;DEN,T1,22.6,19.2,24h overnight,20.7,14.5,4.5,not-time-competitive,freight-rail-wins-bulk-road-wins-express,heuristic-planning
LEWISTON,Lewiston,T2,service_stop,COLORADO_SPRINGS,Colorado Springs,T2,service_stop,2193,693,needs-intermediate-stops,7,4,US95;I-84;I-15;I-40;I-25,LEWISTON;BOI;SLC;LAS_VEGAS;BARSTOW;ABQ;COLORADO_SPRINGS,T1,48.5,41.2,48h two-day,42.8,30.5,6.9,not-time-competitive,freight-rail-wins-bulk-road-wins-express,heuristic-planning
CHEYENNE,Cheyenne,T1,service_stop,OMAHA,Omaha,T1,national_transfer_hub,545,545,needs-intermediate-stops,2,0,I-80,CHEYENNE;OMAHA,T1,11.6,9.9,12h half-day,11.4,7.8,3.6,not-time-competitive,corridor-specific-rail-check-needed,heuristic-planning
CHEYENNE,Cheyenne,T1,service_stop,FARGO,Fargo,T2,service_stop,1006,545,needs-intermediate-stops,3,1,I-80;I-29,CHEYENNE;OMAHA;FARGO,T1,21.8,18.6,24h overnight,20.1,14.1,4.5,not-time-competitive,freight-rail-wins-bulk-road-wins-express,heuristic-planning
CHEYENNE,Cheyenne,T1,service_stop,NYC,New York,T2,transfer_hub,3177,545,needs-intermediate-stops,14,7,I-80;I-35;I-30;I-40;I-65;I-75;I-70;I-81,CHEYENNE;OMAHA;DSM;KC;OKC;DAL;LITTLE_ROCK;MEM;NASHVILLE;LOUISVILLE;CINCINNATI;COLUMBUS;PENNSYLVANIA;NYC,T1,71.0,60.2,72h three-day,61.7,44.3,8.9,not-time-competitive,freight-rail-wins-bulk-road-wins-express,heuristic-planning
CHEYENNE,Cheyenne,T2,service_stop,SPK,Spokane,T1,service_stop,958,522,needs-intermediate-stops,3,1,I-25;I-90,CHEYENNE;BIL;SPK,T1,20.8,17.7,24h overnight,19.3,13.5,4.4,not-time-competitive,freight-rail-wins-bulk-road-wins-express,heuristic-planning
CHEYENNE,Cheyenne,T2,service_stop,BIL,Billings*,T2,national_transfer_hub,436,436,needs-intermediate-stops,2,0,I-25,CHEYENNE;BIL,T2,9.3,7.9,12h half-day,9.4,6.3,3.4,not-time-competitive,rail-often-absent-road-flexibility-case,heuristic-planning
CHEYENNE,Cheyenne,T2,service_stop,RAPID_CITY,Rapid City,T1,national_transfer_hub,771,436,needs-intermediate-stops,3,1,I-25;I-90,CHEYENNE;BIL;RAPID_CITY,T1,16.8,14.3,24h overnight,15.9,11.0,4.0,not-time-competitive,freight-rail-wins-bulk-road-wins-express,heuristic-planning
CHEYENNE,Cheyenne,T1,service_stop,MILWAUKEE,Milwaukee,T1,service_stop,1151,545,needs-intermediate-stops,6,1,I-80;I-90,CHEYENNE;OMAHA;DSM;CHI;CHI_NORTH;MILWAUKEE,T1,25.2,21.4,24h overnight,22.8,16.0,4.8,not-time-competitive,freight-rail-wins-bulk-road-wins-express,heuristic-planning
CHEYENNE,Cheyenne,T1,service_stop,CHI_NORTH,North Chicago,T1,service_stop,1068,545,needs-intermediate-stops,5,1,I-80;I-90,CHEYENNE;OMAHA;DSM;CHI;CHI_NORTH,T1,23.3,19.9,24h overnight,21.3,14.9,4.6,not-time-competitive,freight-rail-wins-bulk-road-wins-express,heuristic-planning
CHEYENNE,Cheyenne,T1,service_stop,PHILADELPHIA,Philadelphia,T2,service_stop,3105,545,needs-intermediate-stops,14,7,I-80;I-35;I-30;I-40;I-65;I-75;I-70;I-76,CHEYENNE;OMAHA;DSM;KC;OKC;DAL;LITTLE_ROCK;MEM;NASHVILLE;LOUISVILLE;CINCINNATI;COLUMBUS;PENNSYLVANIA;PHILADELPHIA,T1,69.5,58.9,72h three-day,60.4,43.3,8.7,not-time-competitive,freight-rail-wins-bulk-road-wins-express,heuristic-planning
CHEYENNE,Cheyenne,T1,service_stop,DC,Washington,T1,service_stop,3107,545,needs-intermediate-stops,14,6,I-80;I-35;I-30;I-40;I-65;I-75;I-70,CHEYENNE;OMAHA;DSM;KC;OKC;DAL;LITTLE_ROCK;MEM;NASHVILLE;LOUISVILLE;CINCINNATI;COLUMBUS;PENNSYLVANIA;DC,T1,69.2,58.7,72h three-day,60.1,43.1,8.7,not-time-competitive,freight-rail-wins-bulk-road-wins-express,heuristic-planning
CHEYENNE,Cheyenne,T1,service_stop,RIC,Richmond,T1,national_transfer_hub,3221,545,needs-intermediate-stops,15,7,I-80;I-35;I-30;I-40;I-65;I-75;I-70;I-95,CHEYENNE;OMAHA;DSM;KC;OKC;DAL;LITTLE_ROCK;MEM;NASHVILLE;LOUISVILLE;CINCINNATI;COLUMBUS;PENNSYLVANIA;DC;RIC,T1,72.0,61.1,72h three-day,62.5,44.8,8.9,not-time-competitive,freight-rail-wins-bulk-road-wins-express,heuristic-planning
CHEYENNE,Cheyenne,T1,service_stop,BEN,Benson,T1,transfer_hub,3660,545,needs-intermediate-stops,17,8,I-80;I-35;I-30;I-40;I-65;I-75;I-70;I-95;I-40,CHEYENNE;OMAHA;DSM;KC;OKC;DAL;LITTLE_ROCK;MEM;NASHVILLE;LOUISVILLE;CINCINNATI;COLUMBUS;PENNSYLVANIA;DC;RIC;FLO;BEN,T1,81.9,69.4,72h three-day,70.8,50.9,9.8,not-time-competitive,freight-rail-wins-bulk-road-wins-express,heuristic-planning
CHEYENNE,Cheyenne,T1,service_stop,GREENVILLE,Greenville,T2,service_stop,2558,545,needs-intermediate-stops,11,5,I-80;I-35;I-30;I-22;I-20;I-85,CHEYENNE;OMAHA;DSM;KC;OKC;DAL;LITTLE_ROCK;MEM;BHM_APPROACH;ATL;GREENVILLE,T1,56.9,48.3,72h three-day,49.8,35.6,7.6,not-time-competitive,freight-rail-wins-bulk-road-wins-express,heuristic-planning
CHEYENNE,Cheyenne,T1,service_stop,GREENSBORO,Greensboro,T2,service_stop,2764,545,needs-intermediate-stops,13,5,I-80;I-35;I-30;I-22;I-20;I-85,CHEYENNE;OMAHA;DSM;KC;OKC;DAL;LITTLE_ROCK;MEM;BHM_APPROACH;ATL;GREENVILLE;CLT;GREENSBORO,T1,61.4,52.2,72h three-day,53.5,38.4,8.0,not-time-competitive,freight-rail-wins-bulk-road-wins-express,heuristic-planning
CHEYENNE,Cheyenne,T1,service_stop,MOBILE,Mobile,T2,service_stop,2478,545,needs-intermediate-stops,10,4,I-80;I-35;I-30;I-22;I-65,CHEYENNE;OMAHA;DSM;KC;OKC;DAL;LITTLE_ROCK;MEM;BHM_APPROACH;MOBILE,T1,54.8,46.5,48h two-day,48.0,34.3,7.5,not-time-competitive,freight-rail-wins-bulk-road-wins-express,heuristic-planning
CHEYENNE,Cheyenne,T1,service_stop,LOUISVILLE,Louisville,T2,national_transfer_hub,2388,545,needs-intermediate-stops,10,4,I-80;I-35;I-30;I-40;I-65,CHEYENNE;OMAHA;DSM;KC;OKC;DAL;LITTLE_ROCK;MEM;NASHVILLE;LOUISVILLE,T1,52.9,44.9,48h two-day,46.3,33.1,7.3,not-time-competitive,freight-rail-wins-bulk-road-wins-express,heuristic-planning
CHEYENNE,Cheyenne,T1,service_stop,LITTLE_ROCK,Little Rock,T2,national_transfer_hub,1822,545,needs-intermediate-stops,7,2,I-80;I-35;I-30,CHEYENNE;OMAHA;DSM;KC;OKC;DAL;LITTLE_ROCK,T1,39.9,33.9,36h next-day,35.3,25.2,6.1,not-time-competitive,freight-rail-wins-bulk-road-wins-express,heuristic-planning
CHEYENNE,Cheyenne,T2,service_stop,DEN,Denver,T2,national_transfer_hub,115,115,sla-stop-rhythm-ok,2,0,I-25,CHEYENNE;DEN,T2,2.4,2.1,6h local,3.6,2.0,2.7,time-competitive,rail-often-absent-road-flexibility-case,heuristic-planning
CHEYENNE,Cheyenne,T1,service_stop,CAPITAL_BELTWAY_N,Capital North,T2,service_stop,3118,545,needs-intermediate-stops,15,7,I-80;I-35;I-30;I-40;I-65;I-75;I-70;I-495,CHEYENNE;OMAHA;DSM;KC;OKC;DAL;LITTLE_ROCK;MEM;NASHVILLE;LOUISVILLE;CINCINNATI;COLUMBUS;PENNSYLVANIA;DC;CAPITAL_BELTWAY_N,T1,69.8,59.2,72h three-day,60.6,43.5,8.7,not-time-competitive,freight-rail-wins-bulk-road-wins-express,heuristic-planning
CHEYENNE,Cheyenne,T1,service_stop,CAPITAL_BELTWAY_E,Capital East,T2,service_stop,3129,545,needs-intermediate-stops,16,7,I-80;I-35;I-30;I-40;I-65;I-75;I-70;I-495,CHEYENNE;OMAHA;DSM;KC;OKC;DAL;LITTLE_ROCK;MEM;NASHVILLE;LOUISVILLE;CINCINNATI;COLUMBUS;PENNSYLVANIA;DC;CAPITAL_BELTWAY_S;CAPITAL_BELTWAY_E,T1,70.1,59.5,72h three-day,60.8,43.6,8.8,not-time-competitive,freight-rail-wins-bulk-road-wins-express,heuristic-planning
CHEYENNE,Cheyenne,T1,service_stop,CAPITAL_BELTWAY_S,Capital South,T2,service_stop,3116,545,needs-intermediate-stops,15,7,I-80;I-35;I-30;I-40;I-65;I-75;I-70;I-495,CHEYENNE;OMAHA;DSM;KC;OKC;DAL;LITTLE_ROCK;MEM;NASHVILLE;LOUISVILLE;CINCINNATI;COLUMBUS;PENNSYLVANIA;DC;CAPITAL_BELTWAY_S,T1,69.8,59.2,72h three-day,60.6,43.5,8.7,not-time-competitive,freight-rail-wins-bulk-road-wins-express,heuristic-planning
CHEYENNE,Cheyenne,T1,service_stop,JOPLIN,Joplin,T2,service_stop,1065,545,needs-intermediate-stops,5,2,I-80;I-35;I-49,CHEYENNE;OMAHA;DSM;KC;JOPLIN,T1,23.6,20.0,24h overnight,21.6,15.1,4.6,not-time-competitive,freight-rail-wins-bulk-road-wins-express,heuristic-planning
CHEYENNE,Cheyenne,T1,service_stop,HAGERSTOWN,Hagerstown,T2,service_stop,3069,545,needs-intermediate-stops,14,7,I-80;I-35;I-30;I-40;I-65;I-75;I-70;I-81,CHEYENNE;OMAHA;DSM;KC;OKC;DAL;LITTLE_ROCK;MEM;NASHVILLE;LOUISVILLE;CINCINNATI;COLUMBUS;PENNSYLVANIA;HAGERSTOWN,T1,68.7,58.3,72h three-day,59.7,42.8,8.6,not-time-competitive,freight-rail-wins-bulk-road-wins-express,heuristic-planning
CHEYENNE,Cheyenne,T1,service_stop,STL,St. Louis,T1,national_transfer_hub,1181,545,needs-intermediate-stops,5,2,I-80;I-35;I-70,CHEYENNE;OMAHA;DSM;KC;STL,T1,26.1,22.2,24h overnight,23.7,16.6,4.9,not-time-competitive,freight-rail-wins-bulk-road-wins-express,heuristic-planning
CHEYENNE,Cheyenne,T1,service_stop,PITTSBURGH,Pittsburgh,T2,service_stop,3094,545,needs-intermediate-stops,13,6,I-80;I-35;I-30;I-22;I-20;I-85;I-77,CHEYENNE;OMAHA;DSM;KC;OKC;DAL;LITTLE_ROCK;MEM;BHM_APPROACH;ATL;GREENVILLE;CLT;PITTSBURGH,T1,68.8,58.4,72h three-day,59.9,43.0,8.7,not-time-competitive,freight-rail-wins-bulk-road-wins-express,heuristic-planning
CHEYENNE,Cheyenne,T1,service_stop,PENNSYLVANIA,Harrisburg,T1,national_transfer_hub,2995,545,needs-intermediate-stops,13,6,I-80;I-35;I-30;I-40;I-65;I-75;I-70,CHEYENNE;OMAHA;DSM;KC;OKC;DAL;LITTLE_ROCK;MEM;NASHVILLE;LOUISVILLE;CINCINNATI;COLUMBUS;PENNSYLVANIA,T1,66.7,56.6,72h three-day,58.1,41.6,8.5,not-time-competitive,freight-rail-wins-bulk-road-wins-express,heuristic-planning
CHEYENNE,Cheyenne,T1,service_stop,GULFPORT,Gulfport,T2,national_transfer_hub,2446,545,needs-intermediate-stops,11,3,I-80;I-35;I-10;US90,CHEYENNE;OMAHA;DSM;KC;OKC;DAL;SAT;HOU;BEAUMONT;LAFAYETTE;GULFPORT,T1,53.8,45.8,48h two-day,47.0,33.7,7.4,not-time-competitive,freight-rail-wins-bulk-road-wins-express,heuristic-planning
CHEYENNE,Cheyenne,T1,service_stop,CORPUS,Corpus Christi,T2,national_transfer_hub,1929,545,needs-intermediate-stops,8,2,I-80;I-35;I-37,CHEYENNE;OMAHA;DSM;KC;OKC;DAL;SAT;CORPUS,T1,42.2,35.9,36h next-day,37.3,26.6,6.4,not-time-competitive,freight-rail-wins-bulk-road-wins-express,heuristic-planning
OMAHA,Omaha,T2,national_transfer_hub,FARGO,Fargo,T2,service_stop,461,461,needs-intermediate-stops,2,0,I-29,OMAHA;FARGO,T2,9.8,8.4,12h half-day,9.9,6.6,3.4,not-time-competitive,rail-often-absent-road-flexibility-case,heuristic-planning
OMAHA,Omaha,T1,national_transfer_hub,NYC,New York,T2,transfer_hub,2632,382,long-gap-review,13,7,I-80;I-35;I-30;I-40;I-65;I-75;I-70;I-81,OMAHA;DSM;KC;OKC;DAL;LITTLE_ROCK;MEM;NASHVILLE;LOUISVILLE;CINCINNATI;COLUMBUS;PENNSYLVANIA;NYC,T1,59.3,50.3,72h three-day,51.8,37.0,7.8,not-time-competitive,freight-rail-wins-bulk-road-wins-express,heuristic-planning
OMAHA,Omaha,T1,national_transfer_hub,SPK,Spokane,T1,service_stop,1503,545,needs-intermediate-stops,4,2,I-80;I-25;I-90,OMAHA;CHEYENNE;BIL;SPK,T1,32.8,28.0,36h next-day,29.5,20.9,5.5,not-time-competitive,freight-rail-wins-bulk-road-wins-express,heuristic-planning
OMAHA,Omaha,T1,national_transfer_hub,BIL,Billings*,T2,national_transfer_hub,982,545,needs-intermediate-stops,3,1,I-80;I-25,OMAHA;CHEYENNE;BIL,T1,21.3,18.2,24h overnight,19.7,13.8,4.5,not-time-competitive,freight-rail-wins-bulk-road-wins-express,heuristic-planning
OMAHA,Omaha,T1,national_transfer_hub,RAPID_CITY,Rapid City,T1,national_transfer_hub,1316,545,needs-intermediate-stops,4,2,I-80;I-25;I-90,OMAHA;CHEYENNE;BIL;RAPID_CITY,T1,28.9,24.5,36h next-day,26.1,18.4,5.1,not-time-competitive,freight-rail-wins-bulk-road-wins-express,heuristic-planning
OMAHA,Omaha,T1,national_transfer_hub,MILWAUKEE,Milwaukee,T1,service_stop,606,365,long-gap-review,5,1,I-80;I-90,OMAHA;DSM;CHI;CHI_NORTH;MILWAUKEE,T1,13.5,11.4,12h half-day,12.9,8.8,3.7,not-time-competitive,corridor-specific-rail-check-needed,heuristic-planning
OMAHA,Omaha,T1,national_transfer_hub,CHI_NORTH,North Chicago,T1,service_stop,523,365,long-gap-review,4,1,I-80;I-90,OMAHA;DSM;CHI;CHI_NORTH,T1,11.6,9.9,12h half-day,11.4,7.7,3.5,not-time-competitive,corridor-specific-rail-check-needed,heuristic-planning
OMAHA,Omaha,T1,national_transfer_hub,PHILADELPHIA,Philadelphia,T2,service_stop,2560,382,long-gap-review,13,7,I-80;I-35;I-30;I-40;I-65;I-75;I-70;I-76,OMAHA;DSM;KC;OKC;DAL;LITTLE_ROCK;MEM;NASHVILLE;LOUISVILLE;CINCINNATI;COLUMBUS;PENNSYLVANIA;PHILADELPHIA,T1,57.8,49.0,72h three-day,50.5,36.0,7.6,not-time-competitive,freight-rail-wins-bulk-road-wins-express,heuristic-planning
OMAHA,Omaha,T1,national_transfer_hub,DC,Washington,T1,service_stop,2562,382,long-gap-review,13,6,I-80;I-35;I-30;I-40;I-65;I-75;I-70,OMAHA;DSM;KC;OKC;DAL;LITTLE_ROCK;MEM;NASHVILLE;LOUISVILLE;CINCINNATI;COLUMBUS;PENNSYLVANIA;DC,T1,57.5,48.7,72h three-day,50.2,35.9,7.6,not-time-competitive,freight-rail-wins-bulk-road-wins-express,heuristic-planning
OMAHA,Omaha,T1,national_transfer_hub,RIC,Richmond,T1,national_transfer_hub,2676,382,long-gap-review,14,7,I-80;I-35;I-30;I-40;I-65;I-75;I-70;I-95,OMAHA;DSM;KC;OKC;DAL;LITTLE_ROCK;MEM;NASHVILLE;LOUISVILLE;CINCINNATI;COLUMBUS;PENNSYLVANIA;DC;RIC,T1,60.3,51.1,72h three-day,52.6,37.6,7.9,not-time-competitive,freight-rail-wins-bulk-road-wins-express,heuristic-planning
OMAHA,Omaha,T1,national_transfer_hub,BEN,Benson,T1,transfer_hub,3114,382,long-gap-review,16,8,I-80;I-35;I-30;I-40;I-65;I-75;I-70;I-95;I-40,OMAHA;DSM;KC;OKC;DAL;LITTLE_ROCK;MEM;NASHVILLE;LOUISVILLE;CINCINNATI;COLUMBUS;PENNSYLVANIA;DC;RIC;FLO;BEN,T1,70.2,59.5,72h three-day,60.9,43.6,8.7,not-time-competitive,freight-rail-wins-bulk-road-wins-express,heuristic-planning
OMAHA,Omaha,T1,national_transfer_hub,GREENVILLE,Greenville,T2,service_stop,2012,352,long-gap-review,10,5,I-80;I-35;I-30;I-22;I-20;I-85,OMAHA;DSM;KC;OKC;DAL;LITTLE_ROCK;MEM;BHM_APPROACH;ATL;GREENVILLE,T1,45.2,38.3,48h two-day,39.8,28.3,6.5,not-time-competitive,freight-rail-wins-bulk-road-wins-express,heuristic-planning
OMAHA,Omaha,T1,national_transfer_hub,GREENSBORO,Greensboro,T2,service_stop,2219,352,long-gap-review,12,5,I-80;I-35;I-30;I-22;I-20;I-85,OMAHA;DSM;KC;OKC;DAL;LITTLE_ROCK;MEM;BHM_APPROACH;ATL;GREENVILLE;CLT;GREENSBORO,T1,49.8,42.2,48h two-day,43.6,31.1,6.9,not-time-competitive,freight-rail-wins-bulk-road-wins-express,heuristic-planning
OMAHA,Omaha,T1,national_transfer_hub,MOBILE,Mobile,T2,service_stop,1933,352,long-gap-review,9,4,I-80;I-35;I-30;I-22;I-65,OMAHA;DSM;KC;OKC;DAL;LITTLE_ROCK;MEM;BHM_APPROACH;MOBILE,T1,43.1,36.6,48h two-day,38.0,27.1,6.4,not-time-competitive,freight-rail-wins-bulk-road-wins-express,heuristic-planning
OMAHA,Omaha,T1,national_transfer_hub,LOUISVILLE,Louisville,T2,national_transfer_hub,1843,352,long-gap-review,9,4,I-80;I-35;I-30;I-40;I-65,OMAHA;DSM;KC;OKC;DAL;LITTLE_ROCK;MEM;NASHVILLE;LOUISVILLE,T1,41.2,34.9,36h next-day,36.4,25.9,6.2,not-time-competitive,freight-rail-wins-bulk-road-wins-express,heuristic-planning
OMAHA,Omaha,T1,national_transfer_hub,LITTLE_ROCK,Little Rock,T2,national_transfer_hub,1277,352,long-gap-review,6,2,I-80;I-35;I-30,OMAHA;DSM;KC;OKC;DAL;LITTLE_ROCK,T1,28.2,24.0,24h overnight,25.4,17.9,5.1,not-time-competitive,freight-rail-wins-bulk-road-wins-express,heuristic-planning
OMAHA,Omaha,T1,national_transfer_hub,DEN,Denver,T2,national_transfer_hub,660,545,needs-intermediate-stops,3,1,I-80;I-25,OMAHA;CHEYENNE;DEN,T1,14.5,12.3,24h overnight,13.8,9.5,3.8,not-time-competitive,corridor-specific-rail-check-needed,heuristic-planning
OMAHA,Omaha,T1,national_transfer_hub,CAPITAL_BELTWAY_N,Capital North,T2,service_stop,2573,382,long-gap-review,14,7,I-80;I-35;I-30;I-40;I-65;I-75;I-70;I-495,OMAHA;DSM;KC;OKC;DAL;LITTLE_ROCK;MEM;NASHVILLE;LOUISVILLE;CINCINNATI;COLUMBUS;PENNSYLVANIA;DC;CAPITAL_BELTWAY_N,T1,58.2,49.3,72h three-day,50.7,36.2,7.6,not-time-competitive,freight-rail-wins-bulk-road-wins-express,heuristic-planning
OMAHA,Omaha,T1,national_transfer_hub,CAPITAL_BELTWAY_E,Capital East,T2,service_stop,2584,382,long-gap-review,15,7,I-80;I-35;I-30;I-40;I-65;I-75;I-70;I-495,OMAHA;DSM;KC;OKC;DAL;LITTLE_ROCK;MEM;NASHVILLE;LOUISVILLE;CINCINNATI;COLUMBUS;PENNSYLVANIA;DC;CAPITAL_BELTWAY_S;CAPITAL_BELTWAY_E,T1,58.5,49.5,72h three-day,50.9,36.4,7.7,not-time-competitive,freight-rail-wins-bulk-road-wins-express,heuristic-planning
OMAHA,Omaha,T1,national_transfer_hub,CAPITAL_BELTWAY_S,Capital South,T2,service_stop,2571,382,long-gap-review,14,7,I-80;I-35;I-30;I-40;I-65;I-75;I-70;I-495,OMAHA;DSM;KC;OKC;DAL;LITTLE_ROCK;MEM;NASHVILLE;LOUISVILLE;CINCINNATI;COLUMBUS;PENNSYLVANIA;DC;CAPITAL_BELTWAY_S,T1,58.1,49.2,72h three-day,50.7,36.2,7.6,not-time-competitive,freight-rail-wins-bulk-road-wins-express,heuristic-planning
OMAHA,Omaha,T1,national_transfer_hub,JOPLIN,Joplin,T2,service_stop,520,212,sla-stop-rhythm-ok,4,2,I-80;I-35;I-49,OMAHA;DSM;KC;JOPLIN,T1,11.9,10.1,12h half-day,11.7,7.8,3.5,not-time-competitive,corridor-specific-rail-check-needed,heuristic-planning
OMAHA,Omaha,T1,national_transfer_hub,HAGERSTOWN,Hagerstown,T2,service_stop,2523,382,long-gap-review,13,7,I-80;I-35;I-30;I-40;I-65;I-75;I-70;I-81,OMAHA;DSM;KC;OKC;DAL;LITTLE_ROCK;MEM;NASHVILLE;LOUISVILLE;CINCINNATI;COLUMBUS;PENNSYLVANIA;HAGERSTOWN,T1,57.0,48.3,72h three-day,49.8,35.5,7.5,not-time-competitive,freight-rail-wins-bulk-road-wins-express,heuristic-planning
OMAHA,Omaha,T1,national_transfer_hub,STL,St. Louis,T1,national_transfer_hub,636,281,long-gap-review,4,2,I-80;I-35;I-70,OMAHA;DSM;KC;STL,T1,14.4,12.2,24h overnight,13.8,9.4,3.8,not-time-competitive,corridor-specific-rail-check-needed,heuristic-planning
OMAHA,Omaha,T1,national_transfer_hub,PITTSBURGH,Pittsburgh,T2,service_stop,2549,428,needs-intermediate-stops,12,6,I-80;I-35;I-30;I-22;I-20;I-85;I-77,OMAHA;DSM;KC;OKC;DAL;LITTLE_ROCK;MEM;BHM_APPROACH;ATL;GREENVILLE;CLT;PITTSBURGH,T1,57.1,48.4,72h three-day,49.9,35.7,7.6,not-time-competitive,freight-rail-wins-bulk-road-wins-express,heuristic-planning
OMAHA,Omaha,T1,national_transfer_hub,PENNSYLVANIA,Harrisburg,T1,national_transfer_hub,2450,382,long-gap-review,12,6,I-80;I-35;I-30;I-40;I-65;I-75;I-70,OMAHA;DSM;KC;OKC;DAL;LITTLE_ROCK;MEM;NASHVILLE;LOUISVILLE;CINCINNATI;COLUMBUS;PENNSYLVANIA,T1,55.0,46.6,48h two-day,48.1,34.4,7.4,not-time-competitive,freight-rail-wins-bulk-road-wins-express,heuristic-planning
OMAHA,Omaha,T1,national_transfer_hub,GULFPORT,Gulfport,T2,national_transfer_hub,1900,352,long-gap-review,10,3,I-80;I-35;I-10;US90,OMAHA;DSM;KC;OKC;DAL;SAT;HOU;BEAUMONT;LAFAYETTE;GULFPORT,T1,42.1,35.8,36h next-day,37.1,26.4,6.3,not-time-competitive,freight-rail-wins-bulk-road-wins-express,heuristic-planning
OMAHA,Omaha,T1,national_transfer_hub,CORPUS,Corpus Christi,T2,national_transfer_hub,1384,352,long-gap-review,7,2,I-80;I-35;I-37,OMAHA;DSM;KC;OKC;DAL;SAT;CORPUS,T1,30.5,26.0,36h next-day,27.4,19.3,5.3,not-time-competitive,freight-rail-wins-bulk-road-wins-express,heuristic-planning
FARGO,Fargo,T2,service_stop,NYC,New York,T2,transfer_hub,3093,461,needs-intermediate-stops,14,8,I-29;I-80;I-35;I-30;I-40;I-65;I-75;I-70;I-81,FARGO;OMAHA;DSM;KC;OKC;DAL;LITTLE_ROCK;MEM;NASHVILLE;LOUISVILLE;CINCINNATI;COLUMBUS;PENNSYLVANIA;NYC,T1,69.6,58.9,72h three-day,60.5,43.3,8.7,not-time-competitive,freight-rail-wins-bulk-road-wins-express,heuristic-planning
FARGO,Fargo,T2,service_stop,SPK,Spokane,T1,service_stop,1964,545,needs-intermediate-stops,5,3,I-29;I-80;I-25;I-90,FARGO;OMAHA;CHEYENNE;BIL;SPK,T1,43.1,36.6,48h two-day,38.3,27.3,6.4,not-time-competitive,freight-rail-wins-bulk-road-wins-express,heuristic-planning
FARGO,Fargo,T2,service_stop,BIL,Billings*,T2,national_transfer_hub,1443,545,needs-intermediate-stops,4,2,I-29;I-80;I-25,FARGO;OMAHA;CHEYENNE;BIL,T1,31.6,26.8,36h next-day,28.4,20.1,5.4,not-time-competitive,freight-rail-wins-bulk-road-wins-express,heuristic-planning
FARGO,Fargo,T2,service_stop,RAPID_CITY,Rapid City,T1,national_transfer_hub,1777,545,needs-intermediate-stops,5,3,I-29;I-80;I-25;I-90,FARGO;OMAHA;CHEYENNE;BIL;RAPID_CITY,T1,39.1,33.2,36h next-day,34.9,24.8,6.1,not-time-competitive,freight-rail-wins-bulk-road-wins-express,heuristic-planning
FARGO,Fargo,T2,service_stop,MILWAUKEE,Milwaukee,T1,service_stop,1067,461,needs-intermediate-stops,6,2,I-29;I-80;I-90,FARGO;OMAHA;DSM;CHI;CHI_NORTH;MILWAUKEE,T1,23.7,20.1,24h overnight,21.6,15.1,4.6,not-time-competitive,freight-rail-wins-bulk-road-wins-express,heuristic-planning
FARGO,Fargo,T2,service_stop,CHI_NORTH,North Chicago,T1,service_stop,984,461,needs-intermediate-stops,5,2,I-29;I-80;I-90,FARGO;OMAHA;DSM;CHI;CHI_NORTH,T1,21.9,18.6,24h overnight,20.1,14.0,4.5,not-time-competitive,freight-rail-wins-bulk-road-wins-express,heuristic-planning
FARGO,Fargo,T2,service_stop,PHILADELPHIA,Philadelphia,T2,service_stop,3021,461,needs-intermediate-stops,14,8,I-29;I-80;I-35;I-30;I-40;I-65;I-75;I-70;I-76,FARGO;OMAHA;DSM;KC;OKC;DAL;LITTLE_ROCK;MEM;NASHVILLE;LOUISVILLE;CINCINNATI;COLUMBUS;PENNSYLVANIA;PHILADELPHIA,T1,68.0,57.6,72h three-day,59.2,42.4,8.5,not-time-competitive,freight-rail-wins-bulk-road-wins-express,heuristic-planning
FARGO,Fargo,T2,service_stop,DC,Washington,T1,service_stop,3023,461,needs-intermediate-stops,14,7,I-29;I-80;I-35;I-30;I-40;I-65;I-75;I-70,FARGO;OMAHA;DSM;KC;OKC;DAL;LITTLE_ROCK;MEM;NASHVILLE;LOUISVILLE;CINCINNATI;COLUMBUS;PENNSYLVANIA;DC,T1,67.7,57.4,72h three-day,58.9,42.2,8.5,not-time-competitive,freight-rail-wins-bulk-road-wins-express,heuristic-planning
FARGO,Fargo,T2,service_stop,RIC,Richmond,T1,national_transfer_hub,3137,461,needs-intermediate-stops,15,8,I-29;I-80;I-35;I-30;I-40;I-65;I-75;I-70;I-95,FARGO;OMAHA;DSM;KC;OKC;DAL;LITTLE_ROCK;MEM;NASHVILLE;LOUISVILLE;CINCINNATI;COLUMBUS;PENNSYLVANIA;DC;RIC,T1,70.6,59.8,72h three-day,61.3,43.9,8.8,not-time-competitive,freight-rail-wins-bulk-road-wins-express,heuristic-planning
FARGO,Fargo,T2,service_stop,BEN,Benson,T1,transfer_hub,3575,461,needs-intermediate-stops,17,9,I-29;I-80;I-35;I-30;I-40;I-65;I-75;I-70;I-95;I-40,FARGO;OMAHA;DSM;KC;OKC;DAL;LITTLE_ROCK;MEM;NASHVILLE;LOUISVILLE;CINCINNATI;COLUMBUS;PENNSYLVANIA;DC;RIC;FLO;BEN,T1,80.4,68.2,72h three-day,69.7,50.0,9.7,not-time-competitive,freight-rail-wins-bulk-road-wins-express,heuristic-planning
FARGO,Fargo,T2,service_stop,GREENVILLE,Greenville,T2,service_stop,2473,461,needs-intermediate-stops,11,6,I-29;I-80;I-35;I-30;I-22;I-20;I-85,FARGO;OMAHA;DSM;KC;OKC;DAL;LITTLE_ROCK;MEM;BHM_APPROACH;ATL;GREENVILLE,T1,55.4,47.0,48h two-day,48.6,34.7,7.4,not-time-competitive,freight-rail-wins-bulk-road-wins-express,heuristic-planning
FARGO,Fargo,T2,service_stop,GREENSBORO,Greensboro,T2,service_stop,2680,461,needs-intermediate-stops,13,6,I-29;I-80;I-35;I-30;I-22;I-20;I-85,FARGO;OMAHA;DSM;KC;OKC;DAL;LITTLE_ROCK;MEM;BHM_APPROACH;ATL;GREENVILLE;CLT;GREENSBORO,T1,60.0,50.9,72h three-day,52.3,37.4,7.9,not-time-competitive,freight-rail-wins-bulk-road-wins-express,heuristic-planning
FARGO,Fargo,T2,service_stop,MOBILE,Mobile,T2,service_stop,2394,461,needs-intermediate-stops,10,5,I-29;I-80;I-35;I-30;I-22;I-65,FARGO;OMAHA;DSM;KC;OKC;DAL;LITTLE_ROCK;MEM;BHM_APPROACH;MOBILE,T1,53.3,45.2,48h two-day,46.8,33.4,7.3,not-time-competitive,freight-rail-wins-bulk-road-wins-express,heuristic-planning
FARGO,Fargo,T2,service_stop,LOUISVILLE,Louisville,T2,national_transfer_hub,2304,461,needs-intermediate-stops,10,5,I-29;I-80;I-35;I-30;I-40;I-65,FARGO;OMAHA;DSM;KC;OKC;DAL;LITTLE_ROCK;MEM;NASHVILLE;LOUISVILLE,T1,51.4,43.6,48h two-day,45.1,32.2,7.1,not-time-competitive,freight-rail-wins-bulk-road-wins-express,heuristic-planning
FARGO,Fargo,T2,service_stop,LITTLE_ROCK,Little Rock,T2,national_transfer_hub,1738,461,needs-intermediate-stops,7,3,I-29;I-80;I-35;I-30,FARGO;OMAHA;DSM;KC;OKC;DAL;LITTLE_ROCK,T1,38.4,32.7,36h next-day,34.2,24.3,6.0,not-time-competitive,freight-rail-wins-bulk-road-wins-express,heuristic-planning
FARGO,Fargo,T2,service_stop,DEN,Denver,T2,national_transfer_hub,1121,545,needs-intermediate-stops,4,2,I-29;I-80;I-25,FARGO;OMAHA;CHEYENNE;DEN,T1,24.7,21.0,24h overnight,22.6,15.8,4.7,not-time-competitive,freight-rail-wins-bulk-road-wins-express,heuristic-planning
FARGO,Fargo,T2,service_stop,CAPITAL_BELTWAY_N,Capital North,T2,service_stop,3034,461,needs-intermediate-stops,15,8,I-29;I-80;I-35;I-30;I-40;I-65;I-75;I-70;I-495,FARGO;OMAHA;DSM;KC;OKC;DAL;LITTLE_ROCK;MEM;NASHVILLE;LOUISVILLE;CINCINNATI;COLUMBUS;PENNSYLVANIA;DC;CAPITAL_BELTWAY_N,T1,68.4,57.9,72h three-day,59.5,42.6,8.6,not-time-competitive,freight-rail-wins-bulk-road-wins-express,heuristic-planning
FARGO,Fargo,T2,service_stop,CAPITAL_BELTWAY_E,Capital East,T2,service_stop,3045,461,needs-intermediate-stops,16,8,I-29;I-80;I-35;I-30;I-40;I-65;I-75;I-70;I-495,FARGO;OMAHA;DSM;KC;OKC;DAL;LITTLE_ROCK;MEM;NASHVILLE;LOUISVILLE;CINCINNATI;COLUMBUS;PENNSYLVANIA;DC;CAPITAL_BELTWAY_S;CAPITAL_BELTWAY_E,T1,68.7,58.2,72h three-day,59.7,42.7,8.6,not-time-competitive,freight-rail-wins-bulk-road-wins-express,heuristic-planning
FARGO,Fargo,T2,service_stop,CAPITAL_BELTWAY_S,Capital South,T2,service_stop,3032,461,needs-intermediate-stops,15,8,I-29;I-80;I-35;I-30;I-40;I-65;I-75;I-70;I-495,FARGO;OMAHA;DSM;KC;OKC;DAL;LITTLE_ROCK;MEM;NASHVILLE;LOUISVILLE;CINCINNATI;COLUMBUS;PENNSYLVANIA;DC;CAPITAL_BELTWAY_S,T1,68.4,57.9,72h three-day,59.4,42.5,8.6,not-time-competitive,freight-rail-wins-bulk-road-wins-express,heuristic-planning
FARGO,Fargo,T2,service_stop,JOPLIN,Joplin,T2,service_stop,981,461,needs-intermediate-stops,5,3,I-29;I-80;I-35;I-49,FARGO;OMAHA;DSM;KC;JOPLIN,T1,22.2,18.8,24h overnight,20.4,14.2,4.5,not-time-competitive,freight-rail-wins-bulk-road-wins-express,heuristic-planning
FARGO,Fargo,T2,service_stop,HAGERSTOWN,Hagerstown,T2,service_stop,2984,461,needs-intermediate-stops,14,8,I-29;I-80;I-35;I-30;I-40;I-65;I-75;I-70;I-81,FARGO;OMAHA;DSM;KC;OKC;DAL;LITTLE_ROCK;MEM;NASHVILLE;LOUISVILLE;CINCINNATI;COLUMBUS;PENNSYLVANIA;HAGERSTOWN,T1,67.3,57.0,72h three-day,58.6,41.9,8.5,not-time-competitive,freight-rail-wins-bulk-road-wins-express,heuristic-planning
FARGO,Fargo,T2,service_stop,STL,St. Louis,T1,national_transfer_hub,1097,461,needs-intermediate-stops,5,3,I-29;I-80;I-35;I-70,FARGO;OMAHA;DSM;KC;STL,T1,24.6,20.9,24h overnight,22.5,15.7,4.7,not-time-competitive,freight-rail-wins-bulk-road-wins-express,heuristic-planning
FARGO,Fargo,T2,service_stop,PITTSBURGH,Pittsburgh,T2,service_stop,3010,461,needs-intermediate-stops,13,7,I-29;I-80;I-35;I-30;I-22;I-20;I-85;I-77,FARGO;OMAHA;DSM;KC;OKC;DAL;LITTLE_ROCK;MEM;BHM_APPROACH;ATL;GREENVILLE;CLT;PITTSBURGH,T1,67.4,57.1,72h three-day,58.7,42.0,8.5,not-time-competitive,freight-rail-wins-bulk-road-wins-express,heuristic-planning
FARGO,Fargo,T2,service_stop,PENNSYLVANIA,Harrisburg,T1,national_transfer_hub,2911,461,needs-intermediate-stops,13,7,I-29;I-80;I-35;I-30;I-40;I-65;I-75;I-70,FARGO;OMAHA;DSM;KC;OKC;DAL;LITTLE_ROCK;MEM;NASHVILLE;LOUISVILLE;CINCINNATI;COLUMBUS;PENNSYLVANIA,T1,65.3,55.3,72h three-day,56.9,40.7,8.3,not-time-competitive,freight-rail-wins-bulk-road-wins-express,heuristic-planning
FARGO,Fargo,T2,service_stop,GULFPORT,Gulfport,T2,national_transfer_hub,2361,461,needs-intermediate-stops,11,4,I-29;I-80;I-35;I-10;US90,FARGO;OMAHA;DSM;KC;OKC;DAL;SAT;HOU;BEAUMONT;LAFAYETTE;GULFPORT,T1,52.4,44.5,48h two-day,45.8,32.8,7.2,not-time-competitive,freight-rail-wins-bulk-road-wins-express,heuristic-planning
FARGO,Fargo,T2,service_stop,CORPUS,Corpus Christi,T2,national_transfer_hub,1845,461,needs-intermediate-stops,8,3,I-29;I-80;I-35;I-37,FARGO;OMAHA;DSM;KC;OKC;DAL;SAT;CORPUS,T1,40.8,34.6,36h next-day,36.1,25.7,6.2,not-time-competitive,freight-rail-wins-bulk-road-wins-express,heuristic-planning
CLEVELAND,Cleveland,T1,service_stop,PA_APPROACH,Pennsylvania,T1,service_stop,276,276,long-gap-review,2,0,I-80,CLEVELAND;PA_APPROACH,T1,5.9,5.0,6h local,6.5,4.2,3.1,near-competitive-short-haul,corridor-specific-rail-check-needed,heuristic-planning
CLEVELAND,Cleveland,T1,service_stop,BUFFALO,Buffalo,T1,service_stop,415,300,long-gap-review,3,1,I-80;I-90,CLEVELAND;TOL;BUFFALO,T1,9.3,7.9,12h half-day,9.4,6.2,3.3,not-time-competitive,corridor-specific-rail-check-needed,heuristic-planning
CLEVELAND,Cleveland,T2,service_stop,PITTSBURGH,Pittsburgh,T2,service_stop,135,135,sla-stop-rhythm-ok,2,0,I-77,CLEVELAND;PITTSBURGH,T2,2.9,2.5,6h local,4.0,2.3,2.8,time-competitive,rail-often-absent-road-flexibility-case,heuristic-planning
CLEVELAND,Cleveland,T2,service_stop,PENNSYLVANIA,Harrisburg,T2,national_transfer_hub,330,194,sla-stop-rhythm-ok,3,1,I-77;I-76,CLEVELAND;PITTSBURGH;PENNSYLVANIA,T2,7.4,6.3,12h half-day,7.8,5.1,3.2,not-time-competitive,rail-often-absent-road-flexibility-case,heuristic-planning
PA_APPROACH,Pennsylvania,T1,service_stop,NYC,New York,T1,transfer_hub,200,200,sla-stop-rhythm-ok,2,0,I-80,PA_APPROACH;NYC,T1,4.3,3.6,6h local,5.1,3.2,2.9,near-competitive-short-haul,corridor-specific-rail-check-needed,heuristic-planning
NYC,New York,T1,transfer_hub,ALBANY,Albany,T1,service_stop,389,164,sla-stop-rhythm-ok,4,1,I-95;I-90,NYC;NEW_HAVEN;BOS;ALBANY,T1,8.8,7.4,12h half-day,8.9,5.9,3.3,not-time-competitive,corridor-specific-rail-check-needed,heuristic-planning
NYC,New York,T1,transfer_hub,BOS,Boston,T1,national_transfer_hub,225,142,sla-stop-rhythm-ok,3,0,I-95,NYC;NEW_HAVEN;BOS,T1,4.9,4.1,6h local,5.6,3.5,2.9,near-competitive-short-haul,passenger-rail-wins-where-high-frequency,heuristic-planning
NYC,New York,T1,transfer_hub,NEW_HAVEN,New Haven,T1,service_stop,83,83,sla-stop-rhythm-ok,2,0,I-95,NYC;NEW_HAVEN,T1,1.8,1.5,6h local,3.0,1.6,2.7,time-competitive,passenger-rail-wins-where-high-frequency,heuristic-planning
NYC,New York,T1,transfer_hub,PHILADELPHIA,Philadelphia,T1,service_stop,95,95,sla-stop-rhythm-ok,2,0,I-95,NYC;PHILADELPHIA,T1,2.0,1.7,6h local,3.2,1.8,2.7,time-competitive,passenger-rail-wins-where-high-frequency,heuristic-planning
NYC,New York,T2,transfer_hub,PENNSYLVANIA,Harrisburg,T2,national_transfer_hub,182,182,sla-stop-rhythm-ok,2,0,I-81,NYC;PENNSYLVANIA,T2,3.9,3.3,6h local,4.8,2.9,2.9,near-competitive-short-haul,rail-often-absent-road-flexibility-case,heuristic-planning
SPK,Spokane,T1,service_stop,BIL,Billings*,T1,national_transfer_hub,522,522,needs-intermediate-stops,2,0,I-90,SPK;BIL,T1,11.1,9.5,12h half-day,11.0,7.5,3.5,not-time-competitive,corridor-specific-rail-check-needed,heuristic-planning
SPK,Spokane,T1,service_stop,LAS_VEGAS,Las Vegas,T2,service_stop,1625,428,needs-intermediate-stops,6,3,I-90;I-5;I-84;I-15,SPK;SEA;POR;BOI;SLC;LAS_VEGAS,T1,35.9,30.5,36h next-day,32.1,22.8,5.7,not-time-competitive,freight-rail-wins-bulk-road-wins-express,heuristic-planning
SPK,Spokane,T1,service_stop,DEN,Denver,T1,national_transfer_hub,1634,437,needs-intermediate-stops,6,3,I-90;I-5;I-84;I-70,SPK;SEA;POR;BOI;SLC;DEN,T1,36.1,30.7,36h next-day,32.3,22.9,5.8,not-time-competitive,freight-rail-wins-bulk-road-wins-express,heuristic-planning
SPK,Spokane,T1,service_stop,COLORADO_SPRINGS,Colorado Springs,T2,service_stop,2808,693,needs-intermediate-stops,9,5,I-90;I-5;I-84;I-15;I-40;I-25,SPK;SEA;POR;BOI;SLC;LAS_VEGAS;BARSTOW;ABQ;COLORADO_SPRINGS,T1,62.0,52.7,72h three-day,54.3,38.9,8.1,not-time-competitive,freight-rail-wins-bulk-road-wins-express,heuristic-planning
BIL,Billings*,T1,national_transfer_hub,RAPID_CITY,Rapid City,T1,national_transfer_hub,334,334,long-gap-review,2,0,I-90,BIL;RAPID_CITY,T1,7.1,6.1,12h half-day,7.6,5.0,3.2,not-time-competitive,corridor-specific-rail-check-needed,heuristic-planning
BIL,Billings*,T2,national_transfer_hub,MILWAUKEE,Milwaukee,T1,service_stop,1588,545,needs-intermediate-stops,7,2,I-25;I-80;I-90,BIL;CHEYENNE;OMAHA;DSM;CHI;CHI_NORTH;MILWAUKEE,T1,34.9,29.7,36h next-day,31.1,22.1,5.7,not-time-competitive,freight-rail-wins-bulk-road-wins-express,heuristic-planning
BIL,Billings*,T2,national_transfer_hub,CHI_NORTH,North Chicago,T1,service_stop,1505,545,needs-intermediate-stops,6,2,I-25;I-80;I-90,BIL;CHEYENNE;OMAHA;DSM;CHI;CHI_NORTH,T1,33.0,28.1,36h next-day,29.6,21.0,5.5,not-time-competitive,freight-rail-wins-bulk-road-wins-express,heuristic-planning
BIL,Billings*,T2,national_transfer_hub,PHILADELPHIA,Philadelphia,T2,service_stop,3541,545,needs-intermediate-stops,15,8,I-25;I-80;I-35;I-30;I-40;I-65;I-75;I-70;I-76,BIL;CHEYENNE;OMAHA;DSM;KC;OKC;DAL;LITTLE_ROCK;MEM;NASHVILLE;LOUISVILLE;CINCINNATI;COLUMBUS;PENNSYLVANIA;PHILADELPHIA,T1,79.2,67.2,72h three-day,68.7,49.3,9.6,not-time-competitive,freight-rail-wins-bulk-road-wins-express,heuristic-planning
BIL,Billings*,T2,national_transfer_hub,DC,Washington,T1,service_stop,3544,545,needs-intermediate-stops,15,7,I-25;I-80;I-35;I-30;I-40;I-65;I-75;I-70,BIL;CHEYENNE;OMAHA;DSM;KC;OKC;DAL;LITTLE_ROCK;MEM;NASHVILLE;LOUISVILLE;CINCINNATI;COLUMBUS;PENNSYLVANIA;DC,T1,78.9,67.0,72h three-day,68.4,49.2,9.6,not-time-competitive,freight-rail-wins-bulk-road-wins-express,heuristic-planning
BIL,Billings*,T2,national_transfer_hub,RIC,Richmond,T1,national_transfer_hub,3657,545,needs-intermediate-stops,16,8,I-25;I-80;I-35;I-30;I-40;I-65;I-75;I-70;I-95,BIL;CHEYENNE;OMAHA;DSM;KC;OKC;DAL;LITTLE_ROCK;MEM;NASHVILLE;LOUISVILLE;CINCINNATI;COLUMBUS;PENNSYLVANIA;DC;RIC,T1,81.7,69.3,72h three-day,70.8,50.9,9.8,not-time-competitive,freight-rail-wins-bulk-road-wins-express,heuristic-planning
BIL,Billings*,T2,national_transfer_hub,BEN,Benson,T1,transfer_hub,4096,545,needs-intermediate-stops,18,9,I-25;I-80;I-35;I-30;I-40;I-65;I-75;I-70;I-95;I-40,BIL;CHEYENNE;OMAHA;DSM;KC;OKC;DAL;LITTLE_ROCK;MEM;NASHVILLE;LOUISVILLE;CINCINNATI;COLUMBUS;PENNSYLVANIA;DC;RIC;FLO;BEN,T1,91.6,77.7,>72h source-gated,79.1,56.9,10.7,not-time-competitive,freight-rail-wins-bulk-road-wins-express,heuristic-planning
BIL,Billings*,T2,national_transfer_hub,GREENVILLE,Greenville,T2,service_stop,2994,545,needs-intermediate-stops,12,6,I-25;I-80;I-35;I-30;I-22;I-20;I-85,BIL;CHEYENNE;OMAHA;DSM;KC;OKC;DAL;LITTLE_ROCK;MEM;BHM_APPROACH;ATL;GREENVILLE,T1,66.6,56.5,72h three-day,58.0,41.6,8.5,not-time-competitive,freight-rail-wins-bulk-road-wins-express,heuristic-planning
BIL,Billings*,T2,national_transfer_hub,GREENSBORO,Greensboro,T2,service_stop,3200,545,needs-intermediate-stops,14,6,I-25;I-80;I-35;I-30;I-22;I-20;I-85,BIL;CHEYENNE;OMAHA;DSM;KC;OKC;DAL;LITTLE_ROCK;MEM;BHM_APPROACH;ATL;GREENVILLE;CLT;GREENSBORO,T1,71.2,60.4,72h three-day,61.8,44.4,8.9,not-time-competitive,freight-rail-wins-bulk-road-wins-express,heuristic-planning
BIL,Billings*,T2,national_transfer_hub,MOBILE,Mobile,T2,service_stop,2914,545,needs-intermediate-stops,11,5,I-25;I-80;I-35;I-30;I-22;I-65,BIL;CHEYENNE;OMAHA;DSM;KC;OKC;DAL;LITTLE_ROCK;MEM;BHM_APPROACH;MOBILE,T1,64.5,54.8,72h three-day,56.2,40.4,8.3,not-time-competitive,freight-rail-wins-bulk-road-wins-express,heuristic-planning
BIL,Billings*,T2,national_transfer_hub,LOUISVILLE,Louisville,T2,national_transfer_hub,2825,545,needs-intermediate-stops,11,5,I-25;I-80;I-35;I-30;I-40;I-65,BIL;CHEYENNE;OMAHA;DSM;KC;OKC;DAL;LITTLE_ROCK;MEM;NASHVILLE;LOUISVILLE,T1,62.6,53.1,72h three-day,54.6,39.2,8.1,not-time-competitive,freight-rail-wins-bulk-road-wins-express,heuristic-planning
BIL,Billings*,T2,national_transfer_hub,LITTLE_ROCK,Little Rock,T2,national_transfer_hub,2259,545,needs-intermediate-stops,8,3,I-25;I-80;I-35;I-30,BIL;CHEYENNE;OMAHA;DSM;KC;OKC;DAL;LITTLE_ROCK,T1,49.6,42.2,48h two-day,43.6,31.2,7.0,not-time-competitive,freight-rail-wins-bulk-road-wins-express,heuristic-planning
BIL,Billings*,T2,national_transfer_hub,DEN,Denver,T2,national_transfer_hub,551,436,needs-intermediate-stops,3,0,I-25,BIL;CHEYENNE;DEN,T2,11.8,10.1,12h half-day,11.5,7.8,3.6,not-time-competitive,rail-often-absent-road-flexibility-case,heuristic-planning
BIL,Billings*,T2,national_transfer_hub,CAPITAL_BELTWAY_N,Capital North,T2,service_stop,3555,545,needs-intermediate-stops,16,8,I-25;I-80;I-35;I-30;I-40;I-65;I-75;I-70;I-495,BIL;CHEYENNE;OMAHA;DSM;KC;OKC;DAL;LITTLE_ROCK;MEM;NASHVILLE;LOUISVILLE;CINCINNATI;COLUMBUS;PENNSYLVANIA;DC;CAPITAL_BELTWAY_N,T1,79.6,67.5,72h three-day,68.9,49.5,9.6,not-time-competitive,freight-rail-wins-bulk-road-wins-express,heuristic-planning
BIL,Billings*,T2,national_transfer_hub,CAPITAL_BELTWAY_E,Capital East,T2,service_stop,3565,545,needs-intermediate-stops,17,8,I-25;I-80;I-35;I-30;I-40;I-65;I-75;I-70;I-495,BIL;CHEYENNE;OMAHA;DSM;KC;OKC;DAL;LITTLE_ROCK;MEM;NASHVILLE;LOUISVILLE;CINCINNATI;COLUMBUS;PENNSYLVANIA;DC;CAPITAL_BELTWAY_S;CAPITAL_BELTWAY_E,T1,79.9,67.7,72h three-day,69.1,49.6,9.6,not-time-competitive,freight-rail-wins-bulk-road-wins-express,heuristic-planning
BIL,Billings*,T2,national_transfer_hub,CAPITAL_BELTWAY_S,Capital South,T2,service_stop,3553,545,needs-intermediate-stops,16,8,I-25;I-80;I-35;I-30;I-40;I-65;I-75;I-70;I-495,BIL;CHEYENNE;OMAHA;DSM;KC;OKC;DAL;LITTLE_ROCK;MEM;NASHVILLE;LOUISVILLE;CINCINNATI;COLUMBUS;PENNSYLVANIA;DC;CAPITAL_BELTWAY_S,T1,79.5,67.4,72h three-day,68.9,49.5,9.6,not-time-competitive,freight-rail-wins-bulk-road-wins-express,heuristic-planning
BIL,Billings*,T2,national_transfer_hub,JOPLIN,Joplin,T2,service_stop,1502,545,needs-intermediate-stops,6,3,I-25;I-80;I-35;I-49,BIL;CHEYENNE;OMAHA;DSM;KC;JOPLIN,T1,33.3,28.3,36h next-day,29.9,21.1,5.5,not-time-competitive,freight-rail-wins-bulk-road-wins-express,heuristic-planning
BIL,Billings*,T2,national_transfer_hub,HAGERSTOWN,Hagerstown,T2,service_stop,3505,545,needs-intermediate-stops,15,8,I-25;I-80;I-35;I-30;I-40;I-65;I-75;I-70;I-81,BIL;CHEYENNE;OMAHA;DSM;KC;OKC;DAL;LITTLE_ROCK;MEM;NASHVILLE;LOUISVILLE;CINCINNATI;COLUMBUS;PENNSYLVANIA;HAGERSTOWN,T1,78.4,66.5,72h three-day,68.0,48.8,9.5,not-time-competitive,freight-rail-wins-bulk-road-wins-express,heuristic-planning
BIL,Billings*,T2,national_transfer_hub,STL,St. Louis,T1,national_transfer_hub,1618,545,needs-intermediate-stops,6,3,I-25;I-80;I-35;I-70,BIL;CHEYENNE;OMAHA;DSM;KC;STL,T1,35.8,30.4,36h next-day,32.0,22.7,5.7,not-time-competitive,freight-rail-wins-bulk-road-wins-express,heuristic-planning
BIL,Billings*,T2,national_transfer_hub,PITTSBURGH,Pittsburgh,T2,service_stop,3531,545,needs-intermediate-stops,14,7,I-25;I-80;I-35;I-30;I-22;I-20;I-85;I-77,BIL;CHEYENNE;OMAHA;DSM;KC;OKC;DAL;LITTLE_ROCK;MEM;BHM_APPROACH;ATL;GREENVILLE;CLT;PITTSBURGH,T1,78.5,66.7,72h three-day,68.1,49.0,9.6,not-time-competitive,freight-rail-wins-bulk-road-wins-express,heuristic-planning
BIL,Billings*,T2,national_transfer_hub,PENNSYLVANIA,Harrisburg,T1,national_transfer_hub,3432,545,needs-intermediate-stops,14,7,I-25;I-80;I-35;I-30;I-40;I-65;I-75;I-70,BIL;CHEYENNE;OMAHA;DSM;KC;OKC;DAL;LITTLE_ROCK;MEM;NASHVILLE;LOUISVILLE;CINCINNATI;COLUMBUS;PENNSYLVANIA,T1,76.4,64.9,72h three-day,66.3,47.7,9.4,not-time-competitive,freight-rail-wins-bulk-road-wins-express,heuristic-planning
BIL,Billings*,T2,national_transfer_hub,GULFPORT,Gulfport,T2,national_transfer_hub,2882,545,needs-intermediate-stops,12,4,I-25;I-80;I-35;I-10;US90,BIL;CHEYENNE;OMAHA;DSM;KC;OKC;DAL;SAT;HOU;BEAUMONT;LAFAYETTE;GULFPORT,T1,63.5,54.0,72h three-day,55.3,39.7,8.3,not-time-competitive,freight-rail-wins-bulk-road-wins-express,heuristic-planning
BIL,Billings*,T2,national_transfer_hub,CORPUS,Corpus Christi,T2,national_transfer_hub,2365,545,needs-intermediate-stops,9,3,I-25;I-80;I-35;I-37,BIL;CHEYENNE;OMAHA;DSM;KC;OKC;DAL;SAT;CORPUS,T1,51.9,44.2,48h two-day,45.6,32.6,7.2,not-time-competitive,freight-rail-wins-bulk-road-wins-express,heuristic-planning
RAPID_CITY,Rapid City,T1,national_transfer_hub,MILWAUKEE,Milwaukee,T1,service_stop,935,583,needs-intermediate-stops,3,0,I-90,RAPID_CITY;MIN;MILWAUKEE,T1,20.0,17.1,24h overnight,18.5,13.0,4.4,not-time-competitive,freight-rail-wins-bulk-road-wins-express,heuristic-planning
RAPID_CITY,Rapid City,T2,national_transfer_hub,PHILADELPHIA,Philadelphia,T2,service_stop,2805,974,needs-intermediate-stops,11,7,US83;US80;I-30;I-40;I-65;I-75;I-70;I-76,RAPID_CITY;ABILENE;DAL;LITTLE_ROCK;MEM;NASHVILLE;LOUISVILLE;CINCINNATI;COLUMBUS;PENNSYLVANIA;PHILADELPHIA,T1,62.8,53.3,72h three-day,54.9,39.3,8.1,not-time-competitive,freight-rail-wins-bulk-road-wins-express,heuristic-planning
RAPID_CITY,Rapid City,T2,national_transfer_hub,DC,Washington,T1,service_stop,2807,974,needs-intermediate-stops,11,6,US83;US80;I-30;I-40;I-65;I-75;I-70,RAPID_CITY;ABILENE;DAL;LITTLE_ROCK;MEM;NASHVILLE;LOUISVILLE;CINCINNATI;COLUMBUS;PENNSYLVANIA;DC,T1,62.5,53.1,72h three-day,54.6,39.1,8.1,not-time-competitive,freight-rail-wins-bulk-road-wins-express,heuristic-planning
RAPID_CITY,Rapid City,T2,national_transfer_hub,RIC,Richmond,T1,national_transfer_hub,2921,974,needs-intermediate-stops,12,7,US83;US80;I-30;I-40;I-65;I-75;I-70;I-95,RAPID_CITY;ABILENE;DAL;LITTLE_ROCK;MEM;NASHVILLE;LOUISVILLE;CINCINNATI;COLUMBUS;PENNSYLVANIA;DC;RIC,T1,65.4,55.5,72h three-day,57.1,40.8,8.3,not-time-competitive,freight-rail-wins-bulk-road-wins-express,heuristic-planning
RAPID_CITY,Rapid City,T2,national_transfer_hub,BEN,Benson,T1,transfer_hub,3359,974,needs-intermediate-stops,14,8,US83;US80;I-30;I-40;I-65;I-75;I-70;I-95;I-40,RAPID_CITY;ABILENE;DAL;LITTLE_ROCK;MEM;NASHVILLE;LOUISVILLE;CINCINNATI;COLUMBUS;PENNSYLVANIA;DC;RIC;FLO;BEN,T1,75.2,63.8,72h three-day,65.4,46.9,9.2,not-time-competitive,freight-rail-wins-bulk-road-wins-express,heuristic-planning
RAPID_CITY,Rapid City,T2,national_transfer_hub,GREENVILLE,Greenville,T2,service_stop,2257,974,needs-intermediate-stops,8,5,US83;US80;I-30;I-22;I-20;I-85,RAPID_CITY;ABILENE;DAL;LITTLE_ROCK;MEM;BHM_APPROACH;ATL;GREENVILLE,T1,50.3,42.7,48h two-day,44.3,31.6,7.0,not-time-competitive,freight-rail-wins-bulk-road-wins-express,heuristic-planning
RAPID_CITY,Rapid City,T2,national_transfer_hub,GREENSBORO,Greensboro,T2,service_stop,2464,974,needs-intermediate-stops,10,5,US83;US80;I-30;I-22;I-20;I-85,RAPID_CITY;ABILENE;DAL;LITTLE_ROCK;MEM;BHM_APPROACH;ATL;GREENVILLE;CLT;GREENSBORO,T1,54.8,46.5,48h two-day,48.0,34.3,7.4,not-time-competitive,freight-rail-wins-bulk-road-wins-express,heuristic-planning
RAPID_CITY,Rapid City,T2,national_transfer_hub,MOBILE,Mobile,T1,service_stop,1984,974,needs-intermediate-stops,8,3,US83;I-10;US90;I-10,RAPID_CITY;ABILENE;SAT;HOU;BEAUMONT;LAFAYETTE;GULFPORT;MOBILE,T1,43.7,37.2,48h two-day,38.6,27.6,6.5,not-time-competitive,freight-rail-wins-bulk-road-wins-express,heuristic-planning
RAPID_CITY,Rapid City,T2,national_transfer_hub,LOUISVILLE,Louisville,T2,national_transfer_hub,2088,974,needs-intermediate-stops,7,4,US83;US80;I-30;I-40;I-65,RAPID_CITY;ABILENE;DAL;LITTLE_ROCK;MEM;NASHVILLE;LOUISVILLE,T1,46.2,39.3,48h two-day,40.9,29.1,6.7,not-time-competitive,freight-rail-wins-bulk-road-wins-express,heuristic-planning
RAPID_CITY,Rapid City,T2,national_transfer_hub,LITTLE_ROCK,Little Rock,T2,national_transfer_hub,1522,974,needs-intermediate-stops,4,2,US83;US80;I-30,RAPID_CITY;ABILENE;DAL;LITTLE_ROCK,T2,33.2,28.3,36h next-day,29.9,21.2,5.5,not-time-competitive,freight-rail-wins-bulk-road-wins-express,heuristic-planning
RAPID_CITY,Rapid City,T2,national_transfer_hub,DEN,Denver,T1,national_transfer_hub,2411,974,needs-intermediate-stops,6,3,US83;US80;I-35;I-70,RAPID_CITY;ABILENE;DAL;OKC;KC;DEN,T1,52.7,44.8,48h two-day,46.4,33.2,7.3,not-time-competitive,freight-rail-wins-bulk-road-wins-express,heuristic-planning
RAPID_CITY,Rapid City,T2,national_transfer_hub,COLORADO_SPRINGS,Colorado Springs,T2,service_stop,2486,974,needs-intermediate-stops,7,4,US83;US80;I-35;I-70;I-25,RAPID_CITY;ABILENE;DAL;OKC;KC;DEN;COLORADO_SPRINGS,T1,54.7,46.5,48h two-day,48.1,34.4,7.5,not-time-competitive,freight-rail-wins-bulk-road-wins-express,heuristic-planning
RAPID_CITY,Rapid City,T2,national_transfer_hub,CAPITAL_BELTWAY_N,Capital North,T2,service_stop,2818,974,needs-intermediate-stops,12,7,US83;US80;I-30;I-40;I-65;I-75;I-70;I-495,RAPID_CITY;ABILENE;DAL;LITTLE_ROCK;MEM;NASHVILLE;LOUISVILLE;CINCINNATI;COLUMBUS;PENNSYLVANIA;DC;CAPITAL_BELTWAY_N,T1,63.2,53.6,72h three-day,55.2,39.5,8.1,not-time-competitive,freight-rail-wins-bulk-road-wins-express,heuristic-planning
RAPID_CITY,Rapid City,T2,national_transfer_hub,CAPITAL_BELTWAY_E,Capital East,T2,service_stop,2829,974,needs-intermediate-stops,13,7,US83;US80;I-30;I-40;I-65;I-75;I-70;I-495,RAPID_CITY;ABILENE;DAL;LITTLE_ROCK;MEM;NASHVILLE;LOUISVILLE;CINCINNATI;COLUMBUS;PENNSYLVANIA;DC;CAPITAL_BELTWAY_S;CAPITAL_BELTWAY_E,T1,63.5,53.8,72h three-day,55.4,39.6,8.2,not-time-competitive,freight-rail-wins-bulk-road-wins-express,heuristic-planning
RAPID_CITY,Rapid City,T2,national_transfer_hub,CAPITAL_BELTWAY_S,Capital South,T2,service_stop,2816,974,needs-intermediate-stops,12,7,US83;US80;I-30;I-40;I-65;I-75;I-70;I-495,RAPID_CITY;ABILENE;DAL;LITTLE_ROCK;MEM;NASHVILLE;LOUISVILLE;CINCINNATI;COLUMBUS;PENNSYLVANIA;DC;CAPITAL_BELTWAY_S,T1,63.2,53.6,72h three-day,55.2,39.4,8.1,not-time-competitive,freight-rail-wins-bulk-road-wins-express,heuristic-planning
RAPID_CITY,Rapid City,T2,national_transfer_hub,JOPLIN,Joplin,T2,service_stop,1762,974,needs-intermediate-stops,5,3,US83;US80;I-20;I-49,RAPID_CITY;ABILENE;DAL;SHV;JOPLIN,T1,38.8,33.0,36h next-day,34.6,24.6,6.0,not-time-competitive,freight-rail-wins-bulk-road-wins-express,heuristic-planning
RAPID_CITY,Rapid City,T2,national_transfer_hub,HAGERSTOWN,Hagerstown,T2,service_stop,2769,974,needs-intermediate-stops,11,7,US83;US80;I-30;I-40;I-65;I-75;I-70;I-81,RAPID_CITY;ABILENE;DAL;LITTLE_ROCK;MEM;NASHVILLE;LOUISVILLE;CINCINNATI;COLUMBUS;PENNSYLVANIA;HAGERSTOWN,T1,62.1,52.6,72h three-day,54.3,38.8,8.0,not-time-competitive,freight-rail-wins-bulk-road-wins-express,heuristic-planning
RAPID_CITY,Rapid City,T2,national_transfer_hub,STL,St. Louis,T1,national_transfer_hub,2034,974,needs-intermediate-stops,6,3,US83;US80;I-35;I-70,RAPID_CITY;ABILENE;DAL;OKC;KC;STL,T1,44.7,38.0,48h two-day,39.5,28.2,6.6,not-time-competitive,freight-rail-wins-bulk-road-wins-express,heuristic-planning
RAPID_CITY,Rapid City,T2,national_transfer_hub,PITTSBURGH,Pittsburgh,T2,service_stop,2794,974,needs-intermediate-stops,10,6,US83;US80;I-30;I-22;I-20;I-85;I-77,RAPID_CITY;ABILENE;DAL;LITTLE_ROCK;MEM;BHM_APPROACH;ATL;GREENVILLE;CLT;PITTSBURGH,T1,62.2,52.8,72h three-day,54.4,39.0,8.1,not-time-competitive,freight-rail-wins-bulk-road-wins-express,heuristic-planning
RAPID_CITY,Rapid City,T2,national_transfer_hub,PENNSYLVANIA,Harrisburg,T1,national_transfer_hub,2695,974,needs-intermediate-stops,10,6,US83;US80;I-30;I-40;I-65;I-75;I-70,RAPID_CITY;ABILENE;DAL;LITTLE_ROCK;MEM;NASHVILLE;LOUISVILLE;CINCINNATI;COLUMBUS;PENNSYLVANIA,T1,60.1,51.0,72h three-day,52.6,37.6,7.9,not-time-competitive,freight-rail-wins-bulk-road-wins-express,heuristic-planning
RAPID_CITY,Rapid City,T2,national_transfer_hub,GULFPORT,Gulfport,T2,national_transfer_hub,1906,974,needs-intermediate-stops,7,2,US83;I-10;US90,RAPID_CITY;ABILENE;SAT;HOU;BEAUMONT;LAFAYETTE;GULFPORT,T1,41.7,35.5,36h next-day,36.9,26.3,6.3,not-time-competitive,freight-rail-wins-bulk-road-wins-express,heuristic-planning
RAPID_CITY,Rapid City,T2,national_transfer_hub,CORPUS,Corpus Christi,T2,national_transfer_hub,1389,974,needs-intermediate-stops,4,1,US83;I-37,RAPID_CITY;ABILENE;SAT;CORPUS,T2,30.1,25.6,36h next-day,27.1,19.2,5.3,not-time-competitive,freight-rail-wins-bulk-road-wins-express,heuristic-planning
MILWAUKEE,Milwaukee,T1,service_stop,CHI_NORTH,North Chicago,T1,service_stop,83,83,sla-stop-rhythm-ok,2,0,I-90,MILWAUKEE;CHI_NORTH,T1,1.8,1.5,6h local,3.0,1.6,2.7,time-competitive,corridor-specific-rail-check-needed,heuristic-planning
MILWAUKEE,Milwaukee,T1,service_stop,PHILADELPHIA,Philadelphia,T2,service_stop,2878,382,long-gap-review,15,8,I-90;I-80;I-35;I-30;I-40;I-65;I-75;I-70;I-76,MILWAUKEE;CHI_NORTH;CHI;DSM;KC;OKC;DAL;LITTLE_ROCK;MEM;NASHVILLE;LOUISVILLE;CINCINNATI;COLUMBUS;PENNSYLVANIA;PHILADELPHIA,T1,65.1,55.1,72h three-day,56.6,40.5,8.3,not-time-competitive,freight-rail-wins-bulk-road-wins-express,heuristic-planning
MILWAUKEE,Milwaukee,T1,service_stop,DC,Washington,T1,service_stop,2881,382,long-gap-review,15,7,I-90;I-80;I-35;I-30;I-40;I-65;I-75;I-70,MILWAUKEE;CHI_NORTH;CHI;DSM;KC;OKC;DAL;LITTLE_ROCK;MEM;NASHVILLE;LOUISVILLE;CINCINNATI;COLUMBUS;PENNSYLVANIA;DC,T1,64.8,54.9,72h three-day,56.3,40.3,8.3,not-time-competitive,freight-rail-wins-bulk-road-wins-express,heuristic-planning
MILWAUKEE,Milwaukee,T1,service_stop,RIC,Richmond,T1,national_transfer_hub,2994,382,long-gap-review,16,8,I-90;I-80;I-35;I-30;I-40;I-65;I-75;I-70;I-95,MILWAUKEE;CHI_NORTH;CHI;DSM;KC;OKC;DAL;LITTLE_ROCK;MEM;NASHVILLE;LOUISVILLE;CINCINNATI;COLUMBUS;PENNSYLVANIA;DC;RIC,T1,67.6,57.3,72h three-day,58.7,42.0,8.5,not-time-competitive,freight-rail-wins-bulk-road-wins-express,heuristic-planning
MILWAUKEE,Milwaukee,T1,service_stop,BEN,Benson,T1,transfer_hub,3433,382,long-gap-review,18,9,I-90;I-80;I-35;I-30;I-40;I-65;I-75;I-70;I-95;I-40,MILWAUKEE;CHI_NORTH;CHI;DSM;KC;OKC;DAL;LITTLE_ROCK;MEM;NASHVILLE;LOUISVILLE;CINCINNATI;COLUMBUS;PENNSYLVANIA;DC;RIC;FLO;BEN,T1,77.5,65.6,72h three-day,67.1,48.1,9.4,not-time-competitive,freight-rail-wins-bulk-road-wins-express,heuristic-planning
MILWAUKEE,Milwaukee,T1,service_stop,GREENVILLE,Greenville,T2,service_stop,2331,365,long-gap-review,12,6,I-90;I-80;I-35;I-30;I-22;I-20;I-85,MILWAUKEE;CHI_NORTH;CHI;DSM;KC;OKC;DAL;LITTLE_ROCK;MEM;BHM_APPROACH;ATL;GREENVILLE,T1,52.5,44.5,48h two-day,46.0,32.8,7.2,not-time-competitive,freight-rail-wins-bulk-road-wins-express,heuristic-planning
MILWAUKEE,Milwaukee,T1,service_stop,GREENSBORO,Greensboro,T2,service_stop,2537,365,long-gap-review,14,6,I-90;I-80;I-35;I-30;I-22;I-20;I-85,MILWAUKEE;CHI_NORTH;CHI;DSM;KC;OKC;DAL;LITTLE_ROCK;MEM;BHM_APPROACH;ATL;GREENVILLE;CLT;GREENSBORO,T1,57.0,48.3,72h three-day,49.7,35.5,7.6,not-time-competitive,freight-rail-wins-bulk-road-wins-express,heuristic-planning
MILWAUKEE,Milwaukee,T1,service_stop,MOBILE,Mobile,T2,service_stop,2251,365,long-gap-review,11,5,I-90;I-80;I-35;I-30;I-22;I-65,MILWAUKEE;CHI_NORTH;CHI;DSM;KC;OKC;DAL;LITTLE_ROCK;MEM;BHM_APPROACH;MOBILE,T1,50.4,42.7,48h two-day,44.2,31.5,7.0,not-time-competitive,freight-rail-wins-bulk-road-wins-express,heuristic-planning
MILWAUKEE,Milwaukee,T1,service_stop,LOUISVILLE,Louisville,T2,national_transfer_hub,2162,365,long-gap-review,11,5,I-90;I-80;I-35;I-30;I-40;I-65,MILWAUKEE;CHI_NORTH;CHI;DSM;KC;OKC;DAL;LITTLE_ROCK;MEM;NASHVILLE;LOUISVILLE,T1,48.5,41.1,48h two-day,42.6,30.3,6.8,not-time-competitive,freight-rail-wins-bulk-road-wins-express,heuristic-planning
MILWAUKEE,Milwaukee,T1,service_stop,LITTLE_ROCK,Little Rock,T2,national_transfer_hub,1596,365,long-gap-review,8,3,I-90;I-80;I-35;I-30,MILWAUKEE;CHI_NORTH;CHI;DSM;KC;OKC;DAL;LITTLE_ROCK,T1,35.5,30.1,36h next-day,31.6,22.4,5.7,not-time-competitive,freight-rail-wins-bulk-road-wins-express,heuristic-planning
MILWAUKEE,Milwaukee,T1,service_stop,DEN,Denver,T2,national_transfer_hub,1266,545,needs-intermediate-stops,7,2,I-90;I-80;I-25,MILWAUKEE;CHI_NORTH;CHI;DSM;OMAHA;CHEYENNE;DEN,T1,28.0,23.8,24h overnight,25.2,17.8,5.0,not-time-competitive,freight-rail-wins-bulk-road-wins-express,heuristic-planning
MILWAUKEE,Milwaukee,T1,service_stop,CAPITAL_BELTWAY_N,Capital North,T2,service_stop,2892,382,long-gap-review,16,8,I-90;I-80;I-35;I-30;I-40;I-65;I-75;I-70;I-495,MILWAUKEE;CHI_NORTH;CHI;DSM;KC;OKC;DAL;LITTLE_ROCK;MEM;NASHVILLE;LOUISVILLE;CINCINNATI;COLUMBUS;PENNSYLVANIA;DC;CAPITAL_BELTWAY_N,T1,65.4,55.4,72h three-day,56.9,40.7,8.3,not-time-competitive,freight-rail-wins-bulk-road-wins-express,heuristic-planning
MILWAUKEE,Milwaukee,T1,service_stop,CAPITAL_BELTWAY_E,Capital East,T2,service_stop,2902,382,long-gap-review,17,8,I-90;I-80;I-35;I-30;I-40;I-65;I-75;I-70;I-495,MILWAUKEE;CHI_NORTH;CHI;DSM;KC;OKC;DAL;LITTLE_ROCK;MEM;NASHVILLE;LOUISVILLE;CINCINNATI;COLUMBUS;PENNSYLVANIA;DC;CAPITAL_BELTWAY_S;CAPITAL_BELTWAY_E,T1,65.8,55.7,72h three-day,57.1,40.8,8.3,not-time-competitive,freight-rail-wins-bulk-road-wins-express,heuristic-planning
MILWAUKEE,Milwaukee,T1,service_stop,CAPITAL_BELTWAY_S,Capital South,T2,service_stop,2890,382,long-gap-review,16,8,I-90;I-80;I-35;I-30;I-40;I-65;I-75;I-70;I-495,MILWAUKEE;CHI_NORTH;CHI;DSM;KC;OKC;DAL;LITTLE_ROCK;MEM;NASHVILLE;LOUISVILLE;CINCINNATI;COLUMBUS;PENNSYLVANIA;DC;CAPITAL_BELTWAY_S,T1,65.4,55.4,72h three-day,56.8,40.6,8.3,not-time-competitive,freight-rail-wins-bulk-road-wins-express,heuristic-planning
MILWAUKEE,Milwaukee,T1,service_stop,JOPLIN,Joplin,T2,service_stop,839,365,long-gap-review,6,3,I-90;I-80;I-35;I-49,MILWAUKEE;CHI_NORTH;CHI;DSM;KC;JOPLIN,T1,19.2,16.2,24h overnight,17.8,12.3,4.2,not-time-competitive,freight-rail-wins-bulk-road-wins-express,heuristic-planning
MILWAUKEE,Milwaukee,T1,service_stop,HAGERSTOWN,Hagerstown,T2,service_stop,2842,382,long-gap-review,15,8,I-90;I-80;I-35;I-30;I-40;I-65;I-75;I-70;I-81,MILWAUKEE;CHI_NORTH;CHI;DSM;KC;OKC;DAL;LITTLE_ROCK;MEM;NASHVILLE;LOUISVILLE;CINCINNATI;COLUMBUS;PENNSYLVANIA;HAGERSTOWN,T1,64.3,54.5,72h three-day,56.0,40.0,8.2,not-time-competitive,freight-rail-wins-bulk-road-wins-express,heuristic-planning
MILWAUKEE,Milwaukee,T1,service_stop,STL,St. Louis,T1,national_transfer_hub,955,365,long-gap-review,6,3,I-90;I-80;I-35;I-70,MILWAUKEE;CHI_NORTH;CHI;DSM;KC;STL,T1,21.7,18.3,24h overnight,19.9,13.8,4.4,not-time-competitive,freight-rail-wins-bulk-road-wins-express,heuristic-planning
MILWAUKEE,Milwaukee,T1,service_stop,PITTSBURGH,Pittsburgh,T2,service_stop,2868,428,needs-intermediate-stops,14,7,I-90;I-80;I-35;I-30;I-22;I-20;I-85;I-77,MILWAUKEE;CHI_NORTH;CHI;DSM;KC;OKC;DAL;LITTLE_ROCK;MEM;BHM_APPROACH;ATL;GREENVILLE;CLT;PITTSBURGH,T1,64.4,54.6,72h three-day,56.1,40.1,8.2,not-time-competitive,freight-rail-wins-bulk-road-wins-express,heuristic-planning
MILWAUKEE,Milwaukee,T1,service_stop,PENNSYLVANIA,Harrisburg,T1,national_transfer_hub,2769,382,long-gap-review,14,7,I-90;I-80;I-35;I-30;I-40;I-65;I-75;I-70,MILWAUKEE;CHI_NORTH;CHI;DSM;KC;OKC;DAL;LITTLE_ROCK;MEM;NASHVILLE;LOUISVILLE;CINCINNATI;COLUMBUS;PENNSYLVANIA,T1,62.3,52.8,72h three-day,54.3,38.8,8.0,not-time-competitive,freight-rail-wins-bulk-road-wins-express,heuristic-planning
MILWAUKEE,Milwaukee,T1,service_stop,GULFPORT,Gulfport,T2,national_transfer_hub,2219,365,long-gap-review,12,4,I-90;I-80;I-35;I-10;US90,MILWAUKEE;CHI_NORTH;CHI;DSM;KC;OKC;DAL;SAT;HOU;BEAUMONT;LAFAYETTE;GULFPORT,T1,49.4,41.9,48h two-day,43.2,30.9,6.9,not-time-competitive,freight-rail-wins-bulk-road-wins-express,heuristic-planning
MILWAUKEE,Milwaukee,T1,service_stop,CORPUS,Corpus Christi,T2,national_transfer_hub,1702,365,long-gap-review,9,3,I-90;I-80;I-35;I-37,MILWAUKEE;CHI_NORTH;CHI;DSM;KC;OKC;DAL;SAT;CORPUS,T1,37.8,32.1,36h next-day,33.5,23.8,5.9,not-time-competitive,freight-rail-wins-bulk-road-wins-express,heuristic-planning
CHI_NORTH,North Chicago,T1,service_stop,PHILADELPHIA,Philadelphia,T2,service_stop,2795,382,long-gap-review,14,8,I-90;I-80;I-35;I-30;I-40;I-65;I-75;I-70;I-76,CHI_NORTH;CHI;DSM;KC;OKC;DAL;LITTLE_ROCK;MEM;NASHVILLE;LOUISVILLE;CINCINNATI;COLUMBUS;PENNSYLVANIA;PHILADELPHIA,T1,63.2,53.5,72h three-day,55.1,39.4,8.1,not-time-competitive,freight-rail-wins-bulk-road-wins-express,heuristic-planning
CHI_NORTH,North Chicago,T1,service_stop,DC,Washington,T1,service_stop,2798,382,long-gap-review,14,7,I-90;I-80;I-35;I-30;I-40;I-65;I-75;I-70,CHI_NORTH;CHI;DSM;KC;OKC;DAL;LITTLE_ROCK;MEM;NASHVILLE;LOUISVILLE;CINCINNATI;COLUMBUS;PENNSYLVANIA;DC,T1,62.9,53.3,72h three-day,54.8,39.2,8.1,not-time-competitive,freight-rail-wins-bulk-road-wins-express,heuristic-planning
CHI_NORTH,North Chicago,T1,service_stop,RIC,Richmond,T1,national_transfer_hub,2911,382,long-gap-review,15,8,I-90;I-80;I-35;I-30;I-40;I-65;I-75;I-70;I-95,CHI_NORTH;CHI;DSM;KC;OKC;DAL;LITTLE_ROCK;MEM;NASHVILLE;LOUISVILLE;CINCINNATI;COLUMBUS;PENNSYLVANIA;DC;RIC,T1,65.8,55.7,72h three-day,57.2,40.9,8.3,not-time-competitive,freight-rail-wins-bulk-road-wins-express,heuristic-planning
CHI_NORTH,North Chicago,T1,service_stop,BEN,Benson,T1,transfer_hub,3350,382,long-gap-review,17,9,I-90;I-80;I-35;I-30;I-40;I-65;I-75;I-70;I-95;I-40,CHI_NORTH;CHI;DSM;KC;OKC;DAL;LITTLE_ROCK;MEM;NASHVILLE;LOUISVILLE;CINCINNATI;COLUMBUS;PENNSYLVANIA;DC;RIC;FLO;BEN,T1,75.6,64.1,72h three-day,65.6,47.0,9.2,not-time-competitive,freight-rail-wins-bulk-road-wins-express,heuristic-planning
CHI_NORTH,North Chicago,T1,service_stop,GREENVILLE,Greenville,T2,service_stop,2248,365,long-gap-review,11,6,I-90;I-80;I-35;I-30;I-22;I-20;I-85,CHI_NORTH;CHI;DSM;KC;OKC;DAL;LITTLE_ROCK;MEM;BHM_APPROACH;ATL;GREENVILLE,T1,50.6,42.9,48h two-day,44.5,31.7,7.0,not-time-competitive,freight-rail-wins-bulk-road-wins-express,heuristic-planning
CHI_NORTH,North Chicago,T1,service_stop,GREENSBORO,Greensboro,T2,service_stop,2454,365,long-gap-review,13,6,I-90;I-80;I-35;I-30;I-22;I-20;I-85,CHI_NORTH;CHI;DSM;KC;OKC;DAL;LITTLE_ROCK;MEM;BHM_APPROACH;ATL;GREENVILLE;CLT;GREENSBORO,T1,55.2,46.8,48h two-day,48.2,34.4,7.4,not-time-competitive,freight-rail-wins-bulk-road-wins-express,heuristic-planning
CHI_NORTH,North Chicago,T1,service_stop,MOBILE,Mobile,T2,service_stop,2168,365,long-gap-review,10,5,I-90;I-80;I-35;I-30;I-22;I-65,CHI_NORTH;CHI;DSM;KC;OKC;DAL;LITTLE_ROCK;MEM;BHM_APPROACH;MOBILE,T1,48.5,41.2,48h two-day,42.7,30.4,6.8,not-time-competitive,freight-rail-wins-bulk-road-wins-express,heuristic-planning
CHI_NORTH,North Chicago,T1,service_stop,LOUISVILLE,Louisville,T2,national_transfer_hub,2079,365,long-gap-review,10,5,I-90;I-80;I-35;I-30;I-40;I-65,CHI_NORTH;CHI;DSM;KC;OKC;DAL;LITTLE_ROCK;MEM;NASHVILLE;LOUISVILLE,T1,46.6,39.5,48h two-day,41.0,29.2,6.7,not-time-competitive,freight-rail-wins-bulk-road-wins-express,heuristic-planning
CHI_NORTH,North Chicago,T1,service_stop,LITTLE_ROCK,Little Rock,T2,national_transfer_hub,1513,365,long-gap-review,7,3,I-90;I-80;I-35;I-30,CHI_NORTH;CHI;DSM;KC;OKC;DAL;LITTLE_ROCK,T1,33.6,28.6,36h next-day,30.1,21.3,5.5,not-time-competitive,freight-rail-wins-bulk-road-wins-express,heuristic-planning
CHI_NORTH,North Chicago,T1,service_stop,DEN,Denver,T2,national_transfer_hub,1183,545,needs-intermediate-stops,6,2,I-90;I-80;I-25,CHI_NORTH;CHI;DSM;OMAHA;CHEYENNE;DEN,T1,26.2,22.2,24h overnight,23.7,16.7,4.9,not-time-competitive,freight-rail-wins-bulk-road-wins-express,heuristic-planning
CHI_NORTH,North Chicago,T1,service_stop,CAPITAL_BELTWAY_N,Capital North,T2,service_stop,2809,382,long-gap-review,15,8,I-90;I-80;I-35;I-30;I-40;I-65;I-75;I-70;I-495,CHI_NORTH;CHI;DSM;KC;OKC;DAL;LITTLE_ROCK;MEM;NASHVILLE;LOUISVILLE;CINCINNATI;COLUMBUS;PENNSYLVANIA;DC;CAPITAL_BELTWAY_N,T1,63.6,53.8,72h three-day,55.4,39.5,8.1,not-time-competitive,freight-rail-wins-bulk-road-wins-express,heuristic-planning
CHI_NORTH,North Chicago,T1,service_stop,CAPITAL_BELTWAY_E,Capital East,T2,service_stop,2819,382,long-gap-review,16,8,I-90;I-80;I-35;I-30;I-40;I-65;I-75;I-70;I-495,CHI_NORTH;CHI;DSM;KC;OKC;DAL;LITTLE_ROCK;MEM;NASHVILLE;LOUISVILLE;CINCINNATI;COLUMBUS;PENNSYLVANIA;DC;CAPITAL_BELTWAY_S;CAPITAL_BELTWAY_E,T1,63.9,54.1,72h three-day,55.6,39.7,8.1,not-time-competitive,freight-rail-wins-bulk-road-wins-express,heuristic-planning
CHI_NORTH,North Chicago,T1,service_stop,CAPITAL_BELTWAY_S,Capital South,T2,service_stop,2807,382,long-gap-review,15,8,I-90;I-80;I-35;I-30;I-40;I-65;I-75;I-70;I-495,CHI_NORTH;CHI;DSM;KC;OKC;DAL;LITTLE_ROCK;MEM;NASHVILLE;LOUISVILLE;CINCINNATI;COLUMBUS;PENNSYLVANIA;DC;CAPITAL_BELTWAY_S,T1,63.6,53.8,72h three-day,55.3,39.5,8.1,not-time-competitive,freight-rail-wins-bulk-road-wins-express,heuristic-planning
CHI_NORTH,North Chicago,T1,service_stop,JOPLIN,Joplin,T2,service_stop,756,365,long-gap-review,5,3,I-90;I-80;I-35;I-49,CHI_NORTH;CHI;DSM;KC;JOPLIN,T1,17.4,14.7,24h overnight,16.3,11.2,4.0,not-time-competitive,freight-rail-wins-bulk-road-wins-express,heuristic-planning
CHI_NORTH,North Chicago,T1,service_stop,HAGERSTOWN,Hagerstown,T2,service_stop,2759,382,long-gap-review,14,8,I-90;I-80;I-35;I-30;I-40;I-65;I-75;I-70;I-81,CHI_NORTH;CHI;DSM;KC;OKC;DAL;LITTLE_ROCK;MEM;NASHVILLE;LOUISVILLE;CINCINNATI;COLUMBUS;PENNSYLVANIA;HAGERSTOWN,T1,62.5,52.9,72h three-day,54.5,38.9,8.0,not-time-competitive,freight-rail-wins-bulk-road-wins-express,heuristic-planning
CHI_NORTH,North Chicago,T1,service_stop,STL,St. Louis,T1,national_transfer_hub,872,365,long-gap-review,5,3,I-90;I-80;I-35;I-70,CHI_NORTH;CHI;DSM;KC;STL,T1,19.8,16.8,24h overnight,18.4,12.7,4.2,not-time-competitive,freight-rail-wins-bulk-road-wins-express,heuristic-planning
CHI_NORTH,North Chicago,T1,service_stop,PITTSBURGH,Pittsburgh,T2,service_stop,2785,428,needs-intermediate-stops,13,7,I-90;I-80;I-35;I-30;I-22;I-20;I-85;I-77,CHI_NORTH;CHI;DSM;KC;OKC;DAL;LITTLE_ROCK;MEM;BHM_APPROACH;ATL;GREENVILLE;CLT;PITTSBURGH,T1,62.6,53.0,72h three-day,54.6,39.0,8.1,not-time-competitive,freight-rail-wins-bulk-road-wins-express,heuristic-planning
CHI_NORTH,North Chicago,T1,service_stop,PENNSYLVANIA,Harrisburg,T1,national_transfer_hub,2686,382,long-gap-review,13,7,I-90;I-80;I-35;I-30;I-40;I-65;I-75;I-70,CHI_NORTH;CHI;DSM;KC;OKC;DAL;LITTLE_ROCK;MEM;NASHVILLE;LOUISVILLE;CINCINNATI;COLUMBUS;PENNSYLVANIA,T1,60.5,51.2,72h three-day,52.8,37.7,7.9,not-time-competitive,freight-rail-wins-bulk-road-wins-express,heuristic-planning
CHI_NORTH,North Chicago,T1,service_stop,GULFPORT,Gulfport,T2,national_transfer_hub,2136,365,long-gap-review,11,4,I-90;I-80;I-35;I-10;US90,CHI_NORTH;CHI;DSM;KC;OKC;DAL;SAT;HOU;BEAUMONT;LAFAYETTE;GULFPORT,T1,47.6,40.4,48h two-day,41.7,29.8,6.8,not-time-competitive,freight-rail-wins-bulk-road-wins-express,heuristic-planning
CHI_NORTH,North Chicago,T1,service_stop,CORPUS,Corpus Christi,T2,national_transfer_hub,1619,365,long-gap-review,8,3,I-90;I-80;I-35;I-37,CHI_NORTH;CHI;DSM;KC;OKC;DAL;SAT;CORPUS,T1,36.0,30.6,36h next-day,32.0,22.7,5.7,not-time-competitive,freight-rail-wins-bulk-road-wins-express,heuristic-planning
BUFFALO,Buffalo,T1,service_stop,ALBANY,Albany,T1,service_stop,306,306,long-gap-review,2,0,I-90,BUFFALO;ALBANY,T1,6.5,5.6,6h local,7.1,4.6,3.1,near-competitive-short-haul,corridor-specific-rail-check-needed,heuristic-planning
BUFFALO,Buffalo,T1,service_stop,BOS,Boston,T1,national_transfer_hub,470,306,long-gap-review,3,0,I-90,BUFFALO;ALBANY;BOS,T1,10.1,8.6,12h half-day,10.1,6.8,3.4,not-time-competitive,corridor-specific-rail-check-needed,heuristic-planning
ALBANY,Albany,T1,service_stop,BOS,Boston,T1,national_transfer_hub,164,164,sla-stop-rhythm-ok,2,0,I-90,ALBANY;BOS,T1,3.5,3.0,6h local,4.5,2.7,2.8,time-competitive,corridor-specific-rail-check-needed,heuristic-planning
BOS,Boston,T1,national_transfer_hub,NEW_HAVEN,New Haven,T1,service_stop,142,142,sla-stop-rhythm-ok,2,0,I-95,BOS;NEW_HAVEN,T1,3.0,2.6,6h local,4.1,2.4,2.8,time-competitive,corridor-specific-rail-check-needed,heuristic-planning
BOS,Boston,T1,national_transfer_hub,PHILADELPHIA,Philadelphia,T1,service_stop,320,142,sla-stop-rhythm-ok,4,0,I-95,BOS;NEW_HAVEN;NYC;PHILADELPHIA,T1,7.0,5.9,6h local,7.3,4.8,3.1,not-time-competitive,corridor-specific-rail-check-needed,heuristic-planning
BOS,Boston,T1,national_transfer_hub,PENNSYLVANIA,Harrisburg,T2,national_transfer_hub,406,182,sla-stop-rhythm-ok,4,1,I-95;I-81,BOS;NEW_HAVEN;NYC;PENNSYLVANIA,T1,9.2,7.8,12h half-day,9.2,6.1,3.3,not-time-competitive,corridor-specific-rail-check-needed,heuristic-planning
NEW_HAVEN,New Haven,T1,service_stop,PHILADELPHIA,Philadelphia,T1,service_stop,178,95,sla-stop-rhythm-ok,3,0,I-95,NEW_HAVEN;NYC;PHILADELPHIA,T1,3.9,3.3,6h local,4.7,2.9,2.9,near-competitive-short-haul,corridor-specific-rail-check-needed,heuristic-planning
NEW_HAVEN,New Haven,T1,service_stop,PENNSYLVANIA,Harrisburg,T2,national_transfer_hub,264,182,sla-stop-rhythm-ok,3,1,I-95;I-81,NEW_HAVEN;NYC;PENNSYLVANIA,T1,6.0,5.1,6h local,6.7,4.2,3.0,near-competitive-short-haul,corridor-specific-rail-check-needed,heuristic-planning
PHILADELPHIA,Philadelphia,T1,service_stop,DC,Washington,T1,service_stop,146,146,sla-stop-rhythm-ok,2,0,I-95,PHILADELPHIA;DC,T1,3.1,2.6,6h local,4.1,2.4,2.8,time-competitive,corridor-specific-rail-check-needed,heuristic-planning
PHILADELPHIA,Philadelphia,T1,service_stop,RIC,Richmond,T1,national_transfer_hub,259,146,sla-stop-rhythm-ok,3,0,I-95,PHILADELPHIA;DC;RIC,T1,5.6,4.8,6h local,6.2,4.0,3.0,near-competitive-short-haul,corridor-specific-rail-check-needed,heuristic-planning
PHILADELPHIA,Philadelphia,T1,service_stop,BEN,Benson,T1,transfer_hub,698,313,long-gap-review,5,1,I-95;I-40,PHILADELPHIA;DC;RIC;FLO;BEN,T1,15.4,13.1,24h overnight,14.5,10.0,3.9,not-time-competitive,corridor-specific-rail-check-needed,heuristic-planning
PHILADELPHIA,Philadelphia,T1,service_stop,GREENSBORO,Greensboro,T2,service_stop,454,195,sla-stop-rhythm-ok,4,1,I-95;I-85,PHILADELPHIA;DC;RIC;GREENSBORO,T1,10.2,8.6,12h half-day,10.1,6.8,3.4,not-time-competitive,corridor-specific-rail-check-needed,heuristic-planning
PHILADELPHIA,Philadelphia,T1,service_stop,CAPITAL_BELTWAY_N,Capital North,T2,service_stop,156,146,sla-stop-rhythm-ok,3,1,I-95;I-495,PHILADELPHIA;DC;CAPITAL_BELTWAY_N,T1,3.8,3.2,6h local,4.7,2.8,2.8,time-competitive,corridor-specific-rail-check-needed,heuristic-planning
PHILADELPHIA,Philadelphia,T1,service_stop,CAPITAL_BELTWAY_E,Capital East,T2,service_stop,167,146,sla-stop-rhythm-ok,4,1,I-95;I-495,PHILADELPHIA;DC;CAPITAL_BELTWAY_S;CAPITAL_BELTWAY_E,T1,4.1,3.4,6h local,4.9,2.9,2.8,near-competitive-short-haul,corridor-specific-rail-check-needed,heuristic-planning
PHILADELPHIA,Philadelphia,T1,service_stop,CAPITAL_BELTWAY_S,Capital South,T2,service_stop,155,146,sla-stop-rhythm-ok,3,1,I-95;I-495,PHILADELPHIA;DC;CAPITAL_BELTWAY_S,T1,3.7,3.1,6h local,4.7,2.8,2.8,time-competitive,corridor-specific-rail-check-needed,heuristic-planning
PHILADELPHIA,Philadelphia,T2,service_stop,PENNSYLVANIA,Harrisburg,T2,national_transfer_hub,110,110,sla-stop-rhythm-ok,2,0,I-76,PHILADELPHIA;PENNSYLVANIA,T2,2.3,2.0,6h local,3.5,2.0,2.7,time-competitive,rail-often-absent-road-flexibility-case,heuristic-planning
DC,Washington,T1,service_stop,RIC,Richmond,T1,national_transfer_hub,114,114,sla-stop-rhythm-ok,2,0,I-95,DC;RIC,T1,2.4,2.1,6h local,3.6,2.0,2.7,time-competitive,corridor-specific-rail-check-needed,heuristic-planning
DC,Washington,T1,service_stop,BEN,Benson,T1,transfer_hub,552,313,long-gap-review,4,1,I-95;I-40,DC;RIC;FLO;BEN,T1,12.3,10.4,12h half-day,11.9,8.1,3.6,not-time-competitive,corridor-specific-rail-check-needed,heuristic-planning
DC,Washington,T1,service_stop,GREENSBORO,Greensboro,T2,service_stop,309,195,sla-stop-rhythm-ok,3,1,I-95;I-85,DC;RIC;GREENSBORO,T1,7.0,5.9,6h local,7.5,4.8,3.1,not-time-competitive,corridor-specific-rail-check-needed,heuristic-planning
DC,Washington,T1,service_stop,MOBILE,Mobile,T2,service_stop,1361,382,long-gap-review,8,2,I-70;I-75;I-65,DC;PENNSYLVANIA;COLUMBUS;CINCINNATI;LOUISVILLE;NASHVILLE;BHM_APPROACH;MOBILE,T1,30.1,25.6,36h next-day,27.0,19.1,5.2,not-time-competitive,freight-rail-wins-bulk-road-wins-express,heuristic-planning
DC,Washington,T1,service_stop,LOUISVILLE,Louisville,T2,national_transfer_hub,719,382,long-gap-review,5,2,I-70;I-75;I-65,DC;PENNSYLVANIA;COLUMBUS;CINCINNATI;LOUISVILLE,T1,16.2,13.8,24h overnight,15.3,10.5,3.9,not-time-competitive,freight-rail-wins-bulk-road-wins-express,heuristic-planning
DC,Washington,T1,service_stop,LITTLE_ROCK,Little Rock,T2,national_transfer_hub,1285,382,long-gap-review,8,4,I-70;I-75;I-65;I-40;I-30,DC;PENNSYLVANIA;COLUMBUS;CINCINNATI;LOUISVILLE;NASHVILLE;MEM;LITTLE_ROCK,T1,29.2,24.7,36h next-day,26.3,18.4,5.1,not-time-competitive,freight-rail-wins-bulk-road-wins-express,heuristic-planning
DC,Washington,T1,service_stop,LAS_VEGAS,Las Vegas,T2,service_stop,4534,1337,needs-intermediate-stops,15,9,I-70;I-75;I-65;I-40;I-30;US70;I-10;I-5;I-80;I-15,DC;PENNSYLVANIA;COLUMBUS;CINCINNATI;LOUISVILLE;NASHVILLE;MEM;LITTLE_ROCK;PHX;LA;CENTRAL_VALLEY;SAC;RENO;SLC;LAS_VEGAS,T1,100.7,85.5,>72h source-gated,87.1,62.8,11.6,not-time-competitive,freight-rail-wins-bulk-road-wins-express,heuristic-planning
DC,Washington,T1,service_stop,DEN,Denver,T1,national_transfer_hub,4544,1337,needs-intermediate-stops,15,9,I-70;I-75;I-65;I-40;I-30;US70;I-10;I-5;I-80;I-70,DC;PENNSYLVANIA;COLUMBUS;CINCINNATI;LOUISVILLE;NASHVILLE;MEM;LITTLE_ROCK;PHX;LA;CENTRAL_VALLEY;SAC;RENO;SLC;DEN,T1,100.9,85.6,>72h source-gated,87.3,62.9,11.6,not-time-competitive,freight-rail-wins-bulk-road-wins-express,heuristic-planning
DC,Washington,T2,service_stop,CAPITAL_BELTWAY_N,Capital North,T2,service_stop,11,11,sla-stop-rhythm-ok,2,0,I-495,DC;CAPITAL_BELTWAY_N,T2,0.2,0.2,6h local,1.7,0.6,2.5,time-competitive,rail-often-absent-road-flexibility-case,heuristic-planning
DC,Washington,T2,service_stop,CAPITAL_BELTWAY_E,Capital East,T2,service_stop,22,13,sla-stop-rhythm-ok,3,0,I-495,DC;CAPITAL_BELTWAY_S;CAPITAL_BELTWAY_E,T2,0.5,0.5,6h local,1.9,0.8,2.5,time-competitive,rail-often-absent-road-flexibility-case,heuristic-planning
DC,Washington,T2,service_stop,CAPITAL_BELTWAY_S,Capital South,T2,service_stop,9,9,sla-stop-rhythm-ok,2,0,I-495,DC;CAPITAL_BELTWAY_S,T2,0.2,0.2,6h local,1.7,0.6,2.5,time-competitive,rail-often-absent-road-flexibility-case,heuristic-planning
DC,Washington,T1,service_stop,JOPLIN,Joplin,T2,service_stop,2215,382,long-gap-review,11,6,I-70;I-75;I-65;I-40;I-30;I-20;I-49,DC;PENNSYLVANIA;COLUMBUS;CINCINNATI;LOUISVILLE;NASHVILLE;MEM;LITTLE_ROCK;DAL;SHV;JOPLIN,T1,49.9,42.3,48h two-day,43.9,31.2,6.9,not-time-competitive,freight-rail-wins-bulk-road-wins-express,heuristic-planning
DC,Washington,T1,service_stop,ROANOKE,Roanoke,T2,service_stop,1153,382,long-gap-review,6,2,I-70;I-75;I-81,DC;PENNSYLVANIA;COLUMBUS;CINCINNATI;KNX;ROANOKE,T1,25.5,21.7,24h overnight,23.2,16.3,4.8,not-time-competitive,freight-rail-wins-bulk-road-wins-express,heuristic-planning
DC,Washington,T1,service_stop,HAGERSTOWN,Hagerstown,T2,service_stop,186,112,sla-stop-rhythm-ok,3,1,I-70;I-81,DC;PENNSYLVANIA;HAGERSTOWN,T1,4.4,3.7,6h local,5.2,3.2,2.9,near-competitive-short-haul,corridor-specific-rail-check-needed,heuristic-planning
DC,Washington,T1,service_stop,STL,St. Louis,T1,national_transfer_hub,964,382,long-gap-review,5,0,I-70,DC;PENNSYLVANIA;COLUMBUS;INDY_APPROACH;STL,T1,20.8,17.7,24h overnight,19.0,13.4,4.4,not-time-competitive,freight-rail-wins-bulk-road-wins-express,heuristic-planning
DC,Washington,T1,service_stop,PITTSBURGH,Pittsburgh,T2,service_stop,306,194,sla-stop-rhythm-ok,3,1,I-70;I-76,DC;PENNSYLVANIA;PITTSBURGH,T1,7.0,5.9,6h local,7.4,4.8,3.1,not-time-competitive,corridor-specific-rail-check-needed,heuristic-planning
DC,Washington,T1,service_stop,PENNSYLVANIA,Harrisburg,T1,national_transfer_hub,112,112,sla-stop-rhythm-ok,2,0,I-70,DC;PENNSYLVANIA,T1,2.4,2.0,6h local,3.5,2.0,2.7,time-competitive,corridor-specific-rail-check-needed,heuristic-planning
DC,Washington,T1,service_stop,GULFPORT,Gulfport,T1,national_transfer_hub,1440,382,long-gap-review,9,3,I-70;I-75;I-65;I-10,DC;PENNSYLVANIA;COLUMBUS;CINCINNATI;LOUISVILLE;NASHVILLE;BHM_APPROACH;MOBILE;GULFPORT,T1,32.2,27.3,36h next-day,28.7,20.3,5.4,not-time-competitive,freight-rail-wins-bulk-road-wins-express,heuristic-planning
DC,Washington,T1,service_stop,CORPUS,Corpus Christi,T2,national_transfer_hub,2082,382,long-gap-review,11,6,I-70;I-75;I-65;I-40;I-30;I-35;I-37,DC;PENNSYLVANIA;COLUMBUS;CINCINNATI;LOUISVILLE;NASHVILLE;MEM;LITTLE_ROCK;DAL;SAT;CORPUS,T1,47.1,39.9,48h two-day,41.5,29.5,6.7,not-time-competitive,freight-rail-wins-bulk-road-wins-express,heuristic-planning
RIC,Richmond,T1,national_transfer_hub,BEN,Benson,T1,transfer_hub,439,313,long-gap-review,3,1,I-95;I-40,RIC;FLO;BEN,T1,9.8,8.3,12h half-day,9.8,6.5,3.4,not-time-competitive,corridor-specific-rail-check-needed,heuristic-planning
RIC,Richmond,T2,national_transfer_hub,GREENSBORO,Greensboro,T2,service_stop,195,195,sla-stop-rhythm-ok,2,0,I-85,RIC;GREENSBORO,T2,4.2,3.5,6h local,5.0,3.1,2.9,near-competitive-short-haul,rail-often-absent-road-flexibility-case,heuristic-planning
RIC,Richmond,T1,national_transfer_hub,MOBILE,Mobile,T2,service_stop,1475,382,long-gap-review,9,3,I-95;I-70;I-75;I-65,RIC;DC;PENNSYLVANIA;COLUMBUS;CINCINNATI;LOUISVILLE;NASHVILLE;BHM_APPROACH;MOBILE,T1,33.0,28.0,36h next-day,29.4,20.8,5.5,not-time-competitive,freight-rail-wins-bulk-road-wins-express,heuristic-planning
RIC,Richmond,T1,national_transfer_hub,LOUISVILLE,Louisville,T2,national_transfer_hub,833,382,long-gap-review,6,3,I-95;I-70;I-75;I-65,RIC;DC;PENNSYLVANIA;COLUMBUS;CINCINNATI;LOUISVILLE,T1,19.1,16.1,24h overnight,17.7,12.2,4.2,not-time-competitive,freight-rail-wins-bulk-road-wins-express,heuristic-planning
RIC,Richmond,T1,national_transfer_hub,LITTLE_ROCK,Little Rock,T2,national_transfer_hub,1399,382,long-gap-review,9,5,I-95;I-70;I-75;I-65;I-40;I-30,RIC;DC;PENNSYLVANIA;COLUMBUS;CINCINNATI;LOUISVILLE;NASHVILLE;MEM;LITTLE_ROCK,T1,32.1,27.1,36h next-day,28.7,20.1,5.3,not-time-competitive,freight-rail-wins-bulk-road-wins-express,heuristic-planning
RIC,Richmond,T1,national_transfer_hub,LAS_VEGAS,Las Vegas,T2,service_stop,4648,1337,needs-intermediate-stops,16,10,I-95;I-70;I-75;I-65;I-40;I-30;US70;I-10;I-5;I-80;I-15,RIC;DC;PENNSYLVANIA;COLUMBUS;CINCINNATI;LOUISVILLE;NASHVILLE;MEM;LITTLE_ROCK;PHX;LA;CENTRAL_VALLEY;SAC;RENO;SLC;LAS_VEGAS,T1,103.5,87.9,>72h source-gated,89.5,64.5,11.8,not-time-competitive,freight-rail-wins-bulk-road-wins-express,heuristic-planning
RIC,Richmond,T1,national_transfer_hub,DEN,Denver,T1,national_transfer_hub,4658,1337,needs-intermediate-stops,16,10,I-95;I-70;I-75;I-65;I-40;I-30;US70;I-10;I-5;I-80;I-70,RIC;DC;PENNSYLVANIA;COLUMBUS;CINCINNATI;LOUISVILLE;NASHVILLE;MEM;LITTLE_ROCK;PHX;LA;CENTRAL_VALLEY;SAC;RENO;SLC;DEN,T1,103.7,88.0,>72h source-gated,89.7,64.6,11.8,not-time-competitive,freight-rail-wins-bulk-road-wins-express,heuristic-planning
RIC,Richmond,T1,national_transfer_hub,CAPITAL_BELTWAY_N,Capital North,T2,service_stop,125,114,sla-stop-rhythm-ok,3,1,I-95;I-495,RIC;DC;CAPITAL_BELTWAY_N,T1,3.1,2.6,6h local,4.1,2.4,2.7,time-competitive,corridor-specific-rail-check-needed,heuristic-planning
RIC,Richmond,T1,national_transfer_hub,CAPITAL_BELTWAY_E,Capital East,T2,service_stop,135,114,sla-stop-rhythm-ok,4,1,I-95;I-495,RIC;DC;CAPITAL_BELTWAY_S;CAPITAL_BELTWAY_E,T1,3.4,2.8,6h local,4.3,2.5,2.8,time-competitive,corridor-specific-rail-check-needed,heuristic-planning
RIC,Richmond,T1,national_transfer_hub,CAPITAL_BELTWAY_S,Capital South,T2,service_stop,123,114,sla-stop-rhythm-ok,3,1,I-95;I-495,RIC;DC;CAPITAL_BELTWAY_S,T1,3.0,2.5,6h local,4.1,2.3,2.7,time-competitive,corridor-specific-rail-check-needed,heuristic-planning
RIC,Richmond,T1,national_transfer_hub,JOPLIN,Joplin,T2,service_stop,2329,382,long-gap-review,12,7,I-95;I-70;I-75;I-65;I-40;I-30;I-20;I-49,RIC;DC;PENNSYLVANIA;COLUMBUS;CINCINNATI;LOUISVILLE;NASHVILLE;MEM;LITTLE_ROCK;DAL;SHV;JOPLIN,T1,52.8,44.7,48h two-day,46.3,32.9,7.2,not-time-competitive,freight-rail-wins-bulk-road-wins-express,heuristic-planning
RIC,Richmond,T1,national_transfer_hub,ROANOKE,Roanoke,T2,service_stop,1266,382,long-gap-review,7,3,I-95;I-70;I-75;I-81,RIC;DC;PENNSYLVANIA;COLUMBUS;CINCINNATI;KNX;ROANOKE,T1,28.4,24.1,36h next-day,25.6,18.0,5.0,not-time-competitive,freight-rail-wins-bulk-road-wins-express,heuristic-planning
RIC,Richmond,T1,national_transfer_hub,HAGERSTOWN,Hagerstown,T2,service_stop,299,114,sla-stop-rhythm-ok,4,2,I-95;I-70;I-81,RIC;DC;PENNSYLVANIA;HAGERSTOWN,T1,7.2,6.1,12h half-day,7.6,4.9,3.1,not-time-competitive,corridor-specific-rail-check-needed,heuristic-planning
RIC,Richmond,T1,national_transfer_hub,STL,St. Louis,T1,national_transfer_hub,1078,382,long-gap-review,6,1,I-95;I-70,RIC;DC;PENNSYLVANIA;COLUMBUS;INDY_APPROACH;STL,T1,23.6,20.1,24h overnight,21.5,15.1,4.7,not-time-competitive,freight-rail-wins-bulk-road-wins-express,heuristic-planning
RIC,Richmond,T1,national_transfer_hub,PITTSBURGH,Pittsburgh,T2,service_stop,420,194,sla-stop-rhythm-ok,4,2,I-95;I-70;I-76,RIC;DC;PENNSYLVANIA;PITTSBURGH,T1,9.8,8.3,12h half-day,9.8,6.5,3.3,not-time-competitive,corridor-specific-rail-check-needed,heuristic-planning
RIC,Richmond,T1,national_transfer_hub,PENNSYLVANIA,Harrisburg,T1,national_transfer_hub,226,114,sla-stop-rhythm-ok,3,1,I-95;I-70,RIC;DC;PENNSYLVANIA,T1,5.2,4.4,6h local,6.0,3.7,3.0,near-competitive-short-haul,corridor-specific-rail-check-needed,heuristic-planning
RIC,Richmond,T1,national_transfer_hub,GULFPORT,Gulfport,T1,national_transfer_hub,1553,382,long-gap-review,10,4,I-95;I-70;I-75;I-65;I-10,RIC;DC;PENNSYLVANIA;COLUMBUS;CINCINNATI;LOUISVILLE;NASHVILLE;BHM_APPROACH;MOBILE;GULFPORT,T1,35.1,29.7,36h next-day,31.1,22.0,5.6,not-time-competitive,freight-rail-wins-bulk-road-wins-express,heuristic-planning
RIC,Richmond,T1,national_transfer_hub,CORPUS,Corpus Christi,T2,national_transfer_hub,2195,382,long-gap-review,12,7,I-95;I-70;I-75;I-65;I-40;I-30;I-35;I-37,RIC;DC;PENNSYLVANIA;COLUMBUS;CINCINNATI;LOUISVILLE;NASHVILLE;MEM;LITTLE_ROCK;DAL;SAT;CORPUS,T1,50.0,42.3,48h two-day,43.9,31.2,6.9,not-time-competitive,freight-rail-wins-bulk-road-wins-express,heuristic-planning
BEN,Benson,T1,transfer_hub,MOBILE,Mobile,T1,service_stop,913,463,needs-intermediate-stops,4,1,I-95;I-10,BEN;JAX;TALLAHASSEE;MOBILE,T1,19.9,17.0,24h overnight,18.4,12.9,4.3,not-time-competitive,freight-rail-wins-bulk-road-wins-express,heuristic-planning
BEN,Benson,T1,transfer_hub,GULFPORT,Gulfport,T2,national_transfer_hub,986,523,needs-intermediate-stops,3,1,I-95;US90,BEN;JAX;GULFPORT,T1,21.4,18.2,24h overnight,19.8,13.8,4.5,not-time-competitive,freight-rail-wins-bulk-road-wins-express,heuristic-planning
GREENVILLE,Greenville,T2,service_stop,GREENSBORO,Greensboro,T2,service_stop,206,109,sla-stop-rhythm-ok,3,0,I-85,GREENVILLE;CLT;GREENSBORO,T2,4.5,3.8,6h local,5.3,3.3,2.9,near-competitive-short-haul,rail-often-absent-road-flexibility-case,heuristic-planning
GREENVILLE,Greenville,T2,service_stop,MOBILE,Mobile,T2,service_stop,572,246,sla-stop-rhythm-ok,4,2,I-85;I-20;I-65,GREENVILLE;ATL;BHM_APPROACH;MOBILE,T1,13.0,11.0,12h half-day,12.6,8.5,3.6,not-time-competitive,corridor-specific-rail-check-needed,heuristic-planning
GREENVILLE,Greenville,T2,service_stop,LOUISVILLE,Louisville,T2,national_transfer_hub,722,215,sla-stop-rhythm-ok,5,2,I-85;I-20;I-65,GREENVILLE;ATL;BHM_APPROACH;NASHVILLE;LOUISVILLE,T1,16.3,13.8,24h overnight,15.3,10.5,3.9,not-time-competitive,freight-rail-wins-bulk-road-wins-express,heuristic-planning
GREENVILLE,Greenville,T2,service_stop,LITTLE_ROCK,Little Rock,T2,national_transfer_hub,735,256,long-gap-review,5,3,I-85;I-20;I-22;I-30,GREENVILLE;ATL;BHM_APPROACH;MEM;LITTLE_ROCK,T1,16.9,14.3,24h overnight,15.9,10.9,4.0,not-time-competitive,freight-rail-wins-bulk-road-wins-express,heuristic-planning
GREENVILLE,Greenville,T2,service_stop,DEN,Denver,T1,national_transfer_hub,2314,657,needs-intermediate-stops,9,5,I-85;I-20;I-22;I-30;I-35;I-70,GREENVILLE;ATL;BHM_APPROACH;MEM;LITTLE_ROCK;DAL;OKC;KC;DEN,T1,51.6,43.7,48h two-day,45.3,32.4,7.1,not-time-competitive,freight-rail-wins-bulk-road-wins-express,heuristic-planning
GREENVILLE,Greenville,T2,service_stop,COLORADO_SPRINGS,Colorado Springs,T2,service_stop,2389,657,needs-intermediate-stops,10,6,I-85;I-20;I-22;I-30;I-35;I-70;I-25,GREENVILLE;ATL;BHM_APPROACH;MEM;LITTLE_ROCK;DAL;OKC;KC;DEN;COLORADO_SPRINGS,T1,53.6,45.4,48h two-day,47.0,33.6,7.3,not-time-competitive,freight-rail-wins-bulk-road-wins-express,heuristic-planning
GREENVILLE,Greenville,T2,service_stop,CAPITAL_BELTWAY_N,Capital North,T2,service_stop,1452,382,long-gap-review,10,5,I-85;I-20;I-65;I-75;I-70;I-495,GREENVILLE;ATL;BHM_APPROACH;NASHVILLE;LOUISVILLE;CINCINNATI;COLUMBUS;PENNSYLVANIA;DC;CAPITAL_BELTWAY_N,T1,33.3,28.1,36h next-day,29.7,20.9,5.4,not-time-competitive,freight-rail-wins-bulk-road-wins-express,heuristic-planning
GREENVILLE,Greenville,T2,service_stop,CAPITAL_BELTWAY_E,Capital East,T2,service_stop,1463,382,long-gap-review,11,5,I-85;I-20;I-65;I-75;I-70;I-495,GREENVILLE;ATL;BHM_APPROACH;NASHVILLE;LOUISVILLE;CINCINNATI;COLUMBUS;PENNSYLVANIA;DC;CAPITAL_BELTWAY_S;CAPITAL_BELTWAY_E,T1,33.6,28.4,36h next-day,29.8,21.0,5.4,not-time-competitive,freight-rail-wins-bulk-road-wins-express,heuristic-planning
GREENVILLE,Greenville,T2,service_stop,CAPITAL_BELTWAY_S,Capital South,T2,service_stop,1450,382,long-gap-review,10,5,I-85;I-20;I-65;I-75;I-70;I-495,GREENVILLE;ATL;BHM_APPROACH;NASHVILLE;LOUISVILLE;CINCINNATI;COLUMBUS;PENNSYLVANIA;DC;CAPITAL_BELTWAY_S,T1,33.2,28.1,36h next-day,29.6,20.8,5.4,not-time-competitive,freight-rail-wins-bulk-road-wins-express,heuristic-planning
GREENVILLE,Greenville,T2,service_stop,JOPLIN,Joplin,T2,service_stop,1665,374,long-gap-review,8,5,I-85;I-20;I-22;I-30;I-20;I-49,GREENVILLE;ATL;BHM_APPROACH;MEM;LITTLE_ROCK;DAL;SHV;JOPLIN,T1,37.7,31.9,36h next-day,33.5,23.7,5.8,not-time-competitive,freight-rail-wins-bulk-road-wins-express,heuristic-planning
GREENVILLE,Greenville,T2,service_stop,HAGERSTOWN,Hagerstown,T2,service_stop,1402,382,long-gap-review,9,5,I-85;I-20;I-65;I-75;I-70;I-81,GREENVILLE;ATL;BHM_APPROACH;NASHVILLE;LOUISVILLE;CINCINNATI;COLUMBUS;PENNSYLVANIA;HAGERSTOWN,T1,32.1,27.2,36h next-day,28.7,20.2,5.3,not-time-competitive,freight-rail-wins-bulk-road-wins-express,heuristic-planning
GREENVILLE,Greenville,T2,service_stop,STL,St. Louis,T1,national_transfer_hub,1417,272,long-gap-review,9,4,I-85;I-20;I-65;I-75;I-70,GREENVILLE;ATL;BHM_APPROACH;NASHVILLE;LOUISVILLE;CINCINNATI;COLUMBUS;INDY_APPROACH;STL,T1,32.1,27.2,36h next-day,28.7,20.2,5.3,not-time-competitive,freight-rail-wins-bulk-road-wins-express,heuristic-planning
GREENVILLE,Greenville,T2,service_stop,PITTSBURGH,Pittsburgh,T2,service_stop,537,428,needs-intermediate-stops,3,1,I-85;I-77,GREENVILLE;CLT;PITTSBURGH,T2,11.9,10.1,12h half-day,11.6,7.9,3.6,not-time-competitive,rail-often-absent-road-flexibility-case,heuristic-planning
GREENVILLE,Greenville,T2,service_stop,PENNSYLVANIA,Harrisburg,T1,national_transfer_hub,1329,382,long-gap-review,8,4,I-85;I-20;I-65;I-75;I-70,GREENVILLE;ATL;BHM_APPROACH;NASHVILLE;LOUISVILLE;CINCINNATI;COLUMBUS;PENNSYLVANIA,T1,30.2,25.5,36h next-day,27.1,19.0,5.2,not-time-competitive,freight-rail-wins-bulk-road-wins-express,heuristic-planning
GREENVILLE,Greenville,T2,service_stop,GULFPORT,Gulfport,T1,national_transfer_hub,650,246,sla-stop-rhythm-ok,5,3,I-85;I-20;I-65;I-10,GREENVILLE;ATL;BHM_APPROACH;MOBILE;GULFPORT,T1,15.1,12.8,24h overnight,14.4,9.8,3.8,not-time-competitive,corridor-specific-rail-check-needed,heuristic-planning
GREENVILLE,Greenville,T2,service_stop,CORPUS,Corpus Christi,T2,national_transfer_hub,1474,246,sla-stop-rhythm-ok,10,6,I-85;I-20;I-65;I-10;US90;I-10;I-37,GREENVILLE;ATL;BHM_APPROACH;MOBILE;GULFPORT;LAFAYETTE;BEAUMONT;HOU;SAT;CORPUS,T1,34.1,28.8,36h next-day,30.4,21.4,5.4,not-time-competitive,freight-rail-wins-bulk-road-wins-express,heuristic-planning
MOBILE,Mobile,T2,service_stop,LOUISVILLE,Louisville,T2,national_transfer_hub,642,246,sla-stop-rhythm-ok,4,0,I-65,MOBILE;BHM_APPROACH;NASHVILLE;LOUISVILLE,T2,13.8,11.8,12h half-day,13.2,9.1,3.8,not-time-competitive,rail-often-absent-road-flexibility-case,heuristic-planning
MOBILE,Mobile,T2,service_stop,LITTLE_ROCK,Little Rock,T2,national_transfer_hub,655,256,long-gap-review,4,2,I-65;I-22;I-30,MOBILE;BHM_APPROACH;MEM;LITTLE_ROCK,T2,14.8,12.5,24h overnight,14.1,9.6,3.8,not-time-competitive,rail-often-absent-road-flexibility-case,heuristic-planning
MOBILE,Mobile,T2,service_stop,DEN,Denver,T1,national_transfer_hub,2235,657,needs-intermediate-stops,8,4,I-65;I-22;I-30;I-35;I-70,MOBILE;BHM_APPROACH;MEM;LITTLE_ROCK;DAL;OKC;KC;DEN,T1,49.4,42.0,48h two-day,43.5,31.1,7.0,not-time-competitive,freight-rail-wins-bulk-road-wins-express,heuristic-planning
MOBILE,Mobile,T2,service_stop,COLORADO_SPRINGS,Colorado Springs,T2,service_stop,2310,657,needs-intermediate-stops,9,5,I-65;I-22;I-30;I-35;I-70;I-25,MOBILE;BHM_APPROACH;MEM;LITTLE_ROCK;DAL;OKC;KC;DEN;COLORADO_SPRINGS,T1,51.4,43.7,48h two-day,45.2,32.3,7.1,not-time-competitive,freight-rail-wins-bulk-road-wins-express,heuristic-planning
MOBILE,Mobile,T2,service_stop,CAPITAL_BELTWAY_N,Capital North,T2,service_stop,1372,382,long-gap-review,9,3,I-65;I-75;I-70;I-495,MOBILE;BHM_APPROACH;NASHVILLE;LOUISVILLE;CINCINNATI;COLUMBUS;PENNSYLVANIA;DC;CAPITAL_BELTWAY_N,T1,30.8,26.1,36h next-day,27.5,19.4,5.2,not-time-competitive,freight-rail-wins-bulk-road-wins-express,heuristic-planning
MOBILE,Mobile,T2,service_stop,CAPITAL_BELTWAY_E,Capital East,T2,service_stop,1383,382,long-gap-review,10,3,I-65;I-75;I-70;I-495,MOBILE;BHM_APPROACH;NASHVILLE;LOUISVILLE;CINCINNATI;COLUMBUS;PENNSYLVANIA;DC;CAPITAL_BELTWAY_S;CAPITAL_BELTWAY_E,T1,31.1,26.4,36h next-day,27.7,19.5,5.3,not-time-competitive,freight-rail-wins-bulk-road-wins-express,heuristic-planning
MOBILE,Mobile,T2,service_stop,CAPITAL_BELTWAY_S,Capital South,T2,service_stop,1370,382,long-gap-review,9,3,I-65;I-75;I-70;I-495,MOBILE;BHM_APPROACH;NASHVILLE;LOUISVILLE;CINCINNATI;COLUMBUS;PENNSYLVANIA;DC;CAPITAL_BELTWAY_S,T1,30.8,26.1,36h next-day,27.5,19.4,5.2,not-time-competitive,freight-rail-wins-bulk-road-wins-express,heuristic-planning
MOBILE,Mobile,T2,service_stop,JOPLIN,Joplin,T2,service_stop,1585,374,long-gap-review,7,4,I-65;I-22;I-30;I-20;I-49,MOBILE;BHM_APPROACH;MEM;LITTLE_ROCK;DAL;SHV;JOPLIN,T1,35.5,30.1,36h next-day,31.7,22.4,5.7,not-time-competitive,freight-rail-wins-bulk-road-wins-express,heuristic-planning
MOBILE,Mobile,T2,service_stop,HAGERSTOWN,Hagerstown,T2,service_stop,1323,382,long-gap-review,8,3,I-65;I-75;I-70;I-81,MOBILE;BHM_APPROACH;NASHVILLE;LOUISVILLE;CINCINNATI;COLUMBUS;PENNSYLVANIA;HAGERSTOWN,T1,29.7,25.2,36h next-day,26.6,18.7,5.1,not-time-competitive,freight-rail-wins-bulk-road-wins-express,heuristic-planning
MOBILE,Mobile,T2,service_stop,STL,St. Louis,T1,national_transfer_hub,1337,272,long-gap-review,8,2,I-65;I-75;I-70,MOBILE;BHM_APPROACH;NASHVILLE;LOUISVILLE;CINCINNATI;COLUMBUS;INDY_APPROACH;STL,T1,29.6,25.2,36h next-day,26.5,18.7,5.2,not-time-competitive,freight-rail-wins-bulk-road-wins-express,heuristic-planning
MOBILE,Mobile,T2,service_stop,PITTSBURGH,Pittsburgh,T2,service_stop,1109,428,needs-intermediate-stops,6,3,I-65;I-20;I-85;I-77,MOBILE;BHM_APPROACH;ATL;GREENVILLE;CLT;PITTSBURGH,T1,25.0,21.2,24h overnight,22.7,15.9,4.7,not-time-competitive,freight-rail-wins-bulk-road-wins-express,heuristic-planning
MOBILE,Mobile,T2,service_stop,PENNSYLVANIA,Harrisburg,T1,national_transfer_hub,1249,382,long-gap-review,7,2,I-65;I-75;I-70,MOBILE;BHM_APPROACH;NASHVILLE;LOUISVILLE;CINCINNATI;COLUMBUS;PENNSYLVANIA,T1,27.7,23.5,24h overnight,24.9,17.6,5.0,not-time-competitive,freight-rail-wins-bulk-road-wins-express,heuristic-planning
MOBILE,Mobile,T1,service_stop,GULFPORT,Gulfport,T1,national_transfer_hub,78,78,sla-stop-rhythm-ok,2,0,I-10,MOBILE;GULFPORT,T1,1.7,1.4,6h local,2.9,1.5,2.7,time-competitive,corridor-specific-rail-check-needed,heuristic-planning
MOBILE,Mobile,T1,service_stop,CORPUS,Corpus Christi,T2,national_transfer_hub,902,223,sla-stop-rhythm-ok,7,3,I-10;US90;I-10;I-37,MOBILE;GULFPORT;LAFAYETTE;BEAUMONT;HOU;SAT;CORPUS,T1,20.6,17.4,24h overnight,18.9,13.1,4.3,not-time-competitive,freight-rail-wins-bulk-road-wins-express,heuristic-planning
LOUISVILLE,Louisville,T2,national_transfer_hub,LITTLE_ROCK,Little Rock,T2,national_transfer_hub,566,232,sla-stop-rhythm-ok,4,2,I-65;I-40;I-30,LOUISVILLE;NASHVILLE;MEM;LITTLE_ROCK,T1,12.9,10.9,12h half-day,12.5,8.4,3.6,not-time-competitive,corridor-specific-rail-check-needed,heuristic-planning
LOUISVILLE,Louisville,T2,national_transfer_hub,LAS_VEGAS,Las Vegas,T2,service_stop,3815,1337,needs-intermediate-stops,11,7,I-65;I-40;I-30;US70;I-10;I-5;I-80;I-15,LOUISVILLE;NASHVILLE;MEM;LITTLE_ROCK;PHX;LA;CENTRAL_VALLEY;SAC;RENO;SLC;LAS_VEGAS,T1,84.3,71.7,72h three-day,73.3,52.8,10.1,not-time-competitive,freight-rail-wins-bulk-road-wins-express,heuristic-planning
LOUISVILLE,Louisville,T2,national_transfer_hub,DEN,Denver,T1,national_transfer_hub,3825,1337,needs-intermediate-stops,11,7,I-65;I-40;I-30;US70;I-10;I-5;I-80;I-70,LOUISVILLE;NASHVILLE;MEM;LITTLE_ROCK;PHX;LA;CENTRAL_VALLEY;SAC;RENO;SLC;DEN,T1,84.5,71.8,72h three-day,73.5,52.9,10.1,not-time-competitive,freight-rail-wins-bulk-road-wins-express,heuristic-planning
LOUISVILLE,Louisville,T2,national_transfer_hub,CAPITAL_BELTWAY_N,Capital North,T2,service_stop,730,382,long-gap-review,6,3,I-65;I-75;I-70;I-495,LOUISVILLE;CINCINNATI;COLUMBUS;PENNSYLVANIA;DC;CAPITAL_BELTWAY_N,T1,16.9,14.3,24h overnight,15.8,10.8,4.0,not-time-competitive,freight-rail-wins-bulk-road-wins-express,heuristic-planning
LOUISVILLE,Louisville,T2,national_transfer_hub,CAPITAL_BELTWAY_E,Capital East,T2,service_stop,741,382,long-gap-review,7,3,I-65;I-75;I-70;I-495,LOUISVILLE;CINCINNATI;COLUMBUS;PENNSYLVANIA;DC;CAPITAL_BELTWAY_S;CAPITAL_BELTWAY_E,T1,17.2,14.5,24h overnight,16.0,11.0,4.0,not-time-competitive,freight-rail-wins-bulk-road-wins-express,heuristic-planning
LOUISVILLE,Louisville,T2,national_transfer_hub,CAPITAL_BELTWAY_S,Capital South,T2,service_stop,728,382,long-gap-review,6,3,I-65;I-75;I-70;I-495,LOUISVILLE;CINCINNATI;COLUMBUS;PENNSYLVANIA;DC;CAPITAL_BELTWAY_S,T1,16.9,14.2,24h overnight,15.8,10.8,4.0,not-time-competitive,freight-rail-wins-bulk-road-wins-express,heuristic-planning
LOUISVILLE,Louisville,T2,national_transfer_hub,JOPLIN,Joplin,T2,service_stop,1496,374,long-gap-review,7,4,I-65;I-40;I-30;I-20;I-49,LOUISVILLE;NASHVILLE;MEM;LITTLE_ROCK;DAL;SHV;JOPLIN,T1,33.6,28.5,36h next-day,30.1,21.2,5.5,not-time-competitive,freight-rail-wins-bulk-road-wins-express,heuristic-planning
LOUISVILLE,Louisville,T2,national_transfer_hub,ROANOKE,Roanoke,T2,service_stop,647,281,long-gap-review,4,2,I-65;I-75;I-81,LOUISVILLE;CINCINNATI;KNX;ROANOKE,T1,14.6,12.4,24h overnight,14.0,9.5,3.8,not-time-competitive,corridor-specific-rail-check-needed,heuristic-planning
LOUISVILLE,Louisville,T2,national_transfer_hub,HAGERSTOWN,Hagerstown,T2,service_stop,681,382,long-gap-review,5,3,I-65;I-75;I-70;I-81,LOUISVILLE;CINCINNATI;COLUMBUS;PENNSYLVANIA;HAGERSTOWN,T1,15.8,13.3,24h overnight,14.9,10.2,3.9,not-time-competitive,corridor-specific-rail-check-needed,heuristic-planning
LOUISVILLE,Louisville,T2,national_transfer_hub,STL,St. Louis,T1,national_transfer_hub,695,272,long-gap-review,5,2,I-65;I-75;I-70,LOUISVILLE;CINCINNATI;COLUMBUS;INDY_APPROACH;STL,T1,15.7,13.3,24h overnight,14.8,10.2,3.9,not-time-competitive,corridor-specific-rail-check-needed,heuristic-planning
LOUISVILLE,Louisville,T2,national_transfer_hub,PITTSBURGH,Pittsburgh,T2,service_stop,801,382,long-gap-review,5,3,I-65;I-75;I-70;I-76,LOUISVILLE;CINCINNATI;COLUMBUS;PENNSYLVANIA;PITTSBURGH,T1,18.3,15.5,24h overnight,17.1,11.8,4.1,not-time-competitive,freight-rail-wins-bulk-road-wins-express,heuristic-planning
LOUISVILLE,Louisville,T2,national_transfer_hub,PENNSYLVANIA,Harrisburg,T1,national_transfer_hub,607,382,long-gap-review,4,2,I-65;I-75;I-70,LOUISVILLE;CINCINNATI;COLUMBUS;PENNSYLVANIA,T1,13.8,11.7,12h half-day,13.2,9.0,3.7,not-time-competitive,corridor-specific-rail-check-needed,heuristic-planning
LOUISVILLE,Louisville,T2,national_transfer_hub,GULFPORT,Gulfport,T1,national_transfer_hub,720,246,sla-stop-rhythm-ok,5,1,I-65;I-10,LOUISVILLE;NASHVILLE;BHM_APPROACH;MOBILE;GULFPORT,T1,15.9,13.5,24h overnight,14.9,10.3,3.9,not-time-competitive,freight-rail-wins-bulk-road-wins-express,heuristic-planning
LOUISVILLE,Louisville,T2,national_transfer_hub,CORPUS,Corpus Christi,T2,national_transfer_hub,1363,345,long-gap-review,7,4,I-65;I-40;I-30;I-35;I-37,LOUISVILLE;NASHVILLE;MEM;LITTLE_ROCK;DAL;SAT;CORPUS,T1,30.8,26.1,36h next-day,27.7,19.5,5.2,not-time-competitive,freight-rail-wins-bulk-road-wins-express,heuristic-planning
LITTLE_ROCK,Little Rock,T2,national_transfer_hub,DEN,Denver,T1,national_transfer_hub,1579,657,needs-intermediate-stops,5,2,I-30;I-35;I-70,LITTLE_ROCK;DAL;OKC;KC;DEN,T1,34.5,29.4,36h next-day,30.9,22.0,5.7,not-time-competitive,freight-rail-wins-bulk-road-wins-express,heuristic-planning
LITTLE_ROCK,Little Rock,T2,national_transfer_hub,COLORADO_SPRINGS,Colorado Springs,T2,service_stop,1654,657,needs-intermediate-stops,6,3,I-30;I-35;I-70;I-25,LITTLE_ROCK;DAL;OKC;KC;DEN;COLORADO_SPRINGS,T1,36.6,31.1,36h next-day,32.6,23.2,5.8,not-time-competitive,freight-rail-wins-bulk-road-wins-express,heuristic-planning
LITTLE_ROCK,Little Rock,T2,national_transfer_hub,CAPITAL_BELTWAY_N,Capital North,T2,service_stop,1296,382,long-gap-review,9,5,I-30;I-40;I-65;I-75;I-70;I-495,LITTLE_ROCK;MEM;NASHVILLE;LOUISVILLE;CINCINNATI;COLUMBUS;PENNSYLVANIA;DC;CAPITAL_BELTWAY_N,T1,29.9,25.2,36h next-day,26.8,18.8,5.1,not-time-competitive,freight-rail-wins-bulk-road-wins-express,heuristic-planning
LITTLE_ROCK,Little Rock,T2,national_transfer_hub,CAPITAL_BELTWAY_E,Capital East,T2,service_stop,1307,382,long-gap-review,10,5,I-30;I-40;I-65;I-75;I-70;I-495,LITTLE_ROCK;MEM;NASHVILLE;LOUISVILLE;CINCINNATI;COLUMBUS;PENNSYLVANIA;DC;CAPITAL_BELTWAY_S;CAPITAL_BELTWAY_E,T1,30.2,25.5,36h next-day,27.0,18.9,5.1,not-time-competitive,freight-rail-wins-bulk-road-wins-express,heuristic-planning
LITTLE_ROCK,Little Rock,T2,national_transfer_hub,CAPITAL_BELTWAY_S,Capital South,T2,service_stop,1294,382,long-gap-review,9,5,I-30;I-40;I-65;I-75;I-70;I-495,LITTLE_ROCK;MEM;NASHVILLE;LOUISVILLE;CINCINNATI;COLUMBUS;PENNSYLVANIA;DC;CAPITAL_BELTWAY_S,T1,29.8,25.2,36h next-day,26.8,18.8,5.1,not-time-competitive,freight-rail-wins-bulk-road-wins-express,heuristic-planning
LITTLE_ROCK,Little Rock,T2,national_transfer_hub,JOPLIN,Joplin,T2,service_stop,930,374,long-gap-review,4,2,I-30;I-20;I-49,LITTLE_ROCK;DAL;SHV;JOPLIN,T1,20.6,17.5,24h overnight,19.1,13.3,4.4,not-time-competitive,freight-rail-wins-bulk-road-wins-express,heuristic-planning
LITTLE_ROCK,Little Rock,T2,national_transfer_hub,HAGERSTOWN,Hagerstown,T2,service_stop,1246,382,long-gap-review,8,5,I-30;I-40;I-65;I-75;I-70;I-81,LITTLE_ROCK;MEM;NASHVILLE;LOUISVILLE;CINCINNATI;COLUMBUS;PENNSYLVANIA;HAGERSTOWN,T1,28.7,24.3,36h next-day,25.9,18.1,5.0,not-time-competitive,freight-rail-wins-bulk-road-wins-express,heuristic-planning
LITTLE_ROCK,Little Rock,T2,national_transfer_hub,STL,St. Louis,T1,national_transfer_hub,1203,352,long-gap-review,5,2,I-30;I-35;I-70,LITTLE_ROCK;DAL;OKC;KC;STL,T1,26.5,22.5,24h overnight,24.1,16.9,4.9,not-time-competitive,freight-rail-wins-bulk-road-wins-express,heuristic-planning
LITTLE_ROCK,Little Rock,T2,national_transfer_hub,PITTSBURGH,Pittsburgh,T2,service_stop,1272,428,needs-intermediate-stops,7,4,I-30;I-22;I-20;I-85;I-77,LITTLE_ROCK;MEM;BHM_APPROACH;ATL;GREENVILLE;CLT;PITTSBURGH,T1,28.9,24.4,36h next-day,26.0,18.3,5.0,not-time-competitive,freight-rail-wins-bulk-road-wins-express,heuristic-planning
LITTLE_ROCK,Little Rock,T2,national_transfer_hub,PENNSYLVANIA,Harrisburg,T1,national_transfer_hub,1173,382,long-gap-review,7,4,I-30;I-40;I-65;I-75;I-70,LITTLE_ROCK;MEM;NASHVILLE;LOUISVILLE;CINCINNATI;COLUMBUS;PENNSYLVANIA,T1,26.8,22.6,24h overnight,24.2,16.9,4.8,not-time-competitive,freight-rail-wins-bulk-road-wins-express,heuristic-planning
LITTLE_ROCK,Little Rock,T2,national_transfer_hub,GULFPORT,Gulfport,T1,national_transfer_hub,734,256,long-gap-review,5,3,I-30;I-22;I-65;I-10,LITTLE_ROCK;MEM;BHM_APPROACH;MOBILE;GULFPORT,T1,16.9,14.3,24h overnight,15.9,10.9,4.0,not-time-competitive,freight-rail-wins-bulk-road-wins-express,heuristic-planning
LITTLE_ROCK,Little Rock,T2,national_transfer_hub,CORPUS,Corpus Christi,T2,national_transfer_hub,797,345,long-gap-review,4,2,I-30;I-35;I-37,LITTLE_ROCK;DAL;SAT;CORPUS,T1,17.8,15.1,24h overnight,16.7,11.5,4.1,not-time-competitive,freight-rail-wins-bulk-road-wins-express,heuristic-planning
LAS_VEGAS,Las Vegas,T2,service_stop,DEN,Denver,T1,national_transfer_hub,865,437,needs-intermediate-stops,3,1,I-15;I-70,LAS_VEGAS;SLC;DEN,T1,18.8,16.0,24h overnight,17.6,12.2,4.2,not-time-competitive,freight-rail-wins-bulk-road-wins-express,heuristic-planning
LAS_VEGAS,Las Vegas,T2,service_stop,COLORADO_SPRINGS,Colorado Springs,T2,service_stop,1183,693,needs-intermediate-stops,4,2,I-15;I-40;I-25,LAS_VEGAS;BARSTOW;ABQ;COLORADO_SPRINGS,T1,26.0,22.1,24h overnight,23.7,16.7,4.9,not-time-competitive,freight-rail-wins-bulk-road-wins-express,heuristic-planning
DEN,Denver,T2,national_transfer_hub,COLORADO_SPRINGS,Colorado Springs,T2,service_stop,75,75,sla-stop-rhythm-ok,2,0,I-25,DEN;COLORADO_SPRINGS,T2,1.6,1.4,6h local,2.9,1.5,2.6,time-competitive,rail-often-absent-road-flexibility-case,heuristic-planning
DEN,Denver,T1,national_transfer_hub,CAPITAL_BELTWAY_N,Capital North,T2,service_stop,2804,657,needs-intermediate-stops,12,6,I-70;I-49;I-20;I-65;I-75;I-70;I-495,DEN;KC;JOPLIN;SHV;BHM_APPROACH;NASHVILLE;LOUISVILLE;CINCINNATI;COLUMBUS;PENNSYLVANIA;DC;CAPITAL_BELTWAY_N,T1,62.6,53.1,72h three-day,54.6,39.1,8.1,not-time-competitive,freight-rail-wins-bulk-road-wins-express,heuristic-planning
DEN,Denver,T1,national_transfer_hub,CAPITAL_BELTWAY_E,Capital East,T2,service_stop,2815,657,needs-intermediate-stops,13,6,I-70;I-49;I-20;I-65;I-75;I-70;I-495,DEN;KC;JOPLIN;SHV;BHM_APPROACH;NASHVILLE;LOUISVILLE;CINCINNATI;COLUMBUS;PENNSYLVANIA;DC;CAPITAL_BELTWAY_S;CAPITAL_BELTWAY_E,T1,62.9,53.3,72h three-day,54.8,39.2,8.1,not-time-competitive,freight-rail-wins-bulk-road-wins-express,heuristic-planning
DEN,Denver,T1,national_transfer_hub,CAPITAL_BELTWAY_S,Capital South,T2,service_stop,2803,657,needs-intermediate-stops,12,6,I-70;I-49;I-20;I-65;I-75;I-70;I-495,DEN;KC;JOPLIN;SHV;BHM_APPROACH;NASHVILLE;LOUISVILLE;CINCINNATI;COLUMBUS;PENNSYLVANIA;DC;CAPITAL_BELTWAY_S,T1,62.5,53.1,72h three-day,54.6,39.1,8.1,not-time-competitive,freight-rail-wins-bulk-road-wins-express,heuristic-planning
DEN,Denver,T1,national_transfer_hub,JOPLIN,Joplin,T2,service_stop,822,657,needs-intermediate-stops,3,1,I-70;I-49,DEN;KC;JOPLIN,T1,17.9,15.3,24h overnight,16.8,11.7,4.1,not-time-competitive,freight-rail-wins-bulk-road-wins-express,heuristic-planning
DEN,Denver,T1,national_transfer_hub,HAGERSTOWN,Hagerstown,T2,service_stop,2755,657,needs-intermediate-stops,11,6,I-70;I-49;I-20;I-65;I-75;I-70;I-81,DEN;KC;JOPLIN;SHV;BHM_APPROACH;NASHVILLE;LOUISVILLE;CINCINNATI;COLUMBUS;PENNSYLVANIA;HAGERSTOWN,T1,61.4,52.1,72h three-day,53.7,38.4,8.0,not-time-competitive,freight-rail-wins-bulk-road-wins-express,heuristic-planning
DEN,Denver,T1,national_transfer_hub,STL,St. Louis,T1,national_transfer_hub,938,657,needs-intermediate-stops,3,0,I-70,DEN;KC;STL,T1,20.0,17.1,24h overnight,18.6,13.0,4.4,not-time-competitive,freight-rail-wins-bulk-road-wins-express,heuristic-planning
DEN,Denver,T1,national_transfer_hub,PITTSBURGH,Pittsburgh,T2,service_stop,2541,657,needs-intermediate-stops,9,4,I-70;I-49;I-20;I-85;I-77,DEN;KC;JOPLIN;SHV;BHM_APPROACH;ATL;GREENVILLE;CLT;PITTSBURGH,T1,56.0,47.6,48h two-day,49.1,35.2,7.6,not-time-competitive,freight-rail-wins-bulk-road-wins-express,heuristic-planning
DEN,Denver,T1,national_transfer_hub,PENNSYLVANIA,Harrisburg,T1,national_transfer_hub,2681,657,needs-intermediate-stops,10,5,I-70;I-49;I-20;I-65;I-75;I-70,DEN;KC;JOPLIN;SHV;BHM_APPROACH;NASHVILLE;LOUISVILLE;CINCINNATI;COLUMBUS;PENNSYLVANIA,T1,59.4,50.5,72h three-day,52.0,37.3,7.9,not-time-competitive,freight-rail-wins-bulk-road-wins-express,heuristic-planning
DEN,Denver,T1,national_transfer_hub,GULFPORT,Gulfport,T1,national_transfer_hub,2003,657,needs-intermediate-stops,7,4,I-70;I-49;I-20;I-65;I-10,DEN;KC;JOPLIN;SHV;BHM_APPROACH;MOBILE;GULFPORT,T1,44.4,37.7,48h two-day,39.3,28.0,6.5,not-time-competitive,freight-rail-wins-bulk-road-wins-express,heuristic-planning
DEN,Denver,T1,national_transfer_hub,CORPUS,Corpus Christi,T2,national_transfer_hub,2826,657,needs-intermediate-stops,12,7,I-70;I-49;I-20;I-65;I-10;US90;I-10;I-37,DEN;KC;JOPLIN;SHV;BHM_APPROACH;MOBILE;GULFPORT;LAFAYETTE;BEAUMONT;HOU;SAT;CORPUS,T1,63.4,53.7,72h three-day,55.3,39.6,8.2,not-time-competitive,freight-rail-wins-bulk-road-wins-express,heuristic-planning
CAPITAL_BELTWAY_N,Capital North,T2,service_stop,CAPITAL_BELTWAY_E,Capital East,T2,service_stop,16,16,sla-stop-rhythm-ok,2,0,I-495,CAPITAL_BELTWAY_N;CAPITAL_BELTWAY_E,T2,0.3,0.3,6h local,1.8,0.7,2.5,time-competitive,rail-often-absent-road-flexibility-case,heuristic-planning
CAPITAL_BELTWAY_N,Capital North,T2,service_stop,CAPITAL_BELTWAY_S,Capital South,T2,service_stop,20,11,sla-stop-rhythm-ok,3,0,I-495,CAPITAL_BELTWAY_N;DC;CAPITAL_BELTWAY_S,T2,0.5,0.4,6h local,1.9,0.8,2.5,time-competitive,rail-often-absent-road-flexibility-case,heuristic-planning
CAPITAL_BELTWAY_N,Capital North,T2,service_stop,JOPLIN,Joplin,T2,service_stop,2226,382,long-gap-review,12,7,I-495;I-70;I-75;I-65;I-40;I-30;I-20;I-49,CAPITAL_BELTWAY_N;DC;PENNSYLVANIA;COLUMBUS;CINCINNATI;LOUISVILLE;NASHVILLE;MEM;LITTLE_ROCK;DAL;SHV;JOPLIN,T1,50.6,42.8,48h two-day,44.4,31.6,7.0,not-time-competitive,freight-rail-wins-bulk-road-wins-express,heuristic-planning
CAPITAL_BELTWAY_N,Capital North,T2,service_stop,ROANOKE,Roanoke,T2,service_stop,1164,382,long-gap-review,7,3,I-495;I-70;I-75;I-81,CAPITAL_BELTWAY_N;DC;PENNSYLVANIA;COLUMBUS;CINCINNATI;KNX;ROANOKE,T1,26.2,22.2,24h overnight,23.7,16.6,4.8,not-time-competitive,freight-rail-wins-bulk-road-wins-express,heuristic-planning
CAPITAL_BELTWAY_N,Capital North,T2,service_stop,HAGERSTOWN,Hagerstown,T2,service_stop,196,112,sla-stop-rhythm-ok,4,2,I-495;I-70;I-81,CAPITAL_BELTWAY_N;DC;PENNSYLVANIA;HAGERSTOWN,T1,5.0,4.2,6h local,5.8,3.5,2.9,near-competitive-short-haul,corridor-specific-rail-check-needed,heuristic-planning
CAPITAL_BELTWAY_N,Capital North,T2,service_stop,STL,St. Louis,T1,national_transfer_hub,975,382,long-gap-review,6,1,I-495;I-70,CAPITAL_BELTWAY_N;DC;PENNSYLVANIA;COLUMBUS;INDY_APPROACH;STL,T1,21.4,18.2,24h overnight,19.6,13.7,4.5,not-time-competitive,freight-rail-wins-bulk-road-wins-express,heuristic-planning
CAPITAL_BELTWAY_N,Capital North,T2,service_stop,PITTSBURGH,Pittsburgh,T2,service_stop,317,194,sla-stop-rhythm-ok,4,2,I-495;I-70;I-76,CAPITAL_BELTWAY_N;DC;PENNSYLVANIA;PITTSBURGH,T1,7.6,6.4,12h half-day,8.0,5.1,3.1,not-time-competitive,corridor-specific-rail-check-needed,heuristic-planning
CAPITAL_BELTWAY_N,Capital North,T2,service_stop,PENNSYLVANIA,Harrisburg,T1,national_transfer_hub,123,112,sla-stop-rhythm-ok,3,1,I-495;I-70,CAPITAL_BELTWAY_N;DC;PENNSYLVANIA,T1,3.0,2.5,6h local,4.1,2.3,2.7,time-competitive,corridor-specific-rail-check-needed,heuristic-planning
CAPITAL_BELTWAY_N,Capital North,T2,service_stop,GULFPORT,Gulfport,T1,national_transfer_hub,1450,382,long-gap-review,10,4,I-495;I-70;I-75;I-65;I-10,CAPITAL_BELTWAY_N;DC;PENNSYLVANIA;COLUMBUS;CINCINNATI;LOUISVILLE;NASHVILLE;BHM_APPROACH;MOBILE;GULFPORT,T1,32.9,27.9,36h next-day,29.3,20.6,5.4,not-time-competitive,freight-rail-wins-bulk-road-wins-express,heuristic-planning
CAPITAL_BELTWAY_N,Capital North,T2,service_stop,CORPUS,Corpus Christi,T2,national_transfer_hub,2093,382,long-gap-review,12,7,I-495;I-70;I-75;I-65;I-40;I-30;I-35;I-37,CAPITAL_BELTWAY_N;DC;PENNSYLVANIA;COLUMBUS;CINCINNATI;LOUISVILLE;NASHVILLE;MEM;LITTLE_ROCK;DAL;SAT;CORPUS,T1,47.8,40.4,48h two-day,42.0,29.8,6.7,not-time-competitive,freight-rail-wins-bulk-road-wins-express,heuristic-planning
CAPITAL_BELTWAY_E,Capital East,T2,service_stop,CAPITAL_BELTWAY_S,Capital South,T2,service_stop,13,13,sla-stop-rhythm-ok,2,0,I-495,CAPITAL_BELTWAY_E;CAPITAL_BELTWAY_S,T2,0.3,0.2,6h local,1.7,0.7,2.5,time-competitive,rail-often-absent-road-flexibility-case,heuristic-planning
CAPITAL_BELTWAY_E,Capital East,T2,service_stop,JOPLIN,Joplin,T2,service_stop,2237,382,long-gap-review,13,7,I-495;I-70;I-75;I-65;I-40;I-30;I-20;I-49,CAPITAL_BELTWAY_E;CAPITAL_BELTWAY_S;DC;PENNSYLVANIA;COLUMBUS;CINCINNATI;LOUISVILLE;NASHVILLE;MEM;LITTLE_ROCK;DAL;SHV;JOPLIN,T1,50.9,43.1,48h two-day,44.6,31.7,7.0,not-time-competitive,freight-rail-wins-bulk-road-wins-express,heuristic-planning
CAPITAL_BELTWAY_E,Capital East,T2,service_stop,ROANOKE,Roanoke,T2,service_stop,1174,382,long-gap-review,8,3,I-495;I-70;I-75;I-81,CAPITAL_BELTWAY_E;CAPITAL_BELTWAY_S;DC;PENNSYLVANIA;COLUMBUS;CINCINNATI;KNX;ROANOKE,T1,26.5,22.5,24h overnight,23.9,16.8,4.8,not-time-competitive,freight-rail-wins-bulk-road-wins-express,heuristic-planning
CAPITAL_BELTWAY_E,Capital East,T2,service_stop,HAGERSTOWN,Hagerstown,T2,service_stop,207,112,sla-stop-rhythm-ok,5,2,I-495;I-70;I-81,CAPITAL_BELTWAY_E;CAPITAL_BELTWAY_S;DC;PENNSYLVANIA;HAGERSTOWN,T1,5.3,4.4,6h local,6.0,3.7,2.9,near-competitive-short-haul,corridor-specific-rail-check-needed,heuristic-planning
CAPITAL_BELTWAY_E,Capital East,T2,service_stop,STL,St. Louis,T1,national_transfer_hub,986,382,long-gap-review,7,1,I-495;I-70,CAPITAL_BELTWAY_E;CAPITAL_BELTWAY_S;DC;PENNSYLVANIA;COLUMBUS;INDY_APPROACH;STL,T1,21.7,18.5,24h overnight,19.8,13.8,4.5,not-time-competitive,freight-rail-wins-bulk-road-wins-express,heuristic-planning
CAPITAL_BELTWAY_E,Capital East,T2,service_stop,PITTSBURGH,Pittsburgh,T2,service_stop,328,194,sla-stop-rhythm-ok,5,2,I-495;I-70;I-76,CAPITAL_BELTWAY_E;CAPITAL_BELTWAY_S;DC;PENNSYLVANIA;PITTSBURGH,T1,7.9,6.6,12h half-day,8.2,5.3,3.2,not-time-competitive,corridor-specific-rail-check-needed,heuristic-planning
CAPITAL_BELTWAY_E,Capital East,T2,service_stop,PENNSYLVANIA,Harrisburg,T1,national_transfer_hub,134,112,sla-stop-rhythm-ok,4,1,I-495;I-70,CAPITAL_BELTWAY_E;CAPITAL_BELTWAY_S;DC;PENNSYLVANIA,T1,3.4,2.8,6h local,4.3,2.5,2.8,time-competitive,corridor-specific-rail-check-needed,heuristic-planning
CAPITAL_BELTWAY_E,Capital East,T2,service_stop,GULFPORT,Gulfport,T1,national_transfer_hub,1461,382,long-gap-review,11,4,I-495;I-70;I-75;I-65;I-10,CAPITAL_BELTWAY_E;CAPITAL_BELTWAY_S;DC;PENNSYLVANIA;COLUMBUS;CINCINNATI;LOUISVILLE;NASHVILLE;BHM_APPROACH;MOBILE;GULFPORT,T1,33.2,28.1,36h next-day,29.5,20.8,5.4,not-time-competitive,freight-rail-wins-bulk-road-wins-express,heuristic-planning
CAPITAL_BELTWAY_E,Capital East,T2,service_stop,CORPUS,Corpus Christi,T2,national_transfer_hub,2103,382,long-gap-review,13,7,I-495;I-70;I-75;I-65;I-40;I-30;I-35;I-37,CAPITAL_BELTWAY_E;CAPITAL_BELTWAY_S;DC;PENNSYLVANIA;COLUMBUS;CINCINNATI;LOUISVILLE;NASHVILLE;MEM;LITTLE_ROCK;DAL;SAT;CORPUS,T1,48.1,40.7,48h two-day,42.2,29.9,6.7,not-time-competitive,freight-rail-wins-bulk-road-wins-express,heuristic-planning
CAPITAL_BELTWAY_S,Capital South,T2,service_stop,JOPLIN,Joplin,T2,service_stop,2224,382,long-gap-review,12,7,I-495;I-70;I-75;I-65;I-40;I-30;I-20;I-49,CAPITAL_BELTWAY_S;DC;PENNSYLVANIA;COLUMBUS;CINCINNATI;LOUISVILLE;NASHVILLE;MEM;LITTLE_ROCK;DAL;SHV;JOPLIN,T1,50.6,42.8,48h two-day,44.4,31.6,6.9,not-time-competitive,freight-rail-wins-bulk-road-wins-express,heuristic-planning
CAPITAL_BELTWAY_S,Capital South,T2,service_stop,ROANOKE,Roanoke,T2,service_stop,1162,382,long-gap-review,7,3,I-495;I-70;I-75;I-81,CAPITAL_BELTWAY_S;DC;PENNSYLVANIA;COLUMBUS;CINCINNATI;KNX;ROANOKE,T1,26.2,22.2,24h overnight,23.7,16.6,4.8,not-time-competitive,freight-rail-wins-bulk-road-wins-express,heuristic-planning
CAPITAL_BELTWAY_S,Capital South,T2,service_stop,HAGERSTOWN,Hagerstown,T2,service_stop,195,112,sla-stop-rhythm-ok,4,2,I-495;I-70;I-81,CAPITAL_BELTWAY_S;DC;PENNSYLVANIA;HAGERSTOWN,T1,5.0,4.2,6h local,5.7,3.5,2.9,near-competitive-short-haul,corridor-specific-rail-check-needed,heuristic-planning
CAPITAL_BELTWAY_S,Capital South,T2,service_stop,STL,St. Louis,T1,national_transfer_hub,973,382,long-gap-review,6,1,I-495;I-70,CAPITAL_BELTWAY_S;DC;PENNSYLVANIA;COLUMBUS;INDY_APPROACH;STL,T1,21.4,18.2,24h overnight,19.5,13.7,4.4,not-time-competitive,freight-rail-wins-bulk-road-wins-express,heuristic-planning
CAPITAL_BELTWAY_S,Capital South,T2,service_stop,PITTSBURGH,Pittsburgh,T2,service_stop,315,194,sla-stop-rhythm-ok,4,2,I-495;I-70;I-76,CAPITAL_BELTWAY_S;DC;PENNSYLVANIA;PITTSBURGH,T1,7.6,6.4,12h half-day,7.9,5.1,3.1,not-time-competitive,corridor-specific-rail-check-needed,heuristic-planning
CAPITAL_BELTWAY_S,Capital South,T2,service_stop,PENNSYLVANIA,Harrisburg,T1,national_transfer_hub,121,112,sla-stop-rhythm-ok,3,1,I-495;I-70,CAPITAL_BELTWAY_S;DC;PENNSYLVANIA,T1,3.0,2.5,6h local,4.1,2.3,2.7,time-competitive,corridor-specific-rail-check-needed,heuristic-planning
CAPITAL_BELTWAY_S,Capital South,T2,service_stop,GULFPORT,Gulfport,T1,national_transfer_hub,1449,382,long-gap-review,10,4,I-495;I-70;I-75;I-65;I-10,CAPITAL_BELTWAY_S;DC;PENNSYLVANIA;COLUMBUS;CINCINNATI;LOUISVILLE;NASHVILLE;BHM_APPROACH;MOBILE;GULFPORT,T1,32.9,27.8,36h next-day,29.2,20.6,5.4,not-time-competitive,freight-rail-wins-bulk-road-wins-express,heuristic-planning
CAPITAL_BELTWAY_S,Capital South,T2,service_stop,CORPUS,Corpus Christi,T2,national_transfer_hub,2091,382,long-gap-review,12,7,I-495;I-70;I-75;I-65;I-40;I-30;I-35;I-37,CAPITAL_BELTWAY_S;DC;PENNSYLVANIA;COLUMBUS;CINCINNATI;LOUISVILLE;NASHVILLE;MEM;LITTLE_ROCK;DAL;SAT;CORPUS,T1,47.7,40.4,48h two-day,42.0,29.8,6.7,not-time-competitive,freight-rail-wins-bulk-road-wins-express,heuristic-planning
JOPLIN,Joplin,T2,service_stop,HAGERSTOWN,Hagerstown,T2,service_stop,2176,382,long-gap-review,11,7,I-49;I-20;I-30;I-40;I-65;I-75;I-70;I-81,JOPLIN;SHV;DAL;LITTLE_ROCK;MEM;NASHVILLE;LOUISVILLE;CINCINNATI;COLUMBUS;PENNSYLVANIA;HAGERSTOWN,T1,49.5,41.9,48h two-day,43.5,30.9,6.9,not-time-competitive,freight-rail-wins-bulk-road-wins-express,heuristic-planning
JOPLIN,Joplin,T2,service_stop,STL,St. Louis,T1,national_transfer_hub,445,281,long-gap-review,3,1,I-49;I-70,JOPLIN;KC;STL,T1,9.9,8.4,12h half-day,9.9,6.6,3.4,not-time-competitive,corridor-specific-rail-check-needed,heuristic-planning
JOPLIN,Joplin,T2,service_stop,PITTSBURGH,Pittsburgh,T2,service_stop,2202,428,needs-intermediate-stops,10,6,I-49;I-20;I-30;I-22;I-20;I-85;I-77,JOPLIN;SHV;DAL;LITTLE_ROCK;MEM;BHM_APPROACH;ATL;GREENVILLE;CLT;PITTSBURGH,T1,49.6,42.0,48h two-day,43.6,31.1,6.9,not-time-competitive,freight-rail-wins-bulk-road-wins-express,heuristic-planning
JOPLIN,Joplin,T2,service_stop,PENNSYLVANIA,Harrisburg,T1,national_transfer_hub,2103,382,long-gap-review,10,6,I-49;I-20;I-30;I-40;I-65;I-75;I-70,JOPLIN;SHV;DAL;LITTLE_ROCK;MEM;NASHVILLE;LOUISVILLE;CINCINNATI;COLUMBUS;PENNSYLVANIA,T1,47.5,40.2,48h two-day,41.8,29.7,6.7,not-time-competitive,freight-rail-wins-bulk-road-wins-express,heuristic-planning
JOPLIN,Joplin,T2,service_stop,GULFPORT,Gulfport,T2,national_transfer_hub,1553,374,long-gap-review,8,4,I-49;I-20;I-35;I-10;US90,JOPLIN;SHV;DAL;SAT;HOU;BEAUMONT;LAFAYETTE;GULFPORT,T1,34.9,29.6,36h next-day,31.1,22.0,5.6,not-time-competitive,freight-rail-wins-bulk-road-wins-express,heuristic-planning
JOPLIN,Joplin,T2,service_stop,CORPUS,Corpus Christi,T2,national_transfer_hub,1036,374,long-gap-review,5,3,I-49;I-20;I-35;I-37,JOPLIN;SHV;DAL;SAT;CORPUS,T1,23.3,19.8,24h overnight,21.4,14.9,4.6,not-time-competitive,freight-rail-wins-bulk-road-wins-express,heuristic-planning
ROANOKE,Roanoke,T2,service_stop,HAGERSTOWN,Hagerstown,T2,service_stop,240,240,sla-stop-rhythm-ok,2,0,I-81,ROANOKE;HAGERSTOWN,T2,5.1,4.4,6h local,5.9,3.7,3.0,near-competitive-short-haul,rail-often-absent-road-flexibility-case,heuristic-planning
HAGERSTOWN,Hagerstown,T2,service_stop,PENNSYLVANIA,Harrisburg,T2,national_transfer_hub,73,73,sla-stop-rhythm-ok,2,0,I-81,HAGERSTOWN;PENNSYLVANIA,T2,1.6,1.3,6h local,2.8,1.5,2.6,time-competitive,rail-often-absent-road-flexibility-case,heuristic-planning
STL,St. Louis,T1,national_transfer_hub,PITTSBURGH,Pittsburgh,T2,service_stop,1047,382,long-gap-review,5,1,I-70;I-76,STL;INDY_APPROACH;COLUMBUS;PENNSYLVANIA;PITTSBURGH,T1,22.9,19.5,24h overnight,20.9,14.7,4.6,not-time-competitive,freight-rail-wins-bulk-road-wins-express,heuristic-planning
STL,St. Louis,T1,national_transfer_hub,PENNSYLVANIA,Harrisburg,T1,national_transfer_hub,852,382,long-gap-review,4,0,I-70,STL;INDY_APPROACH;COLUMBUS;PENNSYLVANIA,T1,18.3,15.6,24h overnight,17.0,11.9,4.2,not-time-competitive,freight-rail-wins-bulk-road-wins-express,heuristic-planning
STL,St. Louis,T1,national_transfer_hub,GULFPORT,Gulfport,T1,national_transfer_hub,1415,272,long-gap-review,9,3,I-70;I-75;I-65;I-10,STL;INDY_APPROACH;COLUMBUS;CINCINNATI;LOUISVILLE;NASHVILLE;BHM_APPROACH;MOBILE;GULFPORT,T1,31.7,26.9,36h next-day,28.3,20.0,5.3,not-time-competitive,freight-rail-wins-bulk-road-wins-express,heuristic-planning
STL,St. Louis,T1,national_transfer_hub,CORPUS,Corpus Christi,T2,national_transfer_hub,2057,345,long-gap-review,11,6,I-70;I-75;I-65;I-40;I-30;I-35;I-37,STL;INDY_APPROACH;COLUMBUS;CINCINNATI;LOUISVILLE;NASHVILLE;MEM;LITTLE_ROCK;DAL;SAT;CORPUS,T1,46.6,39.4,48h two-day,41.0,29.1,6.6,not-time-competitive,freight-rail-wins-bulk-road-wins-express,heuristic-planning
PITTSBURGH,Pittsburgh,T2,service_stop,PENNSYLVANIA,Harrisburg,T2,national_transfer_hub,194,194,sla-stop-rhythm-ok,2,0,I-76,PITTSBURGH;PENNSYLVANIA,T2,4.1,3.5,6h local,5.0,3.1,2.9,near-competitive-short-haul,rail-often-absent-road-flexibility-case,heuristic-planning
PENNSYLVANIA,Harrisburg,T1,national_transfer_hub,GULFPORT,Gulfport,T1,national_transfer_hub,1327,382,long-gap-review,8,3,I-70;I-75;I-65;I-10,PENNSYLVANIA;COLUMBUS;CINCINNATI;LOUISVILLE;NASHVILLE;BHM_APPROACH;MOBILE;GULFPORT,T1,29.8,25.2,36h next-day,26.7,18.8,5.2,not-time-competitive,freight-rail-wins-bulk-road-wins-express,heuristic-planning
PENNSYLVANIA,Harrisburg,T1,national_transfer_hub,CORPUS,Corpus Christi,T2,national_transfer_hub,1970,382,long-gap-review,10,6,I-70;I-75;I-65;I-40;I-30;I-35;I-37,PENNSYLVANIA;COLUMBUS;CINCINNATI;LOUISVILLE;NASHVILLE;MEM;LITTLE_ROCK;DAL;SAT;CORPUS,T1,44.6,37.8,48h two-day,39.4,28.0,6.4,not-time-competitive,freight-rail-wins-bulk-road-wins-express,heuristic-planning
GULFPORT,Gulfport,T2,national_transfer_hub,CORPUS,Corpus Christi,T2,national_transfer_hub,824,223,sla-stop-rhythm-ok,6,2,US90;I-10;I-37,GULFPORT;LAFAYETTE;BEAUMONT;HOU;SAT;CORPUS,T1,18.5,15.7,24h overnight,17.2,11.9,4.1,not-time-competitive,freight-rail-wins-bulk-road-wins-express,heuristic-planning
