GEOID,NAME,STATE,LAT,LON,NEAREST_MI,POPULATION,LAND_SQMI,GAP_CLASS,ARTIFACT_REASON
02016,Aleutians West Census Area,AK,51.9490,179.6212,2532.9,5219,4393,non_conus,outside_contiguous_us_threshold_model
02180,Nome Census Area,AK,64.7837,-164.1889,1931.3,10018,22970,non_conus,outside_contiguous_us_threshold_model
02188,Northwest Arctic Borough,AK,67.0051,-160.0211,1877.6,7682,35663,non_conus,outside_contiguous_us_threshold_model
02158,Kusilvak Census Area,AK,62.2836,-163.1902,1856.6,8372,17077,non_conus,outside_contiguous_us_threshold_model
02185,North Slope Borough,AK,69.4493,-153.4728,1825.4,10924,88824,non_conus,outside_contiguous_us_threshold_model
02013,Aleutians East Borough,AK,55.2450,-161.9975,1755.8,3407,6986,non_conus,outside_contiguous_us_threshold_model
02050,Bethel Census Area,AK,60.9291,-160.1526,1737.5,18538,40639,non_conus,outside_contiguous_us_threshold_model
02070,Dillingham Census Area,AK,59.5433,-158.2671,1652.1,4854,18334,non_conus,outside_contiguous_us_threshold_model
02290,Yukon-Koyukuk Census Area,AK,65.3757,-151.5779,1617.7,5355,145582,non_conus,outside_contiguous_us_threshold_model
02060,Bristol Bay Borough,AK,58.7417,-156.9668,1594.7,854,482,non_conus,outside_contiguous_us_threshold_model
02164,Lake and Peninsula Borough,AK,58.1085,-156.4134,1565.7,999,23832,non_conus,outside_contiguous_us_threshold_model
02068,Denali Borough,AK,63.6820,-150.0270,1514.4,2101,12641,non_conus,outside_contiguous_us_threshold_model
02122,Kenai Peninsula Borough,AK,60.3667,-152.3223,1473.5,59235,16018,non_conus,outside_contiguous_us_threshold_model
02090,Fairbanks North Star Borough,AK,64.6705,-146.4961,1470.3,96299,7335,non_conus,outside_contiguous_us_threshold_model
02150,Kodiak Island Borough,AK,57.7044,-153.9184,1470.2,13065,6689,non_conus,outside_contiguous_us_threshold_model
02170,Matanuska-Susitna Borough,AK,62.2656,-149.5040,1448.7,108661,24707,non_conus,outside_contiguous_us_threshold_model
02020,Anchorage Municipality,AK,61.1743,-149.2843,1405.0,290674,1707,non_conus,outside_contiguous_us_threshold_model
02240,Southeast Fairbanks Census Area,AK,63.8650,-143.2186,1360.3,6888,24832,non_conus,outside_contiguous_us_threshold_model
02066,Copper River Census Area,AK,62.0345,-143.9222,1292.1,2614,24692,non_conus,outside_contiguous_us_threshold_model
02063,Chugach Census Area,AK,60.4885,-146.2031,1291.5,7000,9530,non_conus,outside_contiguous_us_threshold_model
02282,Yakutat City and Borough,AK,60.0175,-140.4168,1112.5,564,7625,non_conus,outside_contiguous_us_threshold_model
02230,Skagway Municipality,AK,59.5604,-135.3383,967.2,1303,434,non_conus,outside_contiguous_us_threshold_model
02100,Haines Borough,AK,59.0984,-135.5758,948.0,2079,2344,non_conus,outside_contiguous_us_threshold_model
02105,Hoonah-Angoon Census Area,AK,58.4033,-135.8849,919.7,2329,6560,non_conus,outside_contiguous_us_threshold_model
02110,Juneau City and Borough,AK,58.3729,-134.1784,877.4,32108,2704,non_conus,outside_contiguous_us_threshold_model
02220,Sitka City and Borough,AK,57.1932,-135.3674,846.8,8462,2870,non_conus,outside_contiguous_us_threshold_model
02195,Petersburg Borough,AK,57.1125,-133.0086,782.7,3374,2901,non_conus,outside_contiguous_us_threshold_model
02198,Prince of Wales-Hyder Census Area,AK,55.6828,-133.1624,713.6,5799,5268,non_conus,outside_contiguous_us_threshold_model
02275,Wrangell City and Borough,AK,56.1808,-132.0268,709.3,2134,2556,non_conus,outside_contiguous_us_threshold_model
02130,Ketchikan Gateway Borough,AK,55.4499,-131.1067,647.6,13910,4857,non_conus,outside_contiguous_us_threshold_model
23003,Aroostook County,ME,46.7092,-68.6124,261.1,67237,6671,centroid_artifact_risk,large_county_internal_point_may_overstate_access_gap
23029,Washington County,ME,44.9670,-67.6094,202.4,31096,2563,candidate_access_gap,county_centroid_beyond_threshold
23021,Piscataquis County,ME,45.9156,-69.1022,201.7,16936,3961,candidate_access_gap,county_centroid_beyond_threshold
04019,Pima County,AZ,32.1280,-111.7837,189.3,1042393,9189,centroid_artifact_risk,large_county_internal_point_may_overstate_access_gap
38023,Divide County,ND,48.8148,-103.5093,186.3,2195,1261,candidate_access_gap,county_centroid_beyond_threshold
23019,Penobscot County,ME,45.4093,-68.6666,184.2,152640,3397,candidate_access_gap,county_centroid_beyond_threshold
30091,Sheridan County,MT,48.7056,-104.5339,183.2,3700,1677,candidate_access_gap,county_centroid_beyond_threshold
26083,Keweenaw County,MI,47.3673,-88.3513,181.6,2088,540,candidate_access_gap,county_centroid_beyond_threshold
30019,Daniels County,MT,48.7944,-105.5417,175.3,1535,1426,candidate_access_gap,county_centroid_beyond_threshold
32033,White Pine County,NV,39.4182,-114.9006,166.5,8997,8887,centroid_artifact_risk,large_county_internal_point_may_overstate_access_gap
38105,Williams County,ND,48.3558,-103.5013,164.2,39076,2078,candidate_access_gap,county_centroid_beyond_threshold
32023,Nye County,NV,37.9659,-116.4590,163.9,51698,18182,centroid_artifact_risk,large_county_internal_point_may_overstate_access_gap
31113,Logan County,NE,41.5422,-100.4437,163.7,839,571,candidate_access_gap,county_centroid_beyond_threshold
26095,Luce County,MI,46.5110,-85.5176,162.4,5442,899,candidate_access_gap,county_centroid_beyond_threshold
31041,Custer County,NE,41.3939,-99.7269,162.1,10566,2575,candidate_access_gap,county_centroid_beyond_threshold
31117,McPherson County,NE,41.6484,-101.1209,160.9,456,859,candidate_access_gap,county_centroid_beyond_threshold
23025,Somerset County,ME,45.5036,-69.9561,159.0,50656,3924,candidate_access_gap,county_centroid_beyond_threshold
30071,Phillips County,MT,48.2501,-107.9289,158.9,4233,5140,centroid_artifact_risk,large_county_internal_point_may_overstate_access_gap
38013,Burke County,ND,48.7865,-102.5201,157.7,2184,1104,candidate_access_gap,county_centroid_beyond_threshold
26061,Houghton County,MI,46.9984,-88.6519,157.3,37414,1009,candidate_access_gap,county_centroid_beyond_threshold
23009,Hancock County,ME,44.5649,-68.3707,156.0,55851,1587,candidate_access_gap,county_centroid_beyond_threshold
31075,Grant County,NE,41.9140,-101.7560,154.9,649,777,candidate_access_gap,county_centroid_beyond_threshold
06027,Inyo County,CA,36.5622,-117.4042,151.3,18829,10197,centroid_artifact_risk,large_county_internal_point_may_overstate_access_gap
04021,Pinal County,AZ,32.9185,-111.3663,150.9,433338,5367,centroid_artifact_risk,large_county_internal_point_may_overstate_access_gap
32009,Esmeralda County,NV,37.7790,-117.6324,148.3,980,3582,candidate_access_gap,county_centroid_beyond_threshold
30085,Roosevelt County,MT,48.2827,-104.9952,148.0,10799,2355,candidate_access_gap,county_centroid_beyond_threshold
31005,Arthur County,NE,41.5719,-101.6959,146.0,485,715,candidate_access_gap,county_centroid_beyond_threshold
31115,Loup County,NE,41.9028,-99.5093,145.4,629,563,candidate_access_gap,county_centroid_beyond_threshold
04023,Santa Cruz County,AZ,31.5257,-110.8452,144.9,47838,1236,candidate_access_gap,county_centroid_beyond_threshold
30105,Valley County,MT,48.3499,-106.6704,144.3,7552,4926,candidate_access_gap,county_centroid_beyond_threshold
26003,Alger County,MI,46.5217,-86.6571,144.1,8866,915,candidate_access_gap,county_centroid_beyond_threshold
38079,Rolette County,ND,48.7683,-99.8405,143.0,12292,903,candidate_access_gap,county_centroid_beyond_threshold
31091,Hooker County,NE,41.9203,-101.1173,142.7,659,721,candidate_access_gap,county_centroid_beyond_threshold
31171,Thomas County,NE,41.8557,-100.5247,142.2,592,713,candidate_access_gap,county_centroid_beyond_threshold
08067,La Plata County,CO,37.2874,-107.8397,141.8,55983,1690,candidate_access_gap,county_centroid_beyond_threshold
26033,Chippewa County,MI,46.3218,-84.5206,139.7,36670,1559,candidate_access_gap,county_centroid_beyond_threshold
20189,Stevens County,KS,37.2017,-101.3173,139.1,5275,727,candidate_access_gap,county_centroid_beyond_threshold
26103,Marquette County,MI,46.6566,-87.5840,138.6,66376,1809,candidate_access_gap,county_centroid_beyond_threshold
31009,Blaine County,NE,41.9319,-99.9964,138.0,384,711,candidate_access_gap,county_centroid_beyond_threshold
31111,Lincoln County,NE,41.0503,-100.7445,137.4,34532,2564,candidate_access_gap,county_centroid_beyond_threshold
38009,Bottineau County,ND,48.7944,-100.8313,137.3,6411,1669,candidate_access_gap,county_centroid_beyond_threshold
38075,Renville County,ND,48.7128,-101.6582,137.2,2282,877,candidate_access_gap,county_centroid_beyond_threshold
38053,McKenzie County,ND,47.7425,-103.4032,136.9,14081,2760,candidate_access_gap,county_centroid_beyond_threshold
26097,Mackinac County,MI,46.1679,-85.3038,136.6,10843,1022,candidate_access_gap,county_centroid_beyond_threshold
26013,Baraga County,MI,46.6959,-88.3618,136.1,8245,898,candidate_access_gap,county_centroid_beyond_threshold
20129,Morton County,KS,37.1852,-101.8095,135.0,2688,730,candidate_access_gap,county_centroid_beyond_threshold
26131,Ontonagon County,MI,46.8353,-89.2769,133.7,5862,1311,candidate_access_gap,county_centroid_beyond_threshold
31071,Garfield County,NE,41.9069,-98.9513,133.0,1833,569,candidate_access_gap,county_centroid_beyond_threshold
20175,Seward County,KS,37.1810,-100.8553,133.0,21942,640,candidate_access_gap,county_centroid_beyond_threshold
35045,San Juan County,NM,36.5116,-108.3246,132.7,121798,5517,centroid_artifact_risk,large_county_internal_point_may_overstate_access_gap
31101,Keith County,NE,41.1942,-101.6444,130.6,8303,1062,candidate_access_gap,county_centroid_beyond_threshold
08083,Montezuma County,CO,37.3380,-108.5958,130.5,26070,2029,candidate_access_gap,county_centroid_beyond_threshold
26153,Schoolcraft County,MI,46.0211,-86.1970,129.3,8062,1172,candidate_access_gap,county_centroid_beyond_threshold
31175,Valley County,NE,41.5641,-98.9835,129.0,4053,568,candidate_access_gap,county_centroid_beyond_threshold
31047,Dawson County,NE,40.8678,-99.8156,128.6,24037,1014,candidate_access_gap,county_centroid_beyond_threshold
30083,Richland County,MT,47.7856,-104.5634,127.6,11366,2085,candidate_access_gap,county_centroid_beyond_threshold
38087,Slope County,ND,46.4458,-103.4625,127.5,837,1215,candidate_access_gap,county_centroid_beyond_threshold
30005,Blaine County,MT,48.4283,-108.9676,127.2,7030,4228,candidate_access_gap,county_centroid_beyond_threshold
06107,Tulare County,CA,36.2288,-118.7811,126.5,473446,4824,candidate_access_gap,county_centroid_beyond_threshold
08053,Hinsdale County,CO,37.8115,-107.3840,126.2,911,1117,candidate_access_gap,county_centroid_beyond_threshold
31069,Garden County,NE,41.6334,-102.3030,125.9,1778,1705,candidate_access_gap,county_centroid_beyond_threshold
41037,Lake County,OR,42.7884,-120.3898,125.8,8201,8139,centroid_artifact_risk,large_county_internal_point_may_overstate_access_gap
31019,Buffalo County,NE,40.8553,-99.0750,123.7,50103,968,candidate_access_gap,county_centroid_beyond_threshold
20119,Meade County,KS,37.2439,-100.3601,123.5,4019,978,candidate_access_gap,county_centroid_beyond_threshold
32007,Elko County,NV,41.1411,-115.3514,123.2,53600,17173,centroid_artifact_risk,large_county_internal_point_may_overstate_access_gap
23027,Waldo County,ME,44.5058,-69.1390,123.1,39772,730,candidate_access_gap,county_centroid_beyond_threshold
08111,San Juan County,CO,37.7810,-107.6703,122.9,690,388,candidate_access_gap,county_centroid_beyond_threshold
20187,Stanton County,KS,37.5659,-101.7894,122.7,2060,680,candidate_access_gap,county_centroid_beyond_threshold
31089,Holt County,NE,42.4593,-98.7848,122.6,10149,2412,candidate_access_gap,county_centroid_beyond_threshold
41025,Harney County,OR,43.0644,-118.9872,122.3,7496,10134,centroid_artifact_risk,large_county_internal_point_may_overstate_access_gap
38095,Towner County,ND,48.6822,-99.2482,121.9,2152,1025,candidate_access_gap,county_centroid_beyond_threshold
31163,Sherman County,NE,41.2187,-98.9728,121.2,2970,566,candidate_access_gap,county_centroid_beyond_threshold
08079,Mineral County,CO,37.5491,-107.0032,121.2,794,876,candidate_access_gap,county_centroid_beyond_threshold
38061,Mountrail County,ND,48.2101,-102.3649,120.6,9648,1825,candidate_access_gap,county_centroid_beyond_threshold
38007,Billings County,ND,47.0070,-103.3640,120.5,839,1148,candidate_access_gap,county_centroid_beyond_threshold
35005,Chaves County,NM,33.3616,-104.4698,120.3,64701,6067,centroid_artifact_risk,large_county_internal_point_may_overstate_access_gap
20067,Grant County,KS,37.5475,-101.2994,119.6,7336,575,candidate_access_gap,county_centroid_beyond_threshold
56035,Sublette County,WY,42.7679,-109.9162,119.0,8801,4886,candidate_access_gap,county_centroid_beyond_threshold
04013,Maricopa County,AZ,33.3452,-112.4989,118.5,4430871,9202,centroid_artifact_risk,large_county_internal_point_may_overstate_access_gap
38033,Golden Valley County,ND,46.9389,-103.8446,118.4,1734,1001,candidate_access_gap,county_centroid_beyond_threshold
53047,Okanogan County,WA,48.5485,-119.7422,117.8,42336,5266,centroid_artifact_risk,large_county_internal_point_may_overstate_access_gap
23007,Franklin County,ME,44.9767,-70.4149,117.7,29839,1697,candidate_access_gap,county_centroid_beyond_threshold
31161,Sheridan County,NE,42.5123,-102.3683,117.0,5102,2440,candidate_access_gap,county_centroid_beyond_threshold
31149,Rock County,NE,42.3947,-99.4209,115.1,1312,1008,candidate_access_gap,county_centroid_beyond_threshold
31099,Kearney County,NE,40.5091,-98.9476,113.1,6655,516,candidate_access_gap,county_centroid_beyond_threshold
36019,Clinton County,NY,44.7527,-73.7056,112.4,79839,1038,candidate_access_gap,county_centroid_beyond_threshold
06071,San Bernardino County,CA,34.8567,-116.1816,112.4,2180563,20068,centroid_artifact_risk,large_county_internal_point_may_overstate_access_gap
32017,Lincoln County,NV,37.6346,-114.8630,112.3,4507,10633,centroid_artifact_risk,large_county_internal_point_may_overstate_access_gap
49053,Washington County,UT,37.2625,-113.4878,112.1,183297,2428,candidate_access_gap,county_centroid_beyond_threshold
31183,Wheeler County,NE,41.9226,-98.5209,111.9,771,575,candidate_access_gap,county_centroid_beyond_threshold
38011,Bowman County,ND,46.1101,-103.5059,111.6,2975,1162,candidate_access_gap,county_centroid_beyond_threshold
36033,Franklin County,NY,44.5944,-74.3107,111.4,47459,1629,candidate_access_gap,county_centroid_beyond_threshold
46035,Davison County,SD,43.6804,-98.1559,111.4,19966,436,candidate_access_gap,county_centroid_beyond_threshold
26053,Gogebic County,MI,46.4881,-89.7883,111.2,14597,1102,candidate_access_gap,county_centroid_beyond_threshold
40025,Cimarron County,OK,36.7484,-102.5177,109.8,2272,1835,candidate_access_gap,county_centroid_beyond_threshold
31017,Brown County,NE,42.3596,-99.9239,109.5,2691,1221,candidate_access_gap,county_centroid_beyond_threshold
23013,Knox County,ME,44.0420,-69.0385,109.4,40729,365,candidate_access_gap,county_centroid_beyond_threshold
08007,Archuleta County,CO,37.2024,-107.0509,109.4,13509,1350,candidate_access_gap,county_centroid_beyond_threshold
30053,Lincoln County,MT,48.5524,-115.4632,109.4,20157,3613,candidate_access_gap,county_centroid_beyond_threshold
20081,Haskell County,KS,37.5550,-100.8800,108.9,3735,578,candidate_access_gap,county_centroid_beyond_threshold
08009,Baca County,CO,37.3098,-102.5437,108.9,3496,2555,candidate_access_gap,county_centroid_beyond_threshold
06019,Fresno County,CA,36.7610,-119.6550,108.7,1008280,5958,centroid_artifact_risk,large_county_internal_point_may_overstate_access_gap
31137,Phelps County,NE,40.5164,-99.4066,108.7,8966,540,candidate_access_gap,county_centroid_beyond_threshold
49025,Kane County,UT,37.2751,-111.8153,108.3,7814,3994,candidate_access_gap,county_centroid_beyond_threshold
31077,Greeley County,NE,41.5676,-98.5306,108.0,2212,570,candidate_access_gap,county_centroid_beyond_threshold
46061,Hanson County,SD,43.6806,-97.7968,107.9,3443,435,candidate_access_gap,county_centroid_beyond_threshold
27031,Cook County,MN,47.7586,-90.3443,107.9,5611,1453,candidate_access_gap,county_centroid_beyond_threshold
31135,Perkins County,NE,40.8576,-101.6275,107.9,2860,883,candidate_access_gap,county_centroid_beyond_threshold
26029,Charlevoix County,MI,45.6186,-85.5437,107.5,26174,416,candidate_access_gap,county_centroid_beyond_threshold
04025,Yavapai County,AZ,34.6311,-112.5772,107.4,237830,8123,centroid_artifact_risk,large_county_internal_point_may_overstate_access_gap
40059,Harper County,OK,36.8004,-99.6628,107.3,3272,1039,candidate_access_gap,county_centroid_beyond_threshold
32011,Eureka County,NV,39.9778,-116.2722,107.3,1622,4176,candidate_access_gap,county_centroid_beyond_threshold
38069,Pierce County,ND,48.2389,-99.9665,106.7,3999,1018,candidate_access_gap,county_centroid_beyond_threshold
46043,Douglas County,SD,43.3915,-98.3584,106.6,2823,432,candidate_access_gap,county_centroid_beyond_threshold
31015,Boyd County,NE,42.8944,-98.7730,106.5,1767,539,candidate_access_gap,county_centroid_beyond_threshold
40139,Texas County,OK,36.7463,-101.4839,106.4,21144,2041,candidate_access_gap,county_centroid_beyond_threshold
49021,Iron County,UT,37.9093,-113.3067,105.8,58068,3296,candidate_access_gap,county_centroid_beyond_threshold
56013,Fremont County,WY,43.0548,-108.6089,105.5,39402,9184,centroid_artifact_risk,large_county_internal_point_may_overstate_access_gap
40007,Beaver County,OK,36.7483,-100.4831,105.2,5071,1815,candidate_access_gap,county_centroid_beyond_threshold
41013,Crook County,OR,44.1631,-120.3716,105.1,24987,2979,candidate_access_gap,county_centroid_beyond_threshold
08033,Dolores County,CO,37.7338,-108.5062,105.1,2329,1067,candidate_access_gap,county_centroid_beyond_threshold
31063,Frontier County,NE,40.5309,-100.4067,105.0,2491,975,candidate_access_gap,county_centroid_beyond_threshold
46045,Edmunds County,SD,45.4117,-99.2054,104.8,4014,1126,candidate_access_gap,county_centroid_beyond_threshold
16061,Lewis County,ID,46.2363,-116.4238,104.6,3630,479,candidate_access_gap,county_centroid_beyond_threshold
31073,Gosper County,NE,40.5091,-99.8232,104.1,1873,458,candidate_access_gap,county_centroid_beyond_threshold
30035,Glacier County,MT,48.7057,-112.9905,103.6,13781,2995,candidate_access_gap,county_centroid_beyond_threshold
38101,Ward County,ND,48.2167,-101.5405,102.9,69532,2013,candidate_access_gap,county_centroid_beyond_threshold
46129,Walworth County,SD,45.4276,-100.0279,102.8,5317,707,candidate_access_gap,county_centroid_beyond_threshold
50013,Grand Isle County,VT,44.8018,-73.3008,102.6,7335,82,candidate_access_gap,county_centroid_beyond_threshold
06049,Modoc County,CA,41.5929,-120.7184,101.8,8651,3948,candidate_access_gap,county_centroid_beyond_threshold
20025,Clark County,KS,37.2338,-99.8139,101.6,1977,975,candidate_access_gap,county_centroid_beyond_threshold
46023,Charles Mix County,SD,43.2062,-98.5951,101.2,9302,1097,candidate_access_gap,county_centroid_beyond_threshold
26089,Leelanau County,MI,45.1462,-86.0516,101.1,22426,347,candidate_access_gap,county_centroid_beyond_threshold
48465,Val Verde County,TX,29.8753,-101.1433,101.0,47693,3145,candidate_access_gap,county_centroid_beyond_threshold
56017,Hot Springs County,WY,43.7202,-108.4351,100.7,4616,2004,candidate_access_gap,county_centroid_beyond_threshold
30109,Wibaux County,MT,46.9630,-104.2745,100.6,1119,890,candidate_access_gap,county_centroid_beyond_threshold
29153,Ozark County,MO,36.6496,-92.4585,100.5,8688,745,candidate_access_gap,county_centroid_beyond_threshold
31049,Deuel County,NE,41.1119,-102.3326,100.5,1858,440,candidate_access_gap,county_centroid_beyond_threshold
30027,Fergus County,MT,47.2218,-109.2330,100.0,11496,4339,candidate_access_gap,county_centroid_beyond_threshold
26071,Iron County,MI,46.1703,-88.5405,99.9,11585,1166,candidate_access_gap,county_centroid_beyond_threshold
46049,Faulk County,SD,45.0655,-99.1536,99.7,2140,982,candidate_access_gap,county_centroid_beyond_threshold
29067,Douglas County,MO,36.9465,-92.5159,99.5,11803,814,candidate_access_gap,county_centroid_beyond_threshold
16037,Custer County,ID,44.2734,-114.2523,99.4,4344,4922,candidate_access_gap,county_centroid_beyond_threshold
16049,Idaho County,ID,45.8496,-115.4673,99.2,16787,8477,centroid_artifact_risk,large_county_internal_point_may_overstate_access_gap
38019,Cavalier County,ND,48.7684,-98.4638,99.0,3691,1489,candidate_access_gap,county_centroid_beyond_threshold
38049,McHenry County,ND,48.2338,-100.6333,98.9,5326,1874,candidate_access_gap,county_centroid_beyond_threshold
08091,Ouray County,CO,38.1547,-107.7885,98.9,4936,541,candidate_access_gap,county_centroid_beyond_threshold
31085,Hayes County,NE,40.5372,-101.0480,98.8,919,713,candidate_access_gap,county_centroid_beyond_threshold
31031,Cherry County,NE,42.5713,-101.0477,98.7,5473,5960,centroid_artifact_risk,large_county_internal_point_may_overstate_access_gap
46087,McCook County,SD,43.6804,-97.3580,98.5,5714,574,candidate_access_gap,county_centroid_beyond_threshold
31013,Box Butte County,NE,42.2104,-103.0818,98.4,10778,1075,candidate_access_gap,county_centroid_beyond_threshold
46137,Ziebach County,SD,44.9898,-101.6608,98.1,2455,1961,candidate_access_gap,county_centroid_beyond_threshold
31093,Howard County,NE,41.2169,-98.5133,98.0,6476,569,candidate_access_gap,county_centroid_beyond_threshold
48323,Maverick County,TX,28.7298,-100.3167,97.9,57806,1279,candidate_access_gap,county_centroid_beyond_threshold
35031,McKinley County,NM,35.5841,-108.2533,97.9,72073,5451,centroid_artifact_risk,large_county_internal_point_may_overstate_access_gap
16059,Lemhi County,ID,44.9285,-113.8870,97.9,8043,4564,candidate_access_gap,county_centroid_beyond_threshold
30041,Hill County,MT,48.6320,-110.1063,97.2,16238,2899,candidate_access_gap,county_centroid_beyond_threshold
23011,Kennebec County,ME,44.4170,-69.7658,97.1,124003,867,candidate_access_gap,county_centroid_beyond_threshold
50011,Franklin County,VT,44.8590,-72.9094,96.8,50101,631,candidate_access_gap,county_centroid_beyond_threshold
49037,San Juan County,UT,37.6026,-109.7916,96.7,14524,7824,centroid_artifact_risk,large_county_internal_point_may_overstate_access_gap
35015,Eddy County,NM,32.4578,-104.3064,96.7,61264,4176,candidate_access_gap,county_centroid_beyond_threshold
08099,Prowers County,CO,37.9582,-102.3922,96.5,11968,1638,candidate_access_gap,county_centroid_beyond_threshold
06051,Mono County,CA,37.9158,-118.8752,96.3,13219,3049,candidate_access_gap,county_centroid_beyond_threshold
31001,Adams County,NE,40.5206,-98.5000,96.1,31143,563,candidate_access_gap,county_centroid_beyond_threshold
26041,Delta County,MI,45.8052,-86.9019,95.9,36839,1171,candidate_access_gap,county_centroid_beyond_threshold
31123,Morrill County,NE,41.7322,-102.9906,95.7,4562,1424,candidate_access_gap,county_centroid_beyond_threshold
35027,Lincoln County,NM,33.7408,-105.4498,95.0,20222,4831,candidate_access_gap,county_centroid_beyond_threshold
27135,Roseau County,MN,48.7611,-95.8215,94.9,15294,1672,candidate_access_gap,county_centroid_beyond_threshold
38001,Adams County,ND,46.0968,-102.5332,94.9,2190,988,candidate_access_gap,county_centroid_beyond_threshold
31045,Dawes County,NE,42.7130,-103.1354,94.9,8279,1396,candidate_access_gap,county_centroid_beyond_threshold
20093,Kearny County,KS,37.9945,-101.3081,94.8,3964,871,candidate_access_gap,county_centroid_beyond_threshold
55125,Vilas County,WI,46.0498,-89.5013,94.5,23146,858,candidate_access_gap,county_centroid_beyond_threshold
30055,McCone County,MT,47.6296,-105.7572,94.4,1746,2642,candidate_access_gap,county_centroid_beyond_threshold
30069,Petroleum County,MT,47.1419,-108.2266,94.2,416,1656,candidate_access_gap,county_centroid_beyond_threshold
06045,Mendocino County,CA,39.4324,-123.4429,94.2,91145,3507,candidate_access_gap,county_centroid_beyond_threshold
26047,Emmet County,MI,45.5901,-84.9868,93.9,34072,468,candidate_access_gap,county_centroid_beyond_threshold
31079,Hall County,NE,40.8660,-98.5027,93.8,62575,547,candidate_access_gap,county_centroid_beyond_threshold
41017,Deschutes County,OR,43.9151,-121.2256,93.7,199352,3018,candidate_access_gap,county_centroid_beyond_threshold
46111,Sanborn County,SD,44.0189,-98.0917,93.3,2373,569,candidate_access_gap,county_centroid_beyond_threshold
20075,Hamilton County,KS,37.9952,-101.7937,93.2,2520,997,candidate_access_gap,county_centroid_beyond_threshold
30029,Flathead County,MT,48.2954,-114.0521,92.9,105950,5087,centroid_artifact_risk,large_county_internal_point_may_overstate_access_gap
08105,Rio Grande County,CO,37.4859,-106.4531,92.8,11442,912,candidate_access_gap,county_centroid_beyond_threshold
26043,Dickinson County,MI,46.0128,-87.8661,92.7,25937,761,candidate_access_gap,county_centroid_beyond_threshold
46067,Hutchinson County,SD,43.3367,-97.7494,92.6,7401,813,candidate_access_gap,county_centroid_beyond_threshold
40153,Woodward County,OK,36.4256,-99.2737,92.3,20411,1243,candidate_access_gap,county_centroid_beyond_threshold
55051,Iron County,WI,46.3265,-90.2613,92.2,6136,758,candidate_access_gap,county_centroid_beyond_threshold
08011,Bent County,CO,37.9319,-103.0776,92.1,5561,1513,candidate_access_gap,county_centroid_beyond_threshold
29229,Wright County,MO,37.2676,-92.4800,92.1,18475,682,candidate_access_gap,county_centroid_beyond_threshold
38025,Dunn County,ND,47.3546,-102.6123,92.1,4049,2008,candidate_access_gap,county_centroid_beyond_threshold
31181,Webster County,NE,40.1806,-98.4986,92.0,3410,575,candidate_access_gap,county_centroid_beyond_threshold
38005,Benson County,ND,48.0717,-99.3512,91.9,5960,1389,candidate_access_gap,county_centroid_beyond_threshold
35025,Lea County,NM,32.7957,-103.4133,91.9,73103,4392,candidate_access_gap,county_centroid_beyond_threshold
06035,Lassen County,CA,40.7153,-120.6212,91.6,31873,4541,candidate_access_gap,county_centroid_beyond_threshold
36089,St. Lawrence County,NY,44.4881,-75.0743,91.4,108670,2680,candidate_access_gap,county_centroid_beyond_threshold
31061,Franklin County,NE,40.1832,-98.9621,91.3,2901,576,candidate_access_gap,county_centroid_beyond_threshold
56029,Park County,WY,44.4924,-109.5936,91.2,29878,6939,centroid_artifact_risk,large_county_internal_point_may_overstate_access_gap
06039,Madera County,CA,37.2098,-119.7498,90.8,157243,2137,candidate_access_gap,county_centroid_beyond_threshold
08115,Sedgwick County,CO,40.8716,-102.3554,90.7,2391,548,candidate_access_gap,county_centroid_beyond_threshold
27105,Nobles County,MN,43.6777,-95.7631,90.6,22194,715,candidate_access_gap,county_centroid_beyond_threshold
04009,Graham County,AZ,32.9318,-109.8783,90.5,38453,4622,candidate_access_gap,county_centroid_beyond_threshold
46003,Aurora County,SD,43.7247,-98.5776,90.1,2590,708,candidate_access_gap,county_centroid_beyond_threshold
46105,Perkins County,SD,45.4834,-102.4680,90.1,2970,2870,candidate_access_gap,county_centroid_beyond_threshold
20069,Gray County,KS,37.7445,-100.4517,89.9,5719,869,candidate_access_gap,county_centroid_beyond_threshold
30021,Dawson County,MT,47.2661,-104.8983,89.9,8915,2372,candidate_access_gap,county_centroid_beyond_threshold
16069,Nez Perce County,ID,46.3338,-116.7609,89.3,42200,848,candidate_access_gap,county_centroid_beyond_threshold
27077,Lake of the Woods County,MN,48.7681,-94.9046,88.7,3786,1298,candidate_access_gap,county_centroid_beyond_threshold
20057,Ford County,KS,37.6884,-99.8847,88.6,34212,1098,candidate_access_gap,county_centroid_beyond_threshold
46041,Dewey County,SD,45.1480,-100.8380,88.6,5275,2302,candidate_access_gap,county_centroid_beyond_threshold
36031,Essex County,NY,44.1096,-73.7784,88.5,37314,1794,candidate_access_gap,county_centroid_beyond_threshold
08113,San Miguel County,CO,38.0093,-108.4273,88.5,8082,1287,candidate_access_gap,county_centroid_beyond_threshold
16085,Valley County,ID,44.8560,-115.6181,88.4,11830,3665,candidate_access_gap,county_centroid_beyond_threshold
29215,Texas County,MO,37.3143,-91.9645,88.2,24828,1177,candidate_access_gap,county_centroid_beyond_threshold
05005,Baxter County,AR,36.2803,-92.3299,87.9,41801,554,candidate_access_gap,county_centroid_beyond_threshold
08081,Moffat County,CO,40.6109,-108.2172,87.9,13232,4743,candidate_access_gap,county_centroid_beyond_threshold
27117,Pipestone County,MN,44.0154,-96.2570,87.8,9380,465,candidate_access_gap,county_centroid_beyond_threshold
31003,Antelope County,NE,42.1832,-98.0580,87.6,6302,857,candidate_access_gap,county_centroid_beyond_threshold
16021,Boundary County,ID,48.7731,-116.5247,87.6,12335,1269,candidate_access_gap,county_centroid_beyond_threshold
56039,Teton County,WY,44.0487,-110.4261,87.5,23346,3997,candidate_access_gap,county_centroid_beyond_threshold
46073,Jerauld County,SD,44.0634,-98.6232,87.3,1836,526,candidate_access_gap,county_centroid_beyond_threshold
50019,Orleans County,VT,44.8284,-72.2516,87.3,27459,695,candidate_access_gap,county_centroid_beyond_threshold
23015,Lincoln County,ME,43.9948,-69.5136,87.2,35466,456,candidate_access_gap,county_centroid_beyond_threshold
38071,Ramsey County,ND,48.2662,-98.7390,87.1,11613,1185,candidate_access_gap,county_centroid_beyond_threshold
46099,Minnehaha County,SD,43.6675,-96.7957,86.9,197742,807,candidate_access_gap,county_centroid_beyond_threshold
38089,Stark County,ND,46.8170,-102.6620,86.7,32989,1335,candidate_access_gap,county_centroid_beyond_threshold
04007,Gila County,AZ,33.7896,-110.8119,86.6,53419,4758,candidate_access_gap,county_centroid_beyond_threshold
55107,Rusk County,WI,45.4727,-91.1367,86.5,14179,914,candidate_access_gap,county_centroid_beyond_threshold
33007,Coos County,NH,44.6525,-71.2894,86.3,31430,1795,candidate_access_gap,county_centroid_beyond_threshold
31011,Boone County,NE,41.7039,-98.0705,85.8,5397,687,candidate_access_gap,county_centroid_beyond_threshold
28011,Bolivar County,MS,33.7991,-90.8841,85.7,30688,877,candidate_access_gap,county_centroid_beyond_threshold
31083,Harlan County,NE,40.1788,-99.4034,85.5,3094,553,candidate_access_gap,county_centroid_beyond_threshold
26019,Benzie County,MI,44.6368,-86.2320,85.3,18058,320,candidate_access_gap,county_centroid_beyond_threshold
06065,Riverside County,CA,33.7298,-116.0022,85.1,2429487,7209,centroid_artifact_risk,large_county_internal_point_may_overstate_access_gap
31029,Chase County,NE,40.5304,-101.6942,85.1,3704,894,candidate_access_gap,county_centroid_beyond_threshold
46089,McPherson County,SD,45.7842,-99.2114,85.0,2251,1137,candidate_access_gap,county_centroid_beyond_threshold
46009,Bon Homme County,SD,42.9858,-97.8842,84.9,7018,564,candidate_access_gap,county_centroid_beyond_threshold
27133,Rock County,MN,43.6696,-96.2632,84.7,9659,482,candidate_access_gap,county_centroid_beyond_threshold
49001,Beaver County,UT,38.3575,-113.2389,84.6,7102,2583,candidate_access_gap,county_centroid_beyond_threshold
21169,Metcalfe County,KY,36.9924,-85.6335,84.5,10313,290,candidate_access_gap,county_centroid_beyond_threshold
48271,Kinney County,TX,29.3471,-100.4177,84.3,3157,1361,candidate_access_gap,county_centroid_beyond_threshold
48507,Zavala County,TX,28.8647,-99.7598,84.2,9700,1297,candidate_access_gap,county_centroid_beyond_threshold
08095,Phillips County,CO,40.5947,-102.3451,84.1,4493,688,candidate_access_gap,county_centroid_beyond_threshold
32021,Mineral County,NV,38.5166,-118.4163,84.1,4568,3751,candidate_access_gap,county_centroid_beyond_threshold
49009,Daggett County,UT,40.8901,-109.5058,84.0,638,697,candidate_access_gap,county_centroid_beyond_threshold
19059,Dickinson County,IA,43.3896,-95.1961,83.9,17692,381,candidate_access_gap,county_centroid_beyond_threshold
05089,Marion County,AR,36.2667,-92.6786,83.9,16905,597,candidate_access_gap,county_centroid_beyond_threshold
30025,Fallon County,MT,46.3182,-104.4057,83.5,2941,1621,candidate_access_gap,county_centroid_beyond_threshold
31129,Nuckolls County,NE,40.1765,-98.0468,83.1,4092,575,candidate_access_gap,county_centroid_beyond_threshold
06031,Kings County,CA,36.0725,-119.8155,82.8,152515,1391,candidate_access_gap,county_centroid_beyond_threshold
46097,Miner County,SD,44.0215,-97.6081,82.6,2312,570,candidate_access_gap,county_centroid_beyond_threshold
50009,Essex County,VT,44.7240,-71.7327,82.5,5976,662,candidate_access_gap,county_centroid_beyond_threshold
46007,Bennett County,SD,43.1869,-101.6772,82.5,3391,1185,candidate_access_gap,county_centroid_beyond_threshold
08021,Conejos County,CO,37.2134,-106.1764,82.5,7553,1287,candidate_access_gap,county_centroid_beyond_threshold
27101,Murray County,MN,44.0156,-95.7616,82.3,8170,705,candidate_access_gap,county_centroid_beyond_threshold
06023,Humboldt County,CA,40.7067,-123.9262,82.2,136132,3568,candidate_access_gap,county_centroid_beyond_threshold
22111,Union Parish,LA,32.8293,-92.3756,82.1,21049,877,candidate_access_gap,county_centroid_beyond_threshold
48043,Brewster County,TX,29.8090,-103.2525,82.0,9454,6184,centroid_artifact_risk,large_county_internal_point_may_overstate_access_gap
23017,Oxford County,ME,44.4945,-70.7344,81.9,58276,2077,candidate_access_gap,county_centroid_beyond_threshold
35041,Roosevelt County,NM,34.0212,-103.4830,81.8,19142,2446,candidate_access_gap,county_centroid_beyond_threshold
31065,Furnas County,NE,40.1923,-99.9086,81.7,4630,719,candidate_access_gap,county_centroid_beyond_threshold
32015,Lander County,NV,39.9002,-117.0472,81.5,5728,5519,centroid_artifact_risk,large_county_internal_point_may_overstate_access_gap
05049,Fulton County,AR,36.3813,-91.8193,81.5,12183,618,candidate_access_gap,county_centroid_beyond_threshold
46107,Potter County,SD,45.0527,-99.9620,81.4,2587,861,candidate_access_gap,county_centroid_beyond_threshold
38041,Hettinger County,ND,46.4357,-102.4542,81.4,2477,1132,candidate_access_gap,county_centroid_beyond_threshold
26031,Cheboygan County,MI,45.4760,-84.4954,81.3,25709,715,candidate_access_gap,county_centroid_beyond_threshold
31145,Red Willow County,NE,40.1694,-100.4686,81.0,10690,717,candidate_access_gap,county_centroid_beyond_threshold
46021,Campbell County,SD,45.7856,-100.0021,80.9,1534,734,candidate_access_gap,county_centroid_beyond_threshold
46101,Moody County,SD,44.0124,-96.6761,80.8,6346,519,candidate_access_gap,county_centroid_beyond_threshold
46059,Hand County,SD,44.5467,-99.0046,80.5,3075,1437,candidate_access_gap,county_centroid_beyond_threshold
48347,Nacogdoches County,TX,31.6206,-94.6202,80.5,64768,946,candidate_access_gap,county_centroid_beyond_threshold
31033,Cheyenne County,NE,41.2142,-103.0119,80.4,9489,1196,candidate_access_gap,county_centroid_beyond_threshold
48405,San Augustine County,TX,31.3824,-94.1632,80.4,7920,531,candidate_access_gap,county_centroid_beyond_threshold
48111,Dallam County,TX,36.2864,-102.5940,80.3,7165,1503,candidate_access_gap,county_centroid_beyond_threshold
48403,Sabine County,TX,31.3433,-93.8519,80.2,9980,492,candidate_access_gap,county_centroid_beyond_threshold
05139,Union County,AR,33.1682,-92.5981,80.1,38815,1039,candidate_access_gap,county_centroid_beyond_threshold
26141,Presque Isle County,MI,45.2524,-83.4323,80.1,13083,659,candidate_access_gap,county_centroid_beyond_threshold
29091,Howell County,MO,36.7744,-91.8874,79.9,39960,927,candidate_access_gap,county_centroid_beyond_threshold
28133,Sunflower County,MS,33.6055,-90.5951,79.4,25867,698,candidate_access_gap,county_centroid_beyond_threshold
46031,Corson County,SD,45.6857,-101.1797,79.3,3906,2470,candidate_access_gap,county_centroid_beyond_threshold
04005,Coconino County,AZ,35.8297,-111.7737,79.2,144705,18616,centroid_artifact_risk,large_county_internal_point_may_overstate_access_gap
31087,Hitchcock County,NE,40.1769,-101.0442,79.2,2620,710,candidate_access_gap,county_centroid_beyond_threshold
55037,Florence County,WI,45.8718,-88.4070,79.2,4574,488,candidate_access_gap,county_centroid_beyond_threshold
40151,Woods County,OK,36.7270,-98.8636,79.1,8661,1286,candidate_access_gap,county_centroid_beyond_threshold
06029,Kern County,CA,35.3466,-118.7295,79.0,906883,8135,centroid_artifact_risk,large_county_internal_point_may_overstate_access_gap
05003,Ashley County,AR,33.1908,-91.7723,78.8,19018,925,candidate_access_gap,county_centroid_beyond_threshold
38067,Pembina County,ND,48.7669,-97.5454,78.6,6853,1119,candidate_access_gap,county_centroid_beyond_threshold
31103,Keya Paha County,NE,42.8755,-99.7184,78.6,987,773,candidate_access_gap,county_centroid_beyond_threshold
46005,Beadle County,SD,44.4183,-98.2794,78.5,19089,1259,candidate_access_gap,county_centroid_beyond_threshold
04011,Greenlee County,AZ,33.2389,-109.2423,78.5,9483,1843,candidate_access_gap,county_centroid_beyond_threshold
29225,Webster County,MO,37.2808,-92.8761,78.4,39265,593,candidate_access_gap,county_centroid_beyond_threshold
04003,Cochise County,AZ,31.8401,-109.7752,78.4,125504,6210,centroid_artifact_risk,large_county_internal_point_may_overstate_access_gap
30033,Garfield County,MT,47.2672,-106.9960,78.3,976,4677,candidate_access_gap,county_centroid_beyond_threshold
46063,Harding County,SD,45.5966,-103.4739,78.2,1176,2672,candidate_access_gap,county_centroid_beyond_threshold
31125,Nance County,NE,41.4024,-97.9914,78.0,3366,442,candidate_access_gap,county_centroid_beyond_threshold
31107,Knox County,NE,42.6344,-97.8913,78.0,8415,1108,candidate_access_gap,county_centroid_beyond_threshold
06043,Mariposa County,CA,37.5743,-119.9117,77.9,17130,1449,candidate_access_gap,county_centroid_beyond_threshold
53009,Clallam County,WA,48.1109,-123.8899,77.7,77333,1739,candidate_access_gap,county_centroid_beyond_threshold
46079,Lake County,SD,44.0284,-97.1232,77.6,11207,563,candidate_access_gap,county_centroid_beyond_threshold
27069,Kittson County,MN,48.7760,-96.7803,77.5,4191,1099,candidate_access_gap,county_centroid_beyond_threshold
46053,Gregory County,SD,43.1751,-99.2066,77.2,3983,1015,candidate_access_gap,county_centroid_beyond_threshold
08109,Saguache County,CO,38.0317,-106.2347,77.2,6454,3169,candidate_access_gap,county_centroid_beyond_threshold
55099,Price County,WI,45.6791,-90.3597,77.1,14066,1254,candidate_access_gap,county_centroid_beyond_threshold
50007,Chittenden County,VT,44.4633,-73.0694,76.9,168309,537,candidate_access_gap,county_centroid_beyond_threshold
53019,Ferry County,WA,48.4733,-118.5336,76.7,7260,2203,candidate_access_gap,county_centroid_beyond_threshold
48195,Hansford County,TX,36.2728,-101.3569,76.7,5270,920,candidate_access_gap,county_centroid_beyond_threshold
06109,Tuolumne County,CA,38.0214,-119.9647,76.7,54993,2221,candidate_access_gap,county_centroid_beyond_threshold
53017,Douglas County,WA,47.7418,-119.6946,76.6,43189,1819,candidate_access_gap,county_centroid_beyond_threshold
26101,Manistee County,MI,44.2453,-86.3275,76.5,25058,542,candidate_access_gap,county_centroid_beyond_threshold
22075,Plaquemines Parish,LA,29.2824,-89.5761,76.4,23305,781,candidate_access_gap,county_centroid_beyond_threshold
19041,Clay County,IA,43.0812,-95.1499,76.3,16423,567,candidate_access_gap,county_centroid_beyond_threshold
53007,Chelan County,WA,47.8610,-120.6190,76.2,79076,2921,candidate_access_gap,county_centroid_beyond_threshold
55113,Sawyer County,WI,45.8650,-91.1471,76.2,18057,1258,candidate_access_gap,county_centroid_beyond_threshold
50015,Lamoille County,VT,44.6112,-72.6327,76.0,25977,461,candidate_access_gap,county_centroid_beyond_threshold
40043,Dewey County,OK,35.9780,-99.0144,75.9,4504,1000,candidate_access_gap,county_centroid_beyond_threshold
21061,Edmonson County,KY,37.2275,-86.2180,75.9,12179,303,candidate_access_gap,county_centroid_beyond_threshold
32031,Washoe County,NV,40.7313,-119.6633,75.7,486674,6316,centroid_artifact_risk,large_county_internal_point_may_overstate_access_gap
48229,Hudspeth County,TX,31.4509,-105.3775,75.6,3329,4571,candidate_access_gap,county_centroid_beyond_threshold
08061,Kiowa County,CO,38.3877,-102.7568,75.4,1347,1768,candidate_access_gap,county_centroid_beyond_threshold
48073,Cherokee County,TX,31.8439,-95.1563,75.4,50824,1053,candidate_access_gap,county_centroid_beyond_threshold
30101,Toole County,MT,48.6451,-111.7335,75.3,5018,1915,candidate_access_gap,county_centroid_beyond_threshold
53003,Asotin County,WA,46.1819,-117.2278,75.3,22370,636,candidate_access_gap,county_centroid_beyond_threshold
38103,Wells County,ND,47.5809,-99.6822,75.2,3990,1271,candidate_access_gap,county_centroid_beyond_threshold
04001,Apache County,AZ,35.3851,-109.4902,75.0,66054,11198,centroid_artifact_risk,large_county_internal_point_may_overstate_access_gap
19143,Osceola County,IA,43.3785,-95.6338,74.6,6149,399,candidate_access_gap,county_centroid_beyond_threshold
16035,Clearwater County,ID,46.6726,-115.6535,74.5,8810,2457,candidate_access_gap,county_centroid_beyond_threshold
20055,Finney County,KS,38.0498,-100.7400,74.5,38187,1302,candidate_access_gap,county_centroid_beyond_threshold
27071,Koochiching County,MN,48.2454,-93.7829,74.5,12072,3105,candidate_access_gap,county_centroid_beyond_threshold
21001,Adair County,KY,37.1056,-85.2814,74.4,18887,405,candidate_access_gap,county_centroid_beyond_threshold
16079,Shoshone County,ID,47.3477,-115.8851,74.4,13399,2637,candidate_access_gap,county_centroid_beyond_threshold
48357,Ochiltree County,TX,36.2787,-100.8159,74.3,9924,918,candidate_access_gap,county_centroid_beyond_threshold
48295,Lipscomb County,TX,36.2802,-100.2727,74.3,3038,932,candidate_access_gap,county_centroid_beyond_threshold
20033,Comanche County,KS,37.1814,-99.2513,74.3,1825,788,candidate_access_gap,county_centroid_beyond_threshold
30089,Sanders County,MT,47.7565,-115.1803,74.2,12615,2760,candidate_access_gap,county_centroid_beyond_threshold
37055,Dare County,NC,35.6063,-75.7675,73.9,37160,383,candidate_access_gap,county_centroid_beyond_threshold
29065,Dent County,MO,37.6031,-91.4897,73.9,14509,753,candidate_access_gap,county_centroid_beyond_threshold
22073,Ouachita Parish,LA,32.4809,-92.1516,73.5,159585,610,candidate_access_gap,county_centroid_beyond_threshold
41069,Wheeler County,OR,44.7364,-120.0269,73.5,1407,1716,candidate_access_gap,county_centroid_beyond_threshold
49023,Juab County,UT,39.7141,-112.7905,73.5,11943,3392,candidate_access_gap,county_centroid_beyond_threshold
35003,Catron County,NM,33.9016,-108.3919,73.4,3635,6924,centroid_artifact_risk,large_county_internal_point_may_overstate_access_gap
31035,Clay County,NE,40.5237,-98.0509,73.2,6088,572,candidate_access_gap,county_centroid_beyond_threshold
48377,Presidio County,TX,30.0059,-104.2616,73.2,6168,3855,candidate_access_gap,county_centroid_beyond_threshold
48005,Angelina County,TX,31.2519,-94.6111,73.2,86608,798,candidate_access_gap,county_centroid_beyond_threshold
21057,Cumberland County,KY,36.7824,-85.3885,73.1,5974,305,candidate_access_gap,county_centroid_beyond_threshold
31121,Merrick County,NE,41.1698,-98.0311,73.1,7675,488,candidate_access_gap,county_centroid_beyond_threshold
35006,Cibola County,NM,34.9283,-107.9927,72.8,27211,4540,candidate_access_gap,county_centroid_beyond_threshold
30051,Liberty County,MT,48.5597,-111.0369,72.6,1993,1430,candidate_access_gap,county_centroid_beyond_threshold
47027,Clay County,TN,36.5457,-85.5457,72.6,7592,237,candidate_access_gap,county_centroid_beyond_threshold
05065,Izard County,AR,36.0949,-91.9136,72.6,13748,580,candidate_access_gap,county_centroid_beyond_threshold
53073,Whatcom County,WA,48.8427,-121.8364,72.5,226523,2108,candidate_access_gap,county_centroid_beyond_threshold
48105,Crockett County,TX,30.7175,-101.4042,72.5,2949,2807,candidate_access_gap,county_centroid_beyond_threshold
55017,Chippewa County,WI,45.0691,-91.2835,72.5,66254,1008,candidate_access_gap,county_centroid_beyond_threshold
06015,Del Norte County,CA,41.7499,-123.9810,72.4,27462,1006,candidate_access_gap,county_centroid_beyond_threshold
48421,Sherman County,TX,36.2786,-101.8993,72.4,2414,923,candidate_access_gap,county_centroid_beyond_threshold
54097,Upshur County,WV,38.9025,-80.2316,72.1,23875,355,candidate_access_gap,county_centroid_beyond_threshold
19151,Pocahontas County,IA,42.7340,-94.6783,72.0,7061,577,candidate_access_gap,county_centroid_beyond_threshold
41023,Grant County,OR,44.4963,-119.0141,72.0,7237,4528,candidate_access_gap,county_centroid_beyond_threshold
21009,Barren County,KY,36.9628,-85.9321,71.5,44511,487,candidate_access_gap,county_centroid_beyond_threshold
05135,Sharp County,AR,36.1734,-91.4711,71.4,17422,605,candidate_access_gap,county_centroid_beyond_threshold
55085,Oneida County,WI,45.7162,-89.5345,71.4,37799,1114,candidate_access_gap,county_centroid_beyond_threshold
38051,McIntosh County,ND,46.1087,-99.4165,71.4,2529,975,candidate_access_gap,county_centroid_beyond_threshold
46125,Turner County,SD,43.3087,-97.1502,71.2,8687,617,candidate_access_gap,county_centroid_beyond_threshold
31165,Sioux County,NE,42.4707,-103.7322,71.1,1162,2067,candidate_access_gap,county_centroid_beyond_threshold
56037,Sweetwater County,WY,41.6603,-108.8757,71.0,42079,10427,centroid_artifact_risk,large_county_internal_point_may_overstate_access_gap
21087,Green County,KY,37.2781,-85.5379,71.0,11198,286,candidate_access_gap,county_centroid_beyond_threshold
30011,Carter County,MT,45.5168,-104.5153,71.0,1332,3340,candidate_access_gap,county_centroid_beyond_threshold
20125,Montgomery County,KS,37.1895,-95.7424,70.9,31448,644,candidate_access_gap,county_centroid_beyond_threshold
27063,Jackson County,MN,43.6711,-95.1497,70.8,9990,703,candidate_access_gap,county_centroid_beyond_threshold
05041,Desha County,AR,33.8288,-91.2441,70.7,11285,741,candidate_access_gap,county_centroid_beyond_threshold
23023,Sagadahoc County,ME,43.9168,-69.8442,70.5,36868,254,candidate_access_gap,county_centroid_beyond_threshold
56023,Lincoln County,WY,42.2300,-110.6830,70.4,19794,4075,candidate_access_gap,county_centroid_beyond_threshold
28083,Leflore County,MS,33.5498,-90.2949,70.4,27920,594,candidate_access_gap,county_centroid_beyond_threshold
40045,Ellis County,OK,36.2243,-99.7501,70.3,3755,1231,candidate_access_gap,county_centroid_beyond_threshold
36117,Wayne County,NY,43.2181,-77.0494,70.3,91324,604,candidate_access_gap,county_centroid_beyond_threshold
29213,Taney County,MO,36.6498,-93.0428,70.2,56202,632,candidate_access_gap,county_centroid_beyond_threshold
23001,Androscoggin County,ME,44.1677,-70.2074,70.2,111532,468,candidate_access_gap,county_centroid_beyond_threshold
24047,Worcester County,MD,38.2221,-75.3099,69.9,52827,468,candidate_access_gap,county_centroid_beyond_threshold
29059,Dallas County,MO,37.6836,-93.0338,69.7,17158,541,candidate_access_gap,county_centroid_beyond_threshold
05017,Chicot County,AR,33.2671,-91.2972,69.7,10234,637,candidate_access_gap,county_centroid_beyond_threshold
20203,Wichita County,KS,38.4819,-101.3474,69.7,2131,719,candidate_access_gap,county_centroid_beyond_threshold
41031,Jefferson County,OR,44.6452,-121.1786,69.6,24659,1782,candidate_access_gap,county_centroid_beyond_threshold
01099,Monroe County,AL,31.5804,-87.3833,69.6,19816,1026,candidate_access_gap,county_centroid_beyond_threshold
48469,Victoria County,TX,28.7964,-96.9712,69.4,91209,882,candidate_access_gap,county_centroid_beyond_threshold
05011,Bradley County,AR,33.4665,-92.1692,69.4,10461,649,candidate_access_gap,county_centroid_beyond_threshold
21171,Monroe County,KY,36.7141,-85.7135,69.4,11331,329,candidate_access_gap,county_centroid_beyond_threshold
20047,Edwards County,KS,37.8836,-99.3047,69.2,2849,622,candidate_access_gap,county_centroid_beyond_threshold
28157,Wilkinson County,MS,31.1611,-91.3246,69.2,8531,678,candidate_access_gap,county_centroid_beyond_threshold
49047,Uintah County,UT,40.1259,-109.5177,69.0,35951,4483,candidate_access_gap,county_centroid_beyond_threshold
55003,Ashland County,WI,46.5444,-90.6797,68.9,16041,1045,candidate_access_gap,county_centroid_beyond_threshold
08085,Montrose County,CO,38.4075,-108.2663,68.8,42823,2241,candidate_access_gap,county_centroid_beyond_threshold
31081,Hamilton County,NE,40.8728,-98.0223,68.8,9400,542,candidate_access_gap,county_centroid_beyond_threshold
49027,Millard County,UT,38.9567,-113.1331,68.7,13027,6785,centroid_artifact_risk,large_county_internal_point_may_overstate_access_gap
01131,Wilcox County,AL,31.9901,-87.3049,68.6,10441,888,candidate_access_gap,county_centroid_beyond_threshold
05129,Searcy County,AR,35.8964,-92.6959,68.5,7880,666,candidate_access_gap,county_centroid_beyond_threshold
20097,Kiowa County,KS,37.5612,-99.2865,68.4,2445,723,candidate_access_gap,county_centroid_beyond_threshold
18007,Benton County,IN,40.6009,-87.3148,68.3,8709,406,candidate_access_gap,county_centroid_beyond_threshold
27035,Crow Wing County,MN,46.4917,-94.0707,68.2,66558,998,candidate_access_gap,county_centroid_beyond_threshold
41035,Klamath County,OR,42.6838,-121.6462,68.2,69506,5950,centroid_artifact_risk,large_county_internal_point_may_overstate_access_gap
31119,Madison County,NE,41.9099,-97.6069,67.7,35538,573,candidate_access_gap,county_centroid_beyond_threshold
04027,Yuma County,AZ,32.7739,-113.9109,67.7,204374,5514,centroid_artifact_risk,large_county_internal_point_may_overstate_access_gap
28005,Amite County,MS,31.2039,-90.7955,67.6,12683,730,candidate_access_gap,county_centroid_beyond_threshold
05097,Montgomery County,AR,34.5457,-93.6642,67.6,8555,780,candidate_access_gap,county_centroid_beyond_threshold
40093,Major County,OK,36.3131,-98.5420,67.6,7678,955,candidate_access_gap,county_centroid_beyond_threshold
30075,Powder River County,MT,45.4089,-105.5553,67.4,1773,3298,candidate_access_gap,county_centroid_beyond_threshold
21099,Hart County,KY,37.3058,-85.8784,67.4,19345,413,candidate_access_gap,county_centroid_beyond_threshold
20019,Chautauqua County,KS,37.1543,-96.2454,67.4,3389,639,candidate_access_gap,county_centroid_beyond_threshold
29105,Laclede County,MO,37.6597,-92.5948,67.3,36060,765,candidate_access_gap,county_centroid_beyond_threshold
05103,Ouachita County,AR,33.5912,-92.8784,67.3,22606,733,candidate_access_gap,county_centroid_beyond_threshold
45043,Georgetown County,SC,33.4175,-79.2963,67.2,63594,814,candidate_access_gap,county_centroid_beyond_threshold
47071,Hardin County,TN,35.2019,-88.1857,67.1,26824,577,candidate_access_gap,county_centroid_beyond_threshold
16007,Bear Lake County,ID,42.2859,-111.3275,67.1,6436,976,candidate_access_gap,county_centroid_beyond_threshold
05043,Drew County,AR,33.5872,-91.7228,67.1,17309,829,candidate_access_gap,county_centroid_beyond_threshold
30037,Golden Valley County,MT,46.3806,-109.1746,67.1,841,1174,candidate_access_gap,county_centroid_beyond_threshold
55041,Forest County,WI,45.6669,-88.7733,67.0,9239,1014,candidate_access_gap,county_centroid_beyond_threshold
19147,Palo Alto County,IA,43.0753,-94.6691,66.8,8938,564,candidate_access_gap,county_centroid_beyond_threshold
49045,Tooele County,UT,40.4678,-113.1240,66.8,74032,7040,centroid_artifact_risk,large_county_internal_point_may_overstate_access_gap
21207,Russell County,KY,36.9906,-85.0550,66.7,18021,253,candidate_access_gap,county_centroid_beyond_threshold
49017,Garfield County,UT,37.8317,-111.4509,66.6,5121,5180,centroid_artifact_risk,large_county_internal_point_may_overstate_access_gap
56043,Washakie County,WY,43.8788,-107.6691,66.6,7725,2239,candidate_access_gap,county_centroid_beyond_threshold
19063,Emmet County,IA,43.3780,-94.6694,66.6,9349,396,candidate_access_gap,county_centroid_beyond_threshold
48463,Uvalde County,TX,29.3503,-99.7684,66.5,24833,1552,candidate_access_gap,county_centroid_beyond_threshold
08029,Delta County,CO,38.8614,-107.8650,66.3,31173,1142,candidate_access_gap,county_centroid_beyond_threshold
19021,Buena Vista County,IA,42.7415,-95.1414,66.2,20687,575,candidate_access_gap,county_centroid_beyond_threshold
46013,Brown County,SD,45.5893,-98.3522,66.2,38278,1713,candidate_access_gap,county_centroid_beyond_threshold
28151,Washington County,MS,33.2732,-90.9444,66.1,44604,724,candidate_access_gap,county_centroid_beyond_threshold
08051,Gunnison County,CO,38.6705,-107.0569,66.0,17018,3239,candidate_access_gap,county_centroid_beyond_threshold
05107,Phillips County,AR,34.4237,-90.8556,65.8,16373,690,candidate_access_gap,county_centroid_beyond_threshold
48401,Rusk County,TX,32.1094,-94.7564,65.7,52755,924,candidate_access_gap,county_centroid_beyond_threshold
35059,Union County,NM,36.4881,-103.4757,65.7,4074,3825,candidate_access_gap,county_centroid_beyond_threshold
16057,Latah County,ID,46.8189,-116.7310,65.6,39872,1076,candidate_access_gap,county_centroid_beyond_threshold
19119,Lyon County,IA,43.3836,-96.2072,65.3,12023,588,candidate_access_gap,county_centroid_beyond_threshold
48127,Dimmit County,TX,28.4236,-99.7659,65.3,8672,1329,candidate_access_gap,county_centroid_beyond_threshold
05013,Calhoun County,AR,33.5605,-92.5139,65.3,4773,629,candidate_access_gap,county_centroid_beyond_threshold
48301,Loving County,TX,31.8449,-103.5612,65.2,96,669,candidate_access_gap,county_centroid_beyond_threshold
22085,Sabine Parish,LA,31.5604,-93.5596,65.1,22209,867,candidate_access_gap,county_centroid_beyond_threshold
20183,Smith County,KS,39.7847,-98.7854,65.1,3561,895,candidate_access_gap,county_centroid_beyond_threshold
26109,Menominee County,MI,45.5356,-87.5015,65.1,23433,1044,candidate_access_gap,county_centroid_beyond_threshold
26055,Grand Traverse County,MI,44.7187,-85.5538,65.0,95315,464,candidate_access_gap,county_centroid_beyond_threshold
19161,Sac County,IA,42.3875,-95.1052,65.0,9778,575,candidate_access_gap,county_centroid_beyond_threshold
46071,Jackson County,SD,43.6775,-101.6263,64.9,2838,1864,candidate_access_gap,county_centroid_beyond_threshold
38055,McLean County,ND,47.6532,-101.4219,64.7,9781,2110,candidate_access_gap,county_centroid_beyond_threshold
46015,Brule County,SD,43.7299,-99.0929,64.7,5247,817,candidate_access_gap,county_centroid_beyond_threshold
21031,Butler County,KY,37.2070,-86.6825,64.7,12365,426,candidate_access_gap,county_centroid_beyond_threshold
21217,Taylor County,KY,37.3662,-85.3281,64.7,26056,266,candidate_access_gap,county_centroid_beyond_threshold
24039,Somerset County,MD,38.0744,-75.8533,64.6,24672,320,candidate_access_gap,county_centroid_beyond_threshold
46115,Spink County,SD,44.9238,-98.3396,64.6,6355,1503,candidate_access_gap,county_centroid_beyond_threshold
35035,Otero County,NM,32.6156,-105.7513,64.5,67850,6613,centroid_artifact_risk,large_county_internal_point_may_overstate_access_gap
31169,Thayer County,NE,40.1734,-97.5962,64.5,5006,574,candidate_access_gap,county_centroid_beyond_threshold
54083,Randolph County,WV,38.7811,-79.8678,64.3,28005,1040,candidate_access_gap,county_centroid_beyond_threshold
26105,Mason County,MI,43.9572,-86.4429,64.2,29178,495,candidate_access_gap,county_centroid_beyond_threshold
27033,Cottonwood County,MN,44.0106,-95.1832,64.2,11481,640,candidate_access_gap,county_centroid_beyond_threshold
31105,Kimball County,NE,41.1993,-103.7032,64.2,3395,952,candidate_access_gap,county_centroid_beyond_threshold
46135,Yankton County,SD,43.0066,-97.3884,64.1,23311,521,candidate_access_gap,county_centroid_beyond_threshold
27081,Lincoln County,MN,44.4082,-96.2720,64.1,5630,537,candidate_access_gap,county_centroid_beyond_threshold
30059,Meagher County,MT,46.5857,-110.9217,64.0,1948,2392,candidate_access_gap,county_centroid_beyond_threshold
31139,Pierce County,NE,42.2714,-97.6110,64.0,7301,573,candidate_access_gap,county_centroid_beyond_threshold
20157,Republic County,KS,39.8289,-97.6509,63.8,4686,717,candidate_access_gap,county_centroid_beyond_threshold
46055,Haakon County,SD,44.2881,-101.5409,63.8,1755,1811,candidate_access_gap,county_centroid_beyond_threshold
18171,Warren County,IN,40.3525,-87.3752,63.8,8454,365,candidate_access_gap,county_centroid_beyond_threshold
21085,Grayson County,KY,37.4586,-86.3440,63.5,26465,500,candidate_access_gap,county_centroid_beyond_threshold
40039,Custer County,OK,35.6456,-98.9974,63.4,28391,989,candidate_access_gap,county_centroid_beyond_threshold
53013,Columbia County,WA,46.2929,-117.9116,63.4,3980,869,candidate_access_gap,county_centroid_beyond_threshold
48307,McCulloch County,TX,31.2055,-99.3599,63.4,7638,1066,candidate_access_gap,county_centroid_beyond_threshold
36045,Jefferson County,NY,43.9964,-76.0530,63.3,117445,1268,candidate_access_gap,county_centroid_beyond_threshold
20089,Jewell County,KS,39.7770,-98.2226,63.2,2929,910,candidate_access_gap,county_centroid_beyond_threshold
08057,Jackson County,CO,40.6634,-106.3292,63.2,1440,1614,candidate_access_gap,county_centroid_beyond_threshold
48183,Gregg County,TX,32.4864,-94.8163,62.9,124245,273,candidate_access_gap,county_centroid_beyond_threshold
01025,Clarke County,AL,31.6855,-87.8186,62.9,23058,1238,candidate_access_gap,county_centroid_beyond_threshold
22061,Lincoln Parish,LA,32.6018,-92.6623,62.9,48323,472,candidate_access_gap,county_centroid_beyond_threshold
28001,Adams County,MS,31.4862,-91.3518,62.9,29425,462,candidate_access_gap,county_centroid_beyond_threshold
53023,Garfield County,WA,46.4293,-117.5367,62.8,2310,711,candidate_access_gap,county_centroid_beyond_threshold
22067,Morehouse Parish,LA,32.8200,-91.8004,62.7,25438,795,candidate_access_gap,county_centroid_beyond_threshold
26009,Antrim County,MI,45.0055,-85.1756,62.7,23662,476,candidate_access_gap,county_centroid_beyond_threshold
17055,Franklin County,IL,37.9919,-88.9263,62.6,37810,409,candidate_access_gap,county_centroid_beyond_threshold
48057,Calhoun County,TX,28.4417,-96.5796,62.6,20127,507,candidate_access_gap,county_centroid_beyond_threshold
20049,Elk County,KS,37.4560,-96.2446,62.6,2453,644,candidate_access_gap,county_centroid_beyond_threshold
48423,Smith County,TX,32.3751,-95.2689,62.5,234667,921,candidate_access_gap,county_centroid_beyond_threshold
29043,Christian County,MO,36.9697,-93.1876,62.5,89568,563,candidate_access_gap,county_centroid_beyond_threshold
27001,Aitkin County,MN,46.6024,-93.4197,62.5,15859,1821,candidate_access_gap,county_centroid_beyond_threshold
08103,Rio Blanco County,CO,39.9726,-108.2007,62.5,6511,3221,candidate_access_gap,county_centroid_beyond_threshold
48033,Borden County,TX,32.7386,-101.4392,62.5,686,897,candidate_access_gap,county_centroid_beyond_threshold
19187,Webster County,IA,42.4336,-94.1758,62.4,36986,716,candidate_access_gap,county_centroid_beyond_threshold
50005,Caledonia County,VT,44.4688,-72.1122,62.3,30418,649,candidate_access_gap,county_centroid_beyond_threshold
48125,Dickens County,TX,33.6154,-100.7876,62.3,1570,902,candidate_access_gap,county_centroid_beyond_threshold
06033,Lake County,CA,39.1080,-122.7452,62.2,68024,1255,candidate_access_gap,county_centroid_beyond_threshold
30001,Beaverhead County,MT,45.1339,-112.8929,62.2,9469,5543,centroid_artifact_risk,large_county_internal_point_may_overstate_access_gap
53051,Pend Oreille County,WA,48.5438,-117.2322,62.1,13570,1400,candidate_access_gap,county_centroid_beyond_threshold
47087,Jackson County,TN,36.3543,-85.6741,62.1,11730,309,candidate_access_gap,county_centroid_beyond_threshold
22049,Jackson Parish,LA,32.3043,-92.5617,62.1,15093,569,candidate_access_gap,county_centroid_beyond_threshold
28015,Carroll County,MS,33.4408,-89.9189,62.0,9930,628,candidate_access_gap,county_centroid_beyond_threshold
05019,Clark County,AR,34.0533,-93.1762,62.0,21469,866,candidate_access_gap,county_centroid_beyond_threshold
31057,Dundy County,NE,40.1802,-101.6811,61.9,1825,920,candidate_access_gap,county_centroid_beyond_threshold
46069,Hyde County,SD,44.5372,-99.4727,61.9,1319,861,candidate_access_gap,county_centroid_beyond_threshold
20083,Hodgeman County,KS,38.0875,-99.8984,61.8,1770,860,candidate_access_gap,county_centroid_beyond_threshold
26007,Alpena County,MI,44.8950,-83.4266,61.8,28911,572,candidate_access_gap,county_centroid_beyond_threshold
46102,Oglala Lakota County,SD,43.3334,-102.5615,61.8,13695,2094,candidate_access_gap,county_centroid_beyond_threshold
05009,Boone County,AR,36.3043,-93.0792,61.8,37662,590,candidate_access_gap,county_centroid_beyond_threshold
27075,Lake County,MN,47.5171,-91.4117,61.7,10915,2109,candidate_access_gap,county_centroid_beyond_threshold
28113,Pike County,MS,31.1775,-90.3977,61.6,40098,409,candidate_access_gap,county_centroid_beyond_threshold
06025,Imperial County,CA,33.0408,-115.3554,61.5,179578,4176,candidate_access_gap,county_centroid_beyond_threshold
19025,Calhoun County,IA,42.3861,-94.6436,61.5,9893,570,candidate_access_gap,county_centroid_beyond_threshold
27083,Lyon County,MN,44.4092,-95.8473,61.4,25352,714,candidate_access_gap,county_centroid_beyond_threshold
38027,Eddy County,ND,47.7234,-98.9005,61.3,2345,630,candidate_access_gap,county_centroid_beyond_threshold
47141,Putnam County,TN,36.1409,-85.4962,61.3,80157,401,candidate_access_gap,county_centroid_beyond_threshold
46047,Fall River County,SD,43.2216,-103.5126,61.2,7079,1740,candidate_access_gap,county_centroid_beyond_threshold
48435,Sutton County,TX,30.5222,-100.5134,61.2,3345,1454,candidate_access_gap,county_centroid_beyond_threshold
05075,Lawrence County,AR,36.0411,-91.1012,61.2,16258,588,candidate_access_gap,county_centroid_beyond_threshold
12037,Franklin County,FL,29.6778,-84.8152,61.1,12276,545,candidate_access_gap,county_centroid_beyond_threshold
27061,Itasca County,MN,47.4908,-93.6111,61.1,45054,2668,candidate_access_gap,county_centroid_beyond_threshold
21195,Pike County,KY,37.4860,-82.4109,61.1,58196,786,candidate_access_gap,county_centroid_beyond_threshold
28027,Coahoma County,MS,34.2303,-90.6040,61.0,21264,553,candidate_access_gap,county_centroid_beyond_threshold
41007,Clatsop County,OR,46.0245,-123.7050,61.0,41190,828,candidate_access_gap,county_centroid_beyond_threshold
55129,Washburn County,WI,45.8925,-91.7964,60.9,16685,797,candidate_access_gap,county_centroid_beyond_threshold
04015,Mohave County,AZ,35.7177,-113.7497,60.9,214229,13332,centroid_artifact_risk,large_county_internal_point_may_overstate_access_gap
53055,San Juan County,WA,48.5072,-123.1038,60.6,18001,174,candidate_access_gap,county_centroid_beyond_threshold
20153,Rawlins County,KS,39.7862,-101.0767,60.6,2544,1069,candidate_access_gap,county_centroid_beyond_threshold
51001,Accomack County,VA,37.7659,-75.7578,60.5,33367,449,candidate_access_gap,county_centroid_beyond_threshold
30009,Carbon County,MT,45.2245,-109.0286,60.3,10645,2048,candidate_access_gap,county_centroid_beyond_threshold
31157,Scotts Bluff County,NE,41.8505,-103.7030,60.3,36048,740,candidate_access_gap,county_centroid_beyond_threshold
48049,Brown County,TX,31.7641,-98.9985,60.2,38159,944,candidate_access_gap,county_centroid_beyond_threshold
20071,Greeley County,KS,38.4804,-101.8060,60.1,1279,778,candidate_access_gap,county_centroid_beyond_threshold
46083,Lincoln County,SD,43.2794,-96.7223,60.1,65801,577,candidate_access_gap,county_centroid_beyond_threshold
20205,Wilson County,KS,37.5585,-95.7452,60.0,8667,570,candidate_access_gap,county_centroid_beyond_threshold
55035,Eau Claire County,WI,44.7264,-91.2864,60.0,105697,638,candidate_access_gap,county_centroid_beyond_threshold
48459,Upshur County,TX,32.7353,-94.9412,60.0,41261,583,candidate_access_gap,county_centroid_beyond_threshold
48263,Kent County,TX,33.1848,-100.7697,59.8,635,903,candidate_access_gap,county_centroid_beyond_threshold
21227,Warren County,KY,36.9956,-86.4236,59.8,135307,542,candidate_access_gap,county_centroid_beyond_threshold
08107,Routt County,CO,40.4837,-106.9877,59.7,24944,2362,candidate_access_gap,county_centroid_beyond_threshold
49013,Duchesne County,UT,40.2894,-110.4296,59.5,19779,3236,candidate_access_gap,county_centroid_beyond_threshold
40003,Alfalfa County,OK,36.7297,-98.3234,59.5,5683,867,candidate_access_gap,county_centroid_beyond_threshold
47133,Overton County,TN,36.3449,-85.2831,59.5,22576,433,candidate_access_gap,county_centroid_beyond_threshold
54041,Lewis County,WV,38.9889,-80.4955,59.5,16920,387,candidate_access_gap,county_centroid_beyond_threshold
17075,Iroquois County,IL,40.7489,-87.8336,59.4,27043,1117,candidate_access_gap,county_centroid_beyond_threshold
26165,Wexford County,MI,44.3314,-85.5700,59.4,33766,565,candidate_access_gap,county_centroid_beyond_threshold
29129,Mercer County,MO,40.4214,-93.5676,59.2,3517,454,candidate_access_gap,county_centroid_beyond_threshold
20147,Phillips County,KS,39.7845,-99.3422,59.2,4960,886,candidate_access_gap,county_centroid_beyond_threshold
29093,Iron County,MO,37.6260,-90.6996,59.1,9538,550,candidate_access_gap,county_centroid_beyond_threshold
27137,St. Louis County,MN,47.5786,-92.5146,59.1,200122,6248,centroid_artifact_risk,large_county_internal_point_may_overstate_access_gap
48017,Bailey County,TX,34.0675,-102.8303,59.1,6902,827,candidate_access_gap,county_centroid_beyond_threshold
35039,Rio Arriba County,NM,36.5097,-106.6940,59.1,40285,5861,centroid_artifact_risk,large_county_internal_point_may_overstate_access_gap
21053,Clinton County,KY,36.7273,-85.1361,59.0,9295,197,candidate_access_gap,county_centroid_beyond_threshold
16017,Bonner County,ID,48.3246,-116.6274,59.0,47976,1733,candidate_access_gap,county_centroid_beyond_threshold
19043,Clayton County,IA,42.8410,-91.3236,59.0,17123,778,candidate_access_gap,county_centroid_beyond_threshold
13005,Bacon County,GA,31.5502,-82.4514,58.9,11138,284,candidate_access_gap,county_centroid_beyond_threshold
28051,Holmes County,MS,33.1259,-90.0912,58.9,16848,757,candidate_access_gap,county_centroid_beyond_threshold
50001,Addison County,VT,44.0312,-73.1416,58.9,37434,766,candidate_access_gap,county_centroid_beyond_threshold
39001,Adams County,OH,38.8345,-83.4781,58.9,27509,584,candidate_access_gap,county_centroid_beyond_threshold
26151,Sanilac County,MI,43.4492,-82.6428,58.7,40759,963,candidate_access_gap,county_centroid_beyond_threshold
48165,Gaines County,TX,32.7439,-102.6316,58.6,21523,1502,candidate_access_gap,county_centroid_beyond_threshold
46077,Kingsbury County,SD,44.3630,-97.4993,58.6,5172,832,candidate_access_gap,county_centroid_beyond_threshold
38057,Mercer County,ND,47.3071,-101.8333,58.6,8366,1043,candidate_access_gap,county_centroid_beyond_threshold
46017,Buffalo County,SD,44.0443,-99.2040,58.5,1859,471,candidate_access_gap,county_centroid_beyond_threshold
40089,McCurtain County,OK,34.1171,-94.7661,58.5,31003,1851,candidate_access_gap,county_centroid_beyond_threshold
08089,Otero County,CO,37.8842,-103.7213,58.4,18580,1262,candidate_access_gap,county_centroid_beyond_threshold
53031,Jefferson County,WA,47.8057,-123.5271,58.4,33006,1804,candidate_access_gap,county_centroid_beyond_threshold
26001,Alcona County,MI,44.6575,-83.2946,58.4,10238,675,candidate_access_gap,county_centroid_beyond_threshold
38047,Logan County,ND,46.4693,-99.5046,58.4,1849,993,candidate_access_gap,county_centroid_beyond_threshold
36011,Cayuga County,NY,43.0085,-76.5746,58.4,76171,692,candidate_access_gap,county_centroid_beyond_threshold
19141,O'Brien County,IA,43.0837,-95.6256,58.3,14138,573,candidate_access_gap,county_centroid_beyond_threshold
47023,Chester County,TN,35.4203,-88.6114,58.3,17392,286,candidate_access_gap,county_centroid_beyond_threshold
38083,Sheridan County,ND,47.5814,-100.3310,58.3,1338,972,candidate_access_gap,county_centroid_beyond_threshold
31007,Banner County,NE,41.5397,-103.7263,58.3,670,746,candidate_access_gap,county_centroid_beyond_threshold
27089,Marshall County,MN,48.3627,-96.3578,58.2,9017,1775,candidate_access_gap,county_centroid_beyond_threshold
22109,Terrebonne Parish,LA,29.3341,-90.8437,57.9,108862,1230,candidate_access_gap,county_centroid_beyond_threshold
41063,Wallowa County,OR,45.5938,-117.1856,57.9,7439,3146,candidate_access_gap,county_centroid_beyond_threshold
26063,Huron County,MI,43.9076,-82.8570,57.9,31461,836,candidate_access_gap,county_centroid_beyond_threshold
48269,King County,TX,33.6143,-100.2453,57.9,216,911,candidate_access_gap,county_centroid_beyond_threshold
29203,Shannon County,MO,37.1525,-91.3913,57.9,7132,1004,candidate_access_gap,county_centroid_beyond_threshold
05101,Newton County,AR,35.9107,-93.2159,57.8,7243,821,candidate_access_gap,county_centroid_beyond_threshold
12045,Gulf County,FL,29.8592,-85.2720,57.8,15002,553,candidate_access_gap,county_centroid_beyond_threshold
28037,Franklin County,MS,31.4778,-90.8955,57.8,7690,564,candidate_access_gap,county_centroid_beyond_threshold
18181,White County,IN,40.7510,-86.8643,57.8,24630,505,candidate_access_gap,county_centroid_beyond_threshold
48411,San Saba County,TX,31.1551,-98.8193,57.7,5779,1135,candidate_access_gap,county_centroid_beyond_threshold
36055,Monroe County,NY,43.2503,-77.7005,57.6,756406,657,candidate_access_gap,county_centroid_beyond_threshold
48001,Anderson County,TX,31.8413,-95.6617,57.6,58077,1063,candidate_access_gap,county_centroid_beyond_threshold
45051,Horry County,SC,33.9093,-78.9767,57.6,356578,1133,candidate_access_gap,county_centroid_beyond_threshold
30045,Judith Basin County,MT,47.0326,-110.3053,57.6,2039,1870,candidate_access_gap,county_centroid_beyond_threshold
48123,DeWitt County,TX,29.0823,-97.3617,57.5,19826,909,candidate_access_gap,county_centroid_beyond_threshold
41045,Malheur County,OR,43.1886,-117.6032,57.3,31538,9888,centroid_artifact_risk,large_county_internal_point_may_overstate_access_gap
46119,Sully County,SD,44.7223,-100.1314,57.3,1318,1007,candidate_access_gap,county_centroid_beyond_threshold
48239,Jackson County,TX,28.9598,-96.5891,57.3,15010,829,candidate_access_gap,county_centroid_beyond_threshold
05137,Stone County,AR,35.8570,-92.1405,57.1,12393,606,candidate_access_gap,county_centroid_beyond_threshold
38099,Walsh County,ND,48.3770,-97.7222,57.0,10553,1282,candidate_access_gap,county_centroid_beyond_threshold
48101,Cottle County,TX,34.0919,-100.2764,56.9,1647,901,candidate_access_gap,county_centroid_beyond_threshold
55029,Door County,WI,45.0934,-87.0487,56.8,30038,482,candidate_access_gap,county_centroid_beyond_threshold
48387,Red River County,TX,33.6196,-95.0484,56.8,11627,1044,candidate_access_gap,county_centroid_beyond_threshold
29085,Hickory County,MO,37.9369,-93.3230,56.7,8452,399,candidate_access_gap,county_centroid_beyond_threshold
17049,Effingham County,IL,39.0479,-88.5928,56.7,34594,479,candidate_access_gap,county_centroid_beyond_threshold
49003,Box Elder County,UT,41.6226,-113.0603,56.7,58291,5781,centroid_artifact_risk,large_county_internal_point_may_overstate_access_gap
48443,Terrell County,TX,30.2323,-102.0725,56.6,862,2358,candidate_access_gap,county_centroid_beyond_threshold
16013,Blaine County,ID,43.3942,-113.9554,56.5,24248,2638,candidate_access_gap,county_centroid_beyond_threshold
05149,Yell County,AR,34.9977,-93.4083,56.5,20342,930,candidate_access_gap,county_centroid_beyond_threshold
48345,Motley County,TX,34.0579,-100.7932,56.5,1223,990,candidate_access_gap,county_centroid_beyond_threshold
05113,Polk County,AR,34.4910,-94.2309,56.3,19384,857,candidate_access_gap,county_centroid_beyond_threshold
47039,Decatur County,TN,35.6031,-88.1103,56.2,11483,334,candidate_access_gap,county_centroid_beyond_threshold
48247,Jim Hogg County,TX,27.0532,-98.7476,56.0,4830,1136,candidate_access_gap,county_centroid_beyond_threshold
08003,Alamosa County,CO,37.5684,-105.7880,56.0,16460,723,candidate_access_gap,county_centroid_beyond_threshold
30057,Madison County,MT,45.3253,-111.9138,55.9,8742,3588,candidate_access_gap,county_centroid_beyond_threshold
31141,Platte County,NE,41.5769,-97.5135,55.9,34219,675,candidate_access_gap,county_centroid_beyond_threshold
47181,Wayne County,TN,35.2428,-87.8198,55.9,16325,734,candidate_access_gap,county_centroid_beyond_threshold
06009,Calaveras County,CA,38.1911,-120.5541,55.9,45674,1020,candidate_access_gap,county_centroid_beyond_threshold
30073,Pondera County,MT,48.2286,-112.2208,55.9,5987,1625,candidate_access_gap,county_centroid_beyond_threshold
17065,Hamilton County,IL,38.0852,-88.5390,55.9,8008,435,candidate_access_gap,county_centroid_beyond_threshold
27109,Olmsted County,MN,43.9995,-92.4101,55.8,162307,654,candidate_access_gap,county_centroid_beyond_threshold
16073,Owyhee County,ID,42.5729,-116.1897,55.8,12043,7668,centroid_artifact_risk,large_county_internal_point_may_overstate_access_gap
55119,Taylor County,WI,45.2117,-90.5049,55.7,19979,975,candidate_access_gap,county_centroid_beyond_threshold
45019,Charleston County,SC,32.8005,-79.9425,55.6,409840,918,candidate_access_gap,county_centroid_beyond_threshold
29081,Harrison County,MO,40.3456,-93.9926,55.5,8190,723,candidate_access_gap,county_centroid_beyond_threshold
27113,Pennington County,MN,48.0692,-96.0377,55.5,13995,617,candidate_access_gap,county_centroid_beyond_threshold
20171,Scott County,KS,38.4819,-100.9064,55.4,5128,718,candidate_access_gap,county_centroid_beyond_threshold
48283,La Salle County,TX,28.3511,-99.0968,55.4,6965,1487,candidate_access_gap,county_centroid_beyond_threshold
30107,Wheatland County,MT,46.4970,-109.8577,55.4,2060,1422,candidate_access_gap,county_centroid_beyond_threshold
48299,Llano County,TX,30.7076,-98.6847,55.3,21637,934,candidate_access_gap,county_centroid_beyond_threshold
48419,Shelby County,TX,31.7901,-94.1426,55.3,24157,796,candidate_access_gap,county_centroid_beyond_threshold
08015,Chaffee County,CO,38.7346,-106.3000,55.3,19564,1013,candidate_access_gap,county_centroid_beyond_threshold
48047,Brooks County,TX,27.0350,-98.2153,55.1,7059,943,candidate_access_gap,county_centroid_beyond_threshold
16003,Adams County,ID,44.8770,-116.4616,55.1,4464,1363,candidate_access_gap,county_centroid_beyond_threshold
20039,Decatur County,KS,39.7835,-100.4597,55.1,2771,894,candidate_access_gap,county_centroid_beyond_threshold
55005,Barron County,WI,45.4372,-91.8529,55.0,46683,863,candidate_access_gap,county_centroid_beyond_threshold
30007,Broadwater County,MT,46.3298,-111.4979,55.0,6977,1192,candidate_access_gap,county_centroid_beyond_threshold
16023,Butte County,ID,43.6851,-113.1776,55.0,2605,2236,candidate_access_gap,county_centroid_beyond_threshold
46011,Brookings County,SD,44.3767,-96.7978,55.0,34631,792,candidate_access_gap,county_centroid_beyond_threshold
38063,Nelson County,ND,47.9187,-98.2044,54.9,3025,982,candidate_access_gap,county_centroid_beyond_threshold
16041,Franklin County,ID,42.1736,-111.8230,54.9,14376,663,candidate_access_gap,county_centroid_beyond_threshold
21199,Pulaski County,KY,37.1074,-84.5770,54.8,65145,658,candidate_access_gap,county_centroid_beyond_threshold
53065,Stevens County,WA,48.3887,-117.8545,54.8,46774,2477,candidate_access_gap,county_centroid_beyond_threshold
27115,Pine County,MN,46.1009,-92.7631,54.8,29090,1411,candidate_access_gap,county_centroid_beyond_threshold
48373,Polk County,TX,30.7846,-94.8373,54.7,50536,1057,candidate_access_gap,county_centroid_beyond_threshold
21155,Marion County,KY,37.5526,-85.2690,54.7,19627,344,candidate_access_gap,county_centroid_beyond_threshold
20109,Logan County,KS,38.9133,-101.1574,54.7,2752,1073,candidate_access_gap,county_centroid_beyond_threshold
48131,Duval County,TX,27.6811,-98.4974,54.7,9960,1793,candidate_access_gap,county_centroid_beyond_threshold
22101,St. Mary Parish,LA,29.6293,-91.4638,54.6,49114,559,candidate_access_gap,county_centroid_beyond_threshold
20201,Washington County,KS,39.7767,-97.0956,54.5,5529,895,candidate_access_gap,county_centroid_beyond_threshold
34009,Cape May County,NJ,39.0858,-74.8464,54.5,95456,252,candidate_access_gap,county_centroid_beyond_threshold
01067,Henry County,AL,31.5170,-85.2400,54.4,17282,562,candidate_access_gap,county_centroid_beyond_threshold
40077,Latimer County,OK,34.8751,-95.2723,54.4,9537,722,candidate_access_gap,county_centroid_beyond_threshold
48383,Reagan County,TX,31.3752,-101.5144,54.4,3308,1175,candidate_access_gap,county_centroid_beyond_threshold
53025,Grant County,WA,47.2136,-119.4678,54.4,99145,2680,candidate_access_gap,county_centroid_beyond_threshold
38021,Dickey County,ND,46.1078,-98.4965,54.3,5003,1131,candidate_access_gap,county_centroid_beyond_threshold
20137,Norton County,KS,39.7839,-99.8992,54.2,5431,878,candidate_access_gap,county_centroid_beyond_threshold
28053,Humphreys County,MS,33.1310,-90.5234,54.1,7744,419,candidate_access_gap,county_centroid_beyond_threshold
22037,East Feliciana Parish,LA,30.8398,-91.0434,54.1,19452,453,candidate_access_gap,county_centroid_beyond_threshold
48495,Winkler County,TX,31.8329,-103.0549,54.0,7582,841,candidate_access_gap,county_centroid_beyond_threshold
19145,Page County,IA,40.7391,-95.1443,54.0,15225,535,candidate_access_gap,county_centroid_beyond_threshold
50023,Washington County,VT,44.2750,-72.6094,53.9,59768,687,candidate_access_gap,county_centroid_beyond_threshold
31127,Nemaha County,NE,40.3874,-95.8527,53.8,7019,407,candidate_access_gap,county_centroid_beyond_threshold
17191,Wayne County,IL,38.4319,-88.4324,53.8,16127,714,candidate_access_gap,county_centroid_beyond_threshold
29161,Phelps County,MO,37.8663,-91.7903,53.7,44843,672,candidate_access_gap,county_centroid_beyond_threshold
17025,Clay County,IL,38.7468,-88.4823,53.7,13248,468,candidate_access_gap,county_centroid_beyond_threshold
28085,Lincoln County,MS,31.5352,-90.4536,53.7,34855,586,candidate_access_gap,county_centroid_beyond_threshold
29149,Oregon County,MO,36.6853,-91.4018,53.6,8783,790,candidate_access_gap,county_centroid_beyond_threshold
41057,Tillamook County,OR,45.4559,-123.7593,53.4,27345,1103,candidate_access_gap,county_centroid_beyond_threshold
39131,Pike County,OH,39.0713,-83.0529,53.3,27151,440,candidate_access_gap,county_centroid_beyond_threshold
35055,Taos County,NM,36.5772,-105.6389,53.3,34475,2202,candidate_access_gap,county_centroid_beyond_threshold
48321,Matagorda County,TX,28.7748,-96.0015,53.2,36251,1093,candidate_access_gap,county_centroid_beyond_threshold
47109,McNairy County,TN,35.1754,-88.5637,53.2,25895,563,candidate_access_gap,county_centroid_beyond_threshold
21125,Laurel County,KY,37.1133,-84.1194,53.2,62442,434,candidate_access_gap,county_centroid_beyond_threshold
29077,Greene County,MO,37.2582,-93.3406,53.2,299188,675,candidate_access_gap,county_centroid_beyond_threshold
48191,Hall County,TX,34.4532,-100.5763,53.1,2847,883,candidate_access_gap,county_centroid_beyond_threshold
30065,Musselshell County,MT,46.5053,-108.4398,53.0,4924,1869,candidate_access_gap,county_centroid_beyond_threshold
05067,Jackson County,AR,35.5965,-91.2232,52.9,16784,634,candidate_access_gap,county_centroid_beyond_threshold
31133,Pawnee County,NE,40.1378,-96.2452,52.9,2553,431,candidate_access_gap,county_centroid_beyond_threshold
08075,Logan County,CO,40.7281,-103.0905,52.9,21302,1839,candidate_access_gap,county_centroid_beyond_threshold
45005,Allendale County,SC,32.9798,-81.3633,52.9,8073,408,candidate_access_gap,county_centroid_beyond_threshold
17183,Vermilion County,IL,40.1868,-87.7268,52.9,74113,898,candidate_access_gap,county_centroid_beyond_threshold
01035,Conecuh County,AL,31.4309,-86.9887,52.8,11576,850,candidate_access_gap,county_centroid_beyond_threshold
27159,Wadena County,MN,46.5870,-94.9886,52.8,14108,536,candidate_access_gap,county_centroid_beyond_threshold
05063,Independence County,AR,35.7375,-91.5599,52.7,37910,764,candidate_access_gap,county_centroid_beyond_threshold
54001,Barbour County,WV,39.1397,-79.9969,52.6,15527,341,candidate_access_gap,county_centroid_beyond_threshold
54033,Harrison County,WV,39.2792,-80.3865,52.6,65862,416,candidate_access_gap,county_centroid_beyond_threshold
38043,Kidder County,ND,46.9383,-99.7312,52.6,2391,1351,candidate_access_gap,county_centroid_beyond_threshold
29209,Stone County,MO,36.7458,-93.4578,52.5,31314,464,candidate_access_gap,county_centroid_beyond_threshold
48115,Dawson County,TX,32.7425,-101.9488,52.5,12342,900,candidate_access_gap,county_centroid_beyond_threshold
37095,Hyde County,NC,35.4082,-76.1537,52.4,4636,612,candidate_access_gap,county_centroid_beyond_threshold
19173,Taylor County,IA,40.7379,-94.6971,52.4,5916,532,candidate_access_gap,county_centroid_beyond_threshold
38081,Sargent County,ND,46.1082,-97.6301,52.4,3828,858,candidate_access_gap,county_centroid_beyond_threshold
19159,Ringgold County,IA,40.7353,-94.2443,52.4,4690,535,candidate_access_gap,county_centroid_beyond_threshold
19053,Decatur County,IA,40.7364,-93.7846,52.4,7684,532,candidate_access_gap,county_centroid_beyond_threshold
01047,Dallas County,AL,32.3335,-87.1144,52.4,38326,979,candidate_access_gap,county_centroid_beyond_threshold
55013,Burnett County,WI,45.8669,-92.3757,52.4,16561,822,candidate_access_gap,county_centroid_beyond_threshold
19079,Hamilton County,IA,42.3908,-93.7091,52.3,14979,577,candidate_access_gap,county_centroid_beyond_threshold
48063,Camp County,TX,32.9746,-94.9791,52.3,12543,196,candidate_access_gap,county_centroid_beyond_threshold
48501,Yoakum County,TX,33.1623,-102.8322,52.3,7630,800,candidate_access_gap,county_centroid_beyond_threshold
54007,Braxton County,WV,38.6993,-80.7317,52.2,12505,511,candidate_access_gap,county_centroid_beyond_threshold
29169,Pulaski County,MO,37.8248,-92.2070,52.2,53726,547,candidate_access_gap,county_centroid_beyond_threshold
19089,Howard County,IA,43.3653,-92.3219,52.2,9479,473,candidate_access_gap,county_centroid_beyond_threshold
22021,Caldwell Parish,LA,32.1012,-92.1142,52.1,9658,530,candidate_access_gap,county_centroid_beyond_threshold
47077,Henderson County,TN,35.6540,-88.3877,52.1,27845,520,candidate_access_gap,county_centroid_beyond_threshold
37039,Cherokee County,NC,35.1371,-84.0614,52.1,28868,456,candidate_access_gap,county_centroid_beyond_threshold
40127,Pushmataha County,OK,34.3779,-95.4081,52.0,10845,1396,candidate_access_gap,county_centroid_beyond_threshold
36025,Delaware County,NY,42.1940,-74.9667,51.9,44637,1443,candidate_access_gap,county_centroid_beyond_threshold
36041,Hamilton County,NY,43.6579,-74.5025,51.9,5090,1717,candidate_access_gap,county_centroid_beyond_threshold
19047,Crawford County,IA,42.0431,-95.3891,51.8,16450,714,candidate_access_gap,county_centroid_beyond_threshold
48449,Titus County,TX,33.2146,-94.9668,51.8,31301,406,candidate_access_gap,county_centroid_beyond_threshold
31143,Polk County,NE,41.1879,-97.5707,51.7,5182,439,candidate_access_gap,county_centroid_beyond_threshold
30081,Ravalli County,MT,46.0777,-114.1058,51.7,44876,2391,candidate_access_gap,county_centroid_beyond_threshold
35011,De Baca County,NM,34.3593,-104.3687,51.7,1695,2323,candidate_access_gap,county_centroid_beyond_threshold
35057,Torrance County,NM,34.5550,-105.8906,51.7,15203,3345,candidate_access_gap,county_centroid_beyond_threshold
20193,Thomas County,KS,39.3577,-101.0834,51.6,7907,1075,candidate_access_gap,county_centroid_beyond_threshold
48205,Hartley County,TX,35.8402,-102.6100,51.5,5369,1462,candidate_access_gap,county_centroid_beyond_threshold
48163,Frio County,TX,28.8694,-99.1090,51.5,18151,1134,candidate_access_gap,county_centroid_beyond_threshold
49007,Carbon County,UT,39.6733,-110.5885,51.4,20338,1479,candidate_access_gap,county_centroid_beyond_threshold
21219,Todd County,KY,36.8403,-87.1836,51.4,12281,375,candidate_access_gap,county_centroid_beyond_threshold
46121,Todd County,SD,43.2088,-100.7077,51.4,9353,1389,candidate_access_gap,county_centroid_beyond_threshold
40011,Blaine County,OK,35.8778,-98.4290,51.4,8661,928,candidate_access_gap,county_centroid_beyond_threshold
54071,Pendleton County,WV,38.6745,-79.3406,51.4,6156,696,candidate_access_gap,county_centroid_beyond_threshold
35021,Harding County,NM,35.8594,-103.8534,51.4,671,2125,candidate_access_gap,county_centroid_beyond_threshold
40149,Washita County,OK,35.2901,-98.9922,51.4,10930,1003,candidate_access_gap,county_centroid_beyond_threshold
48137,Edwards County,TX,29.9859,-100.3074,51.3,1380,2118,candidate_access_gap,county_centroid_beyond_threshold
21123,Larue County,KY,37.5445,-85.6968,51.3,14902,261,candidate_access_gap,county_centroid_beyond_threshold
48333,Mills County,TX,31.4949,-98.5946,51.3,4501,748,candidate_access_gap,county_centroid_beyond_threshold
47041,DeKalb County,TN,35.9822,-85.8336,51.3,20209,304,candidate_access_gap,county_centroid_beyond_threshold
28007,Attala County,MS,33.0905,-89.5886,51.2,17842,735,candidate_access_gap,county_centroid_beyond_threshold
48475,Ward County,TX,31.5131,-103.1051,51.2,11347,836,candidate_access_gap,county_centroid_beyond_threshold
26119,Montmorency County,MI,45.0241,-84.1301,51.2,9261,547,candidate_access_gap,county_centroid_beyond_threshold
24045,Wicomico County,MD,38.3674,-75.6321,51.2,103815,374,candidate_access_gap,county_centroid_beyond_threshold
17145,Perry County,IL,38.0844,-89.3685,51.1,20996,442,candidate_access_gap,county_centroid_beyond_threshold
06063,Plumas County,CA,39.9923,-120.8244,51.1,19650,2553,candidate_access_gap,county_centroid_beyond_threshold
26127,Oceana County,MI,43.6040,-86.4672,51.1,26707,538,candidate_access_gap,county_centroid_beyond_threshold
17165,Saline County,IL,37.7515,-88.5450,51.1,23662,380,candidate_access_gap,county_centroid_beyond_threshold
47137,Pickett County,TN,36.5594,-85.0757,51.0,5042,163,candidate_access_gap,county_centroid_beyond_threshold
21003,Allen County,KY,36.7508,-86.1925,51.0,20773,344,candidate_access_gap,county_centroid_beyond_threshold
55091,Pepin County,WI,44.6274,-91.8349,50.9,7363,232,candidate_access_gap,county_centroid_beyond_threshold
28079,Leake County,MS,32.7606,-89.5222,50.8,21335,583,candidate_access_gap,county_centroid_beyond_threshold
21161,Mason County,KY,38.5941,-83.8281,50.8,17068,240,candidate_access_gap,county_centroid_beyond_threshold
31059,Fillmore County,NE,40.5250,-97.5967,50.8,5557,575,candidate_access_gap,county_centroid_beyond_threshold
22125,West Feliciana Parish,LA,30.8734,-91.4218,50.7,15358,403,candidate_access_gap,county_centroid_beyond_threshold
20131,Nemaha County,KS,39.7910,-96.0054,50.7,10219,717,candidate_access_gap,county_centroid_beyond_threshold
26137,Otsego County,MI,45.0218,-84.5766,50.7,25221,515,candidate_access_gap,county_centroid_beyond_threshold
17019,Champaign County,IL,40.1390,-88.1970,50.7,206525,996,candidate_access_gap,county_centroid_beyond_threshold
37043,Clay County,NC,35.0530,-83.7523,50.6,11186,215,candidate_access_gap,county_centroid_beyond_threshold
05071,Johnson County,AR,35.5734,-93.4663,50.6,25925,661,candidate_access_gap,county_centroid_beyond_threshold
18093,Lawrence County,IN,38.8398,-86.4878,50.5,45113,449,candidate_access_gap,county_centroid_beyond_threshold
16043,Fremont County,ID,44.2181,-111.4844,50.5,13519,1864,candidate_access_gap,county_centroid_beyond_threshold
08125,Yuma County,CO,40.0008,-102.4216,50.4,9938,2364,candidate_access_gap,county_centroid_beyond_threshold
21045,Casey County,KY,37.3220,-84.9282,50.3,15942,444,candidate_access_gap,county_centroid_beyond_threshold
17081,Jefferson County,IL,38.3008,-88.9242,50.3,37043,571,candidate_access_gap,county_centroid_beyond_threshold
26085,Lake County,MI,43.9952,-85.8114,50.3,12285,568,candidate_access_gap,county_centroid_beyond_threshold
54017,Doddridge County,WV,39.2643,-80.7115,50.3,7847,320,candidate_access_gap,county_centroid_beyond_threshold
48175,Goliad County,TX,28.6607,-97.4304,50.3,7092,852,candidate_access_gap,county_centroid_beyond_threshold
01013,Butler County,AL,31.7517,-86.6820,50.2,18981,777,candidate_access_gap,county_centroid_beyond_threshold
36113,Warren County,NY,43.5551,-73.8381,50.2,65684,867,candidate_access_gap,county_centroid_beyond_threshold
05115,Pope County,AR,35.4566,-93.0268,50.1,63475,811,candidate_access_gap,county_centroid_beyond_threshold
53057,Skagit County,WA,48.4933,-121.8158,50.1,129480,1730,candidate_access_gap,county_centroid_beyond_threshold
20117,Marshall County,KS,39.7827,-96.5212,50.0,10014,900,candidate_access_gap,county_centroid_beyond_threshold
48075,Childress County,TX,34.5246,-100.2082,49.9,6781,697,candidate_access_gap,county_centroid_beyond_threshold
30015,Chouteau County,MT,47.8868,-110.4362,49.9,5897,3973,candidate_access_gap,county_centroid_beyond_threshold
31095,Jefferson County,NE,40.1757,-97.1431,49.9,7185,570,candidate_access_gap,county_centroid_beyond_threshold
54093,Tucker County,WV,39.1112,-79.5600,49.9,6747,419,candidate_access_gap,county_centroid_beyond_threshold
29171,Putnam County,MO,40.4786,-93.0145,49.9,4698,517,candidate_access_gap,county_centroid_beyond_threshold
22029,Concordia Parish,LA,31.4698,-91.6263,49.9,18677,697,candidate_access_gap,county_centroid_beyond_threshold
18045,Fountain County,IN,40.1212,-87.2349,49.9,16468,396,candidate_access_gap,county_centroid_beyond_threshold
37177,Tyrrell County,NC,35.8704,-76.1653,49.8,3389,391,candidate_access_gap,county_centroid_beyond_threshold
26133,Osceola County,MI,43.9976,-85.3223,49.8,23022,566,candidate_access_gap,county_centroid_beyond_threshold
05027,Columbia County,AR,33.2230,-93.2328,49.8,22707,766,candidate_access_gap,county_centroid_beyond_threshold
39071,Highland County,OH,39.1844,-83.6014,49.8,43285,553,candidate_access_gap,county_centroid_beyond_threshold
10005,Sussex County,DE,38.6732,-75.3370,49.7,240668,936,candidate_access_gap,county_centroid_beyond_threshold
29167,Polk County,MO,37.6168,-93.4008,49.7,31877,636,candidate_access_gap,county_centroid_beyond_threshold
54101,Webster County,WV,38.4835,-80.4491,49.6,8362,553,candidate_access_gap,county_centroid_beyond_threshold
22083,Richland Parish,LA,32.4132,-91.7484,49.6,20028,556,candidate_access_gap,county_centroid_beyond_threshold
13299,Ware County,GA,31.0509,-82.4215,49.6,35917,899,candidate_access_gap,county_centroid_beyond_threshold
27065,Kanabec County,MN,45.9478,-93.2978,49.5,16145,522,candidate_access_gap,county_centroid_beyond_threshold
38037,Grant County,ND,46.3578,-101.6390,49.5,2320,1659,candidate_access_gap,county_centroid_beyond_threshold
38085,Sioux County,ND,46.1106,-101.0613,49.4,3896,1094,candidate_access_gap,county_centroid_beyond_threshold
47111,Macon County,TN,36.5378,-86.0010,49.4,25365,307,candidate_access_gap,county_centroid_beyond_threshold
18017,Cass County,IN,40.7538,-86.3552,49.4,37820,412,candidate_access_gap,county_centroid_beyond_threshold
48233,Hutchinson County,TX,35.8370,-101.3627,49.4,20595,887,candidate_access_gap,county_centroid_beyond_threshold
22003,Allen Parish,LA,30.6527,-92.8196,49.4,22798,762,candidate_access_gap,county_centroid_beyond_threshold
05109,Pike County,AR,34.1582,-93.6587,49.4,10205,600,candidate_access_gap,county_centroid_beyond_threshold
05095,Monroe County,AR,34.6795,-91.2033,49.3,6787,607,candidate_access_gap,county_centroid_beyond_threshold
30049,Lewis and Clark County,MT,47.1320,-112.3734,49.2,71487,3458,candidate_access_gap,county_centroid_beyond_threshold
29179,Reynolds County,MO,37.3665,-90.9723,49.1,6102,808,candidate_access_gap,county_centroid_beyond_threshold
29029,Camden County,MO,38.0265,-92.7653,49.1,43227,656,candidate_access_gap,county_centroid_beyond_threshold
05001,Arkansas County,AR,34.2896,-91.3765,49.0,17024,992,candidate_access_gap,county_centroid_beyond_threshold
30103,Treasure County,MT,46.2271,-107.2753,49.0,680,978,candidate_access_gap,county_centroid_beyond_threshold
31167,Stanton County,NE,41.9050,-97.1771,48.9,5828,428,candidate_access_gap,county_centroid_beyond_threshold
12055,Highlands County,FL,27.3411,-81.3424,48.8,102339,1018,candidate_access_gap,county_centroid_beyond_threshold
08025,Crowley County,CO,38.3062,-103.7727,48.8,5782,787,candidate_access_gap,county_centroid_beyond_threshold
54059,Mingo County,WV,37.7212,-82.1590,48.7,23466,423,candidate_access_gap,county_centroid_beyond_threshold
28077,Lawrence County,MS,31.5500,-90.1075,48.7,11933,431,candidate_access_gap,county_centroid_beyond_threshold
27157,Wabasha County,MN,44.2896,-92.2335,48.6,21460,523,candidate_access_gap,county_centroid_beyond_threshold
22027,Claiborne Parish,LA,32.8272,-92.9897,48.6,14203,755,candidate_access_gap,county_centroid_beyond_threshold
21177,Muhlenberg County,KY,37.2138,-87.1341,48.6,30735,467,candidate_access_gap,county_centroid_beyond_threshold
27127,Redwood County,MN,44.4035,-95.2542,48.6,15428,879,candidate_access_gap,county_centroid_beyond_threshold
19091,Humboldt County,IA,42.7822,-94.2028,48.6,9606,434,candidate_access_gap,county_centroid_beyond_threshold
21135,Lewis County,KY,38.5350,-83.3701,48.5,13063,483,candidate_access_gap,county_centroid_beyond_threshold
18015,Carroll County,IN,40.5850,-86.5651,48.5,20397,372,candidate_access_gap,county_centroid_beyond_threshold
21231,Wayne County,KY,36.8008,-84.8266,48.5,19666,458,candidate_access_gap,county_centroid_beyond_threshold
29005,Atchison County,MO,40.4318,-95.4376,48.4,5270,547,candidate_access_gap,county_centroid_beyond_threshold
31147,Richardson County,NE,40.1237,-95.7186,48.4,7850,552,candidate_access_gap,county_centroid_beyond_threshold
20145,Pawnee County,KS,38.1815,-99.2348,48.3,6288,754,candidate_access_gap,county_centroid_beyond_threshold
51117,Mecklenburg County,VA,36.6873,-78.3690,48.2,30367,625,candidate_access_gap,county_centroid_beyond_threshold
18049,Fulton County,IN,41.0504,-86.2650,48.2,20420,368,candidate_access_gap,county_centroid_beyond_threshold
12029,Dixie County,FL,29.5527,-83.2362,48.2,16737,705,candidate_access_gap,county_centroid_beyond_threshold
29055,Crawford County,MO,37.9666,-91.3139,48.0,23023,742,candidate_access_gap,county_centroid_beyond_threshold
21027,Breckinridge County,KY,37.7780,-86.4329,48.0,20528,570,candidate_access_gap,county_centroid_beyond_threshold
27125,Red Lake County,MN,47.8655,-96.0872,48.0,3912,432,candidate_access_gap,county_centroid_beyond_threshold
39141,Ross County,OH,39.3239,-83.0595,48.0,76957,689,candidate_access_gap,county_centroid_beyond_threshold
29187,St. Francois County,MO,37.8107,-90.4739,47.9,66814,452,candidate_access_gap,county_centroid_beyond_threshold
16033,Clark County,ID,44.2902,-112.3546,47.9,756,1763,candidate_access_gap,county_centroid_beyond_threshold
41011,Coos County,OR,43.1859,-124.0941,47.8,64908,1596,candidate_access_gap,county_centroid_beyond_threshold
30047,Lake County,MT,47.6429,-114.0837,47.8,31509,1490,candidate_access_gap,county_centroid_beyond_threshold
48415,Scurry County,TX,32.7444,-100.9133,47.8,16883,905,candidate_access_gap,county_centroid_beyond_threshold
12075,Levy County,FL,29.2719,-82.8312,47.8,43268,1118,candidate_access_gap,county_centroid_beyond_threshold
27173,Yellow Medicine County,MN,44.7157,-95.8628,47.7,9569,759,candidate_access_gap,county_centroid_beyond_threshold
01129,Washington County,AL,31.4085,-88.2124,47.7,15434,1080,candidate_access_gap,county_centroid_beyond_threshold
48433,Stonewall County,TX,33.1796,-100.2538,47.7,1331,916,candidate_access_gap,county_centroid_beyond_threshold
55019,Clark County,WI,44.7393,-90.6100,47.7,34703,1210,candidate_access_gap,county_centroid_beyond_threshold
21141,Logan County,KY,36.8596,-86.8813,47.7,27498,552,candidate_access_gap,county_centroid_beyond_threshold
55067,Langlade County,WI,45.2549,-89.0671,47.6,19512,871,candidate_access_gap,county_centroid_beyond_threshold
20099,Labette County,KS,37.1915,-95.2975,47.6,20096,645,candidate_access_gap,county_centroid_beyond_threshold
19191,Winneshiek County,IA,43.2930,-91.8508,47.6,20050,690,candidate_access_gap,county_centroid_beyond_threshold
26147,St. Clair County,MI,42.9288,-82.6689,47.6,160257,721,candidate_access_gap,county_centroid_beyond_threshold
22051,Jefferson Parish,LA,29.5033,-90.0362,47.5,436171,301,candidate_access_gap,county_centroid_beyond_threshold
36017,Chenango County,NY,42.4780,-75.6022,47.5,47096,893,candidate_access_gap,county_centroid_beyond_threshold
30079,Prairie County,MT,46.8124,-105.5039,47.5,1283,1737,candidate_access_gap,county_centroid_beyond_threshold
22115,Vernon Parish,LA,31.1028,-93.1883,47.5,48452,1327,candidate_access_gap,county_centroid_beyond_threshold
56003,Big Horn County,WY,44.5251,-107.9948,47.4,11690,3137,candidate_access_gap,county_centroid_beyond_threshold
13281,Towns County,GA,34.9025,-83.7323,47.4,12546,166,candidate_access_gap,county_centroid_beyond_threshold
29061,Daviess County,MO,39.9628,-93.9701,47.3,8418,563,candidate_access_gap,county_centroid_beyond_threshold
48369,Parmer County,TX,34.5322,-102.7849,47.2,9809,881,candidate_access_gap,county_centroid_beyond_threshold
36023,Cortland County,NY,42.5940,-76.0762,47.2,46755,499,candidate_access_gap,county_centroid_beyond_threshold
48335,Mitchell County,TX,32.3041,-100.9244,47.2,8947,911,candidate_access_gap,county_centroid_beyond_threshold
51111,Lunenburg County,VA,36.9456,-78.2405,47.2,11988,432,candidate_access_gap,county_centroid_beyond_threshold
16009,Benewah County,ID,47.2185,-116.6335,47.2,9731,777,candidate_access_gap,county_centroid_beyond_threshold
47161,Stewart County,TN,36.4585,-87.8119,47.2,13724,460,candidate_access_gap,county_centroid_beyond_threshold
48079,Cochran County,TX,33.6084,-102.8304,47.1,2529,775,candidate_access_gap,county_centroid_beyond_threshold
24037,St. Mary's County,MD,38.2231,-76.5345,47.1,113814,359,candidate_access_gap,county_centroid_beyond_threshold
05055,Greene County,AR,36.1206,-90.5663,47.1,45954,577,candidate_access_gap,county_centroid_beyond_threshold
17199,Williamson County,IL,37.7304,-88.9300,47.1,67120,420,candidate_access_gap,county_centroid_beyond_threshold
23005,Cumberland County,ME,43.8083,-70.3304,47.0,303357,836,candidate_access_gap,county_centroid_beyond_threshold
50003,Bennington County,VT,43.0353,-73.1115,47.0,37326,674,candidate_access_gap,county_centroid_beyond_threshold
29227,Worth County,MO,40.4805,-94.4192,47.0,1982,267,candidate_access_gap,county_centroid_beyond_threshold
19061,Dubuque County,IA,42.4635,-90.8788,46.8,98812,608,candidate_access_gap,county_centroid_beyond_threshold
48227,Howard County,TX,32.3034,-101.4387,46.8,34488,901,candidate_access_gap,county_centroid_beyond_threshold
21071,Floyd County,KY,37.5525,-82.7397,46.8,35780,393,candidate_access_gap,county_centroid_beyond_threshold
20007,Barber County,KS,37.2229,-98.6851,46.7,4081,1134,candidate_access_gap,county_centroid_beyond_threshold
29015,Benton County,MO,38.3010,-93.2879,46.7,19616,704,candidate_access_gap,county_centroid_beyond_threshold
47185,White County,TN,35.9270,-85.4558,46.7,27420,377,candidate_access_gap,county_centroid_beyond_threshold
01045,Dale County,AL,31.4307,-85.6095,46.7,49455,561,candidate_access_gap,county_centroid_beyond_threshold
18157,Tippecanoe County,IN,40.3891,-86.8936,46.6,186955,499,candidate_access_gap,county_centroid_beyond_threshold
27091,Martin County,MN,43.6772,-94.5471,46.6,19960,712,candidate_access_gap,county_centroid_beyond_threshold
31185,York County,NE,40.8731,-97.5967,46.6,14212,573,candidate_access_gap,county_centroid_beyond_threshold
30061,Mineral County,MT,47.1297,-115.0854,46.6,4652,1220,candidate_access_gap,county_centroid_beyond_threshold
05077,Lee County,AR,34.7795,-90.7797,46.6,8666,600,candidate_access_gap,county_centroid_beyond_threshold
18105,Monroe County,IN,39.1607,-86.5233,46.5,140065,395,candidate_access_gap,county_centroid_beyond_threshold
22041,Franklin Parish,LA,32.1391,-91.6724,46.4,19752,624,candidate_access_gap,county_centroid_beyond_threshold
55075,Marinette County,WI,45.3469,-87.9912,46.3,41827,1399,candidate_access_gap,county_centroid_beyond_threshold
47159,Smith County,TN,36.2566,-85.9419,46.3,20034,314,candidate_access_gap,county_centroid_beyond_threshold
22045,Iberia Parish,LA,29.6060,-91.8427,46.3,69958,575,candidate_access_gap,county_centroid_beyond_threshold
21183,Ohio County,KY,37.4779,-86.8449,46.3,23782,587,candidate_access_gap,county_centroid_beyond_threshold
01005,Barbour County,AL,31.8703,-85.4051,46.3,24877,885,candidate_access_gap,county_centroid_beyond_threshold
41015,Curry County,OR,42.4664,-124.2109,46.3,23404,1628,candidate_access_gap,county_centroid_beyond_threshold
21131,Leslie County,KY,37.0878,-83.3886,46.2,10468,401,candidate_access_gap,county_centroid_beyond_threshold
45067,Marion County,SC,34.0836,-79.3540,46.2,29212,489,candidate_access_gap,county_centroid_beyond_threshold
53027,Grays Harbor County,WA,47.1137,-123.8267,46.2,75672,1901,candidate_access_gap,county_centroid_beyond_threshold
22053,Jefferson Davis Parish,LA,30.2695,-92.8162,46.1,32277,652,candidate_access_gap,county_centroid_beyond_threshold
36073,Orleans County,NY,43.3399,-78.2070,46.1,40148,391,candidate_access_gap,county_centroid_beyond_threshold
27021,Cass County,MN,46.9517,-94.3337,45.9,30288,2021,candidate_access_gap,county_centroid_beyond_threshold
31027,Cedar County,NE,42.6046,-97.2569,45.9,8375,740,candidate_access_gap,county_centroid_beyond_threshold
46123,Tripp County,SD,43.3497,-99.8762,45.9,5607,1612,candidate_access_gap,county_centroid_beyond_threshold
22123,West Carroll Parish,LA,32.7925,-91.4520,45.9,9800,360,candidate_access_gap,county_centroid_beyond_threshold
48327,Menard County,TX,30.8853,-99.8589,45.8,1964,902,candidate_access_gap,county_centroid_beyond_threshold
28097,Montgomery County,MS,33.5007,-89.6396,45.8,9803,407,candidate_access_gap,county_centroid_beyond_threshold
38029,Emmons County,ND,46.2843,-100.2378,45.8,3297,1508,candidate_access_gap,county_centroid_beyond_threshold
26069,Iosco County,MI,44.3869,-83.3801,45.7,25319,549,candidate_access_gap,county_centroid_beyond_threshold
55023,Crawford County,WI,43.2428,-90.9352,45.7,16123,571,candidate_access_gap,county_centroid_beyond_threshold
54031,Hardy County,WV,39.0114,-78.8417,45.7,14249,582,candidate_access_gap,county_centroid_beyond_threshold
01031,Coffee County,AL,31.4023,-85.9896,45.7,53559,679,candidate_access_gap,county_centroid_beyond_threshold
50021,Rutland County,VT,43.6124,-73.0603,45.6,60585,931,candidate_access_gap,county_centroid_beyond_threshold
29123,Madison County,MO,37.4745,-90.3434,45.6,12649,494,candidate_access_gap,county_centroid_beyond_threshold
48351,Newton County,TX,30.7867,-93.7392,45.6,12333,934,candidate_access_gap,county_centroid_beyond_threshold
05051,Garland County,AR,34.5789,-93.1469,45.6,100021,678,candidate_access_gap,county_centroid_beyond_threshold
35009,Curry County,NM,34.5730,-103.3461,45.5,48327,1406,candidate_access_gap,county_centroid_beyond_threshold
56027,Niobrara County,WY,43.0622,-104.4684,45.4,2460,2626,candidate_access_gap,county_centroid_beyond_threshold
21121,Knox County,KY,36.8885,-83.8556,45.4,30207,386,candidate_access_gap,county_centroid_beyond_threshold
05141,Van Buren County,AR,35.5830,-92.5160,45.4,15900,710,candidate_access_gap,county_centroid_beyond_threshold
48285,Lavaca County,TX,29.3826,-96.9236,45.4,20379,970,candidate_access_gap,county_centroid_beyond_threshold
48503,Young County,TX,33.1588,-98.6784,45.4,17903,914,candidate_access_gap,county_centroid_beyond_threshold
28135,Tallahatchie County,MS,33.9545,-90.1722,45.3,12621,646,candidate_access_gap,county_centroid_beyond_threshold
36099,Seneca County,NY,42.7823,-76.8271,45.3,33651,324,candidate_access_gap,county_centroid_beyond_threshold
48393,Roberts County,TX,35.8386,-100.8367,45.3,764,924,candidate_access_gap,county_centroid_beyond_threshold
13061,Clay County,GA,31.6198,-84.9926,45.3,2855,195,candidate_access_gap,county_centroid_beyond_threshold
28147,Walthall County,MS,31.1645,-90.1034,45.3,13888,404,candidate_access_gap,county_centroid_beyond_threshold
08017,Cheyenne County,CO,38.8356,-102.6018,45.2,1726,1778,candidate_access_gap,county_centroid_beyond_threshold
19167,Sioux County,IA,43.0826,-96.1780,45.1,35815,768,candidate_access_gap,county_centroid_beyond_threshold
05121,Randolph County,AR,36.3413,-91.0284,45.1,18619,652,candidate_access_gap,county_centroid_beyond_threshold
26121,Muskegon County,MI,43.4287,-86.4209,45.1,175947,504,candidate_access_gap,county_centroid_beyond_threshold
48395,Robertson County,TX,31.0255,-96.5149,45.0,16912,855,candidate_access_gap,county_centroid_beyond_threshold
06005,Amador County,CA,38.4435,-120.6539,45.0,40577,595,candidate_access_gap,county_centroid_beyond_threshold
55069,Lincoln County,WI,45.3331,-89.7322,45.0,28402,879,candidate_access_gap,county_centroid_beyond_threshold
18123,Perry County,IN,38.0814,-86.6265,44.9,19186,382,candidate_access_gap,county_centroid_beyond_threshold
22033,East Baton Rouge Parish,LA,30.5439,-91.0931,44.9,454369,456,candidate_access_gap,county_centroid_beyond_threshold
38031,Foster County,ND,47.4714,-98.8729,44.9,3388,634,candidate_access_gap,county_centroid_beyond_threshold
45025,Chesterfield County,SC,34.6370,-80.1592,44.8,43536,799,candidate_access_gap,county_centroid_beyond_threshold
29079,Grundy County,MO,40.1125,-93.5651,44.8,9878,435,candidate_access_gap,county_centroid_beyond_threshold
19093,Ida County,IA,42.3919,-95.5074,44.7,6969,432,candidate_access_gap,county_centroid_beyond_threshold
32001,Churchill County,NV,39.5377,-118.2642,44.7,25409,4950,candidate_access_gap,county_centroid_beyond_threshold
47005,Benton County,TN,36.0709,-88.0712,44.6,15933,394,candidate_access_gap,county_centroid_beyond_threshold
13001,Appling County,GA,31.7397,-82.2901,44.5,18441,508,candidate_access_gap,county_centroid_beyond_threshold
55007,Bayfield County,WI,46.6342,-91.1773,44.5,16214,1478,candidate_access_gap,county_centroid_beyond_threshold
46027,Clay County,SD,42.9162,-96.9805,44.5,14953,412,candidate_access_gap,county_centroid_beyond_threshold
48161,Freestone County,TX,31.7017,-96.1450,44.4,19599,878,candidate_access_gap,county_centroid_beyond_threshold
05079,Lincoln County,AR,33.9564,-91.7424,44.4,13016,559,candidate_access_gap,county_centroid_beyond_threshold
22121,West Baton Rouge Parish,LA,30.4641,-91.3098,44.4,27377,192,candidate_access_gap,county_centroid_beyond_threshold
16081,Teton County,ID,43.7610,-111.2118,44.4,11813,449,candidate_access_gap,county_centroid_beyond_threshold
56001,Albany County,WY,41.6655,-105.7219,44.3,37525,4274,candidate_access_gap,county_centroid_beyond_threshold
12043,Glades County,FL,26.9548,-81.1908,44.3,12179,807,candidate_access_gap,county_centroid_beyond_threshold
16071,Oneida County,ID,42.1839,-112.5204,44.3,4572,1199,candidate_access_gap,county_centroid_beyond_threshold
27073,Lac qui Parle County,MN,44.9998,-96.1769,44.2,6736,765,candidate_access_gap,county_centroid_beyond_threshold
01041,Crenshaw County,AL,31.7303,-86.3200,44.1,13205,609,candidate_access_gap,county_centroid_beyond_threshold
45029,Colleton County,SC,32.8494,-80.6564,44.1,38561,1056,candidate_access_gap,county_centroid_beyond_threshold
16029,Caribou County,ID,42.7861,-111.5443,44.1,7058,1764,candidate_access_gap,county_centroid_beyond_threshold
40105,Nowata County,OK,36.7896,-95.6133,44.0,9460,566,candidate_access_gap,county_centroid_beyond_threshold
48169,Garza County,TX,33.1838,-101.3011,44.0,5735,893,candidate_access_gap,county_centroid_beyond_threshold
37185,Warren County,NC,36.3981,-78.0999,44.0,18803,429,candidate_access_gap,county_centroid_beyond_threshold
26079,Kalkaska County,MI,44.6789,-85.0890,44.0,17934,560,candidate_access_gap,county_centroid_beyond_threshold
51027,Buchanan County,VA,37.2681,-82.0382,43.9,20246,503,candidate_access_gap,county_centroid_beyond_threshold
29025,Caldwell County,MO,39.6590,-93.9792,43.9,8876,426,candidate_access_gap,county_centroid_beyond_threshold
49031,Piute County,UT,38.3359,-112.1294,43.9,1764,758,candidate_access_gap,county_centroid_beyond_threshold
08023,Costilla County,CO,37.2775,-105.4289,43.7,3534,1228,candidate_access_gap,county_centroid_beyond_threshold
05099,Nevada County,AR,33.6667,-93.3051,43.7,8292,618,candidate_access_gap,county_centroid_beyond_threshold
19109,Kossuth County,IA,43.2124,-94.2140,43.7,14718,973,candidate_access_gap,county_centroid_beyond_threshold
20185,Stafford County,KS,38.0356,-98.7199,43.5,4054,792,candidate_access_gap,county_centroid_beyond_threshold
48193,Hamilton County,TX,31.7073,-98.1118,43.4,8244,836,candidate_access_gap,county_centroid_beyond_threshold
27039,Dodge County,MN,44.0207,-92.8694,43.4,20893,439,candidate_access_gap,county_centroid_beyond_threshold
36115,Washington County,NY,43.3124,-73.4394,43.3,61310,831,candidate_access_gap,county_centroid_beyond_threshold
17041,Douglas County,IL,39.7661,-88.2229,43.3,19714,417,candidate_access_gap,county_centroid_beyond_threshold
06047,Merced County,CA,37.1948,-120.7228,43.3,282290,1938,candidate_access_gap,county_centroid_beyond_threshold
06053,Monterey County,CA,36.2401,-121.3156,43.3,437609,3282,candidate_access_gap,county_centroid_beyond_threshold
48211,Hemphill County,TX,35.8160,-100.2792,43.2,3371,906,candidate_access_gap,county_centroid_beyond_threshold
21229,Washington County,KY,37.7542,-85.1754,43.2,12025,297,candidate_access_gap,county_centroid_beyond_threshold
19035,Cherokee County,IA,42.7427,-95.6333,43.2,11601,577,candidate_access_gap,county_centroid_beyond_threshold
13161,Jeff Davis County,GA,31.8116,-82.6368,43.2,14791,331,candidate_access_gap,county_centroid_beyond_threshold
08043,Fremont County,CO,38.4552,-105.4250,43.1,49107,1534,candidate_access_gap,county_centroid_beyond_threshold
28043,Grenada County,MS,33.7700,-89.8027,43.1,21474,422,candidate_access_gap,county_centroid_beyond_threshold
28119,Quitman County,MS,34.2528,-90.2902,43.1,6113,405,candidate_access_gap,county_centroid_beyond_threshold
05039,Dallas County,AR,33.9678,-92.6540,43.1,6472,667,candidate_access_gap,county_centroid_beyond_threshold
27087,Mahnomen County,MN,47.3284,-95.8111,43.0,5389,558,candidate_access_gap,county_centroid_beyond_threshold
19083,Hardin County,IA,42.3902,-93.2417,43.0,16861,569,candidate_access_gap,county_centroid_beyond_threshold
18111,Newton County,IN,40.9624,-87.4022,43.0,13829,402,candidate_access_gap,county_centroid_beyond_threshold
55011,Buffalo County,WI,44.3856,-91.7613,42.9,13329,676,candidate_access_gap,county_centroid_beyond_threshold
40035,Craig County,OK,36.7639,-95.2016,42.9,14144,761,candidate_access_gap,county_centroid_beyond_threshold
20035,Cowley County,KS,37.2345,-96.8372,42.9,34661,1126,candidate_access_gap,county_centroid_beyond_threshold
26073,Isabella County,MI,43.6452,-84.8394,42.8,64938,573,candidate_access_gap,county_centroid_beyond_threshold
21119,Knott County,KY,37.3544,-82.9525,42.8,14282,352,candidate_access_gap,county_centroid_beyond_threshold
48431,Sterling County,TX,31.8358,-101.0549,42.7,1392,923,candidate_access_gap,county_centroid_beyond_threshold
41041,Lincoln County,OR,44.6411,-123.9112,42.7,50334,981,candidate_access_gap,county_centroid_beyond_threshold
36075,Oswego County,NY,43.4614,-76.2093,42.6,118037,952,candidate_access_gap,county_centroid_beyond_threshold
47035,Cumberland County,TN,35.9524,-84.9948,42.5,61552,681,candidate_access_gap,county_centroid_beyond_threshold
22069,Natchitoches Parish,LA,31.7325,-93.0825,42.4,37478,1253,candidate_access_gap,county_centroid_beyond_threshold
08045,Garfield County,CO,39.5994,-107.9098,42.4,61683,2947,candidate_access_gap,county_centroid_beyond_threshold
28041,Greene County,MS,31.2128,-88.6348,42.3,13672,713,candidate_access_gap,county_centroid_beyond_threshold
46093,Meade County,SD,44.6053,-102.7142,42.3,29970,3471,candidate_access_gap,county_centroid_beyond_threshold
22013,Bienville Parish,LA,32.3410,-93.0412,42.3,12958,811,candidate_access_gap,county_centroid_beyond_threshold
36069,Ontario County,NY,42.8564,-77.3035,42.3,112288,644,candidate_access_gap,county_centroid_beyond_threshold
21091,Hancock County,KY,37.8433,-86.7928,42.3,9058,188,candidate_access_gap,county_centroid_beyond_threshold
42023,Cameron County,PA,41.4383,-78.1983,42.2,4536,396,candidate_access_gap,county_centroid_beyond_threshold
37075,Graham County,NC,35.3484,-83.8309,42.2,8047,292,candidate_access_gap,county_centroid_beyond_threshold
47135,Perry County,TN,35.6638,-87.8693,42.2,8432,415,candidate_access_gap,county_centroid_beyond_threshold
55033,Dunn County,WI,44.9478,-91.8976,42.2,45221,850,candidate_access_gap,county_centroid_beyond_threshold
06017,El Dorado County,CA,38.7856,-120.5342,42.1,191713,1708,candidate_access_gap,county_centroid_beyond_threshold
42047,Elk County,PA,41.4273,-78.6539,42.1,30886,827,candidate_access_gap,county_centroid_beyond_threshold
21013,Bell County,KY,36.7289,-83.6807,42.1,24248,359,candidate_access_gap,county_centroid_beyond_threshold
45023,Chester County,SC,34.6893,-81.1612,42.0,32171,581,candidate_access_gap,county_centroid_beyond_threshold
27085,McLeod County,MN,44.8217,-94.2723,42.0,36727,492,candidate_access_gap,county_centroid_beyond_threshold
53015,Cowlitz County,WA,46.1968,-122.6785,42.0,110621,1141,candidate_access_gap,county_centroid_beyond_threshold
05059,Hot Spring County,AR,34.3152,-92.9441,41.9,33129,615,candidate_access_gap,county_centroid_beyond_threshold
17079,Jasper County,IL,39.0049,-88.1507,41.9,9295,495,candidate_access_gap,county_centroid_beyond_threshold
06011,Colusa County,CA,39.1777,-122.2376,41.9,21811,1151,candidate_access_gap,county_centroid_beyond_threshold
48177,Gonzales County,TX,29.4619,-97.4919,41.9,19736,1067,candidate_access_gap,county_centroid_beyond_threshold
48341,Moore County,TX,35.8357,-101.8905,41.8,21284,900,candidate_access_gap,county_centroid_beyond_threshold
18071,Jackson County,IN,38.9120,-86.0425,41.8,46212,510,candidate_access_gap,county_centroid_beyond_threshold
22057,Lafourche Parish,LA,29.4920,-90.3948,41.8,97220,1068,candidate_access_gap,county_centroid_beyond_threshold
22011,Beauregard Parish,LA,30.6450,-93.3403,41.7,36553,1157,candidate_access_gap,county_centroid_beyond_threshold
48207,Haskell County,TX,33.1760,-99.7308,41.7,5408,903,candidate_access_gap,county_centroid_beyond_threshold
40023,Choctaw County,OK,34.0277,-95.5541,41.7,14285,770,candidate_access_gap,county_centroid_beyond_threshold
48461,Upton County,TX,31.3538,-102.0415,41.7,3284,1241,candidate_access_gap,county_centroid_beyond_threshold
21047,Christian County,KY,36.8921,-87.4930,41.7,72766,718,candidate_access_gap,county_centroid_beyond_threshold
21159,Martin County,KY,37.7968,-82.5066,41.7,11298,230,candidate_access_gap,county_centroid_beyond_threshold
47063,Hamblen County,TN,36.2184,-83.2661,41.6,64531,161,candidate_access_gap,county_centroid_beyond_threshold
29186,Ste. Genevieve County,MO,37.8858,-90.1615,41.6,18494,499,candidate_access_gap,county_centroid_beyond_threshold
12087,Monroe County,FL,25.5861,-81.0226,41.5,82044,983,candidate_access_gap,county_centroid_beyond_threshold
48343,Morris County,TX,33.1165,-94.7313,41.5,11993,252,candidate_access_gap,county_centroid_beyond_threshold
31179,Wayne County,NE,42.2107,-97.1262,41.4,9701,443,candidate_access_gap,county_centroid_beyond_threshold
29103,Knox County,MO,40.1369,-92.1468,41.4,3772,504,candidate_access_gap,county_centroid_beyond_threshold
53045,Mason County,WA,47.3508,-123.1731,41.4,66053,960,candidate_access_gap,county_centroid_beyond_threshold
22091,St. Helena Parish,LA,30.8225,-90.7083,41.4,10872,409,candidate_access_gap,county_centroid_beyond_threshold
19185,Wayne County,IA,40.7400,-93.3326,41.4,6484,525,candidate_access_gap,county_centroid_beyond_threshold
27097,Morrison County,MN,46.0205,-94.2666,41.3,34023,1125,candidate_access_gap,county_centroid_beyond_threshold
19055,Delaware County,IA,42.4730,-91.3668,41.3,17523,578,candidate_access_gap,county_centroid_beyond_threshold
54021,Gilmer County,WV,38.9159,-80.8494,41.2,7444,339,candidate_access_gap,county_centroid_beyond_threshold
27045,Fillmore County,MN,43.6792,-92.0939,41.2,21251,861,candidate_access_gap,county_centroid_beyond_threshold
05147,Woodruff County,AR,35.1928,-91.2445,41.2,6259,586,candidate_access_gap,county_centroid_beyond_threshold
27095,Mille Lacs County,MN,45.9290,-93.6330,41.2,26680,572,candidate_access_gap,county_centroid_beyond_threshold
20101,Lane County,KS,38.4813,-100.4662,41.2,1528,717,candidate_access_gap,county_centroid_beyond_threshold
27015,Brown County,MN,44.2465,-94.7336,41.2,25880,611,candidate_access_gap,county_centroid_beyond_threshold
42031,Clarion County,PA,41.1982,-79.4204,41.2,37489,601,candidate_access_gap,county_centroid_beyond_threshold
42121,Venango County,PA,41.4007,-79.7658,41.1,50475,674,candidate_access_gap,county_centroid_beyond_threshold
21093,Hardin County,KY,37.6958,-85.9632,41.1,111005,624,candidate_access_gap,county_centroid_beyond_threshold
48315,Marion County,TX,32.7982,-94.3569,41.1,9668,381,candidate_access_gap,county_centroid_beyond_threshold
47015,Cannon County,TN,35.8084,-86.0624,41.1,14481,266,candidate_access_gap,county_centroid_beyond_threshold
17053,Ford County,IL,40.5965,-88.2246,41.1,13484,486,candidate_access_gap,county_centroid_beyond_threshold
12005,Bay County,FL,30.1591,-85.5344,41.0,181055,759,candidate_access_gap,county_centroid_beyond_threshold
20029,Cloud County,KS,39.4873,-97.6414,41.0,9008,715,candidate_access_gap,county_centroid_beyond_threshold
25003,Berkshire County,MA,42.3715,-73.2179,41.0,128763,927,candidate_access_gap,county_centroid_beyond_threshold
48365,Panola County,TX,32.1640,-94.3052,41.0,22540,811,candidate_access_gap,county_centroid_beyond_threshold
45057,Lancaster County,SC,34.6868,-80.7037,41.0,97611,549,candidate_access_gap,county_centroid_beyond_threshold
28063,Jefferson County,MS,31.7336,-91.0439,40.9,7207,520,candidate_access_gap,county_centroid_beyond_threshold
29033,Carroll County,MO,39.4274,-93.5002,40.8,8513,695,candidate_access_gap,county_centroid_beyond_threshold
54091,Taylor County,WV,39.3325,-80.0466,40.8,16602,173,candidate_access_gap,county_centroid_beyond_threshold
30095,Stillwater County,MT,45.6585,-109.3816,40.8,8978,1797,candidate_access_gap,county_centroid_beyond_threshold
21051,Clay County,KY,37.1643,-83.7155,40.8,20322,469,candidate_access_gap,county_centroid_beyond_threshold
45089,Williamsburg County,SC,33.6265,-79.7165,40.8,30879,934,candidate_access_gap,county_centroid_beyond_threshold
48277,Lamar County,TX,33.6673,-95.5703,40.8,50149,907,candidate_access_gap,county_centroid_beyond_threshold
51159,Richmond County,VA,37.9429,-76.7306,40.8,8968,191,candidate_access_gap,county_centroid_beyond_threshold
36049,Lewis County,NY,43.7827,-75.4441,40.8,26690,1276,candidate_access_gap,county_centroid_beyond_threshold
19157,Poweshiek County,IA,41.6846,-92.5229,40.8,18608,585,candidate_access_gap,county_centroid_beyond_threshold
22025,Catahoula Parish,LA,31.6665,-91.8467,40.7,8895,708,candidate_access_gap,county_centroid_beyond_threshold
01077,Lauderdale County,AL,34.9042,-87.6511,40.7,94329,668,candidate_access_gap,county_centroid_beyond_threshold
08121,Washington County,CO,39.9658,-103.2097,40.7,4817,2518,candidate_access_gap,county_centroid_beyond_threshold
54023,Grant County,WV,39.1060,-79.1951,40.6,11034,477,candidate_access_gap,county_centroid_beyond_threshold
25019,Nantucket County,MA,41.2934,-70.1022,40.6,14065,46,candidate_access_gap,county_centroid_beyond_threshold
21115,Johnson County,KY,37.8478,-82.8301,40.6,22631,262,candidate_access_gap,county_centroid_beyond_threshold
13069,Coffee County,GA,31.5492,-82.8449,40.6,43056,592,candidate_access_gap,county_centroid_beyond_threshold
08049,Grand County,CO,40.1131,-106.1108,40.6,15724,1846,candidate_access_gap,county_centroid_beyond_threshold
16025,Camas County,ID,43.5026,-114.7721,40.6,1133,1074,candidate_access_gap,county_centroid_beyond_threshold
01033,Colbert County,AL,34.7031,-87.8015,40.5,57270,593,candidate_access_gap,county_centroid_beyond_threshold
19137,Montgomery County,IA,41.0217,-95.1578,40.5,10285,424,candidate_access_gap,county_centroid_beyond_threshold
27005,Becker County,MN,46.9376,-95.7418,40.5,35202,1315,candidate_access_gap,county_centroid_beyond_threshold
16083,Twin Falls County,ID,42.3523,-114.6656,40.5,90592,1922,candidate_access_gap,county_centroid_beyond_threshold
47049,Fentress County,TN,36.3699,-84.9378,40.4,18642,499,candidate_access_gap,county_centroid_beyond_threshold
19005,Allamakee County,IA,43.2750,-91.3828,40.4,14046,639,candidate_access_gap,county_centroid_beyond_threshold
47113,Madison County,TN,35.6061,-88.8334,40.4,98644,557,candidate_access_gap,county_centroid_beyond_threshold
21201,Robertson County,KY,38.5135,-84.0642,40.4,2207,100,candidate_access_gap,county_centroid_beyond_threshold
21213,Simpson County,KY,36.7409,-86.5818,40.4,19574,234,candidate_access_gap,county_centroid_beyond_threshold
48505,Zapata County,TX,26.9970,-99.1826,40.4,13896,998,candidate_access_gap,county_centroid_beyond_threshold
19097,Jackson County,IA,42.1642,-90.5746,40.3,19470,636,candidate_access_gap,county_centroid_beyond_threshold
21095,Harlan County,KY,36.8592,-83.2215,40.3,26589,466,candidate_access_gap,county_centroid_beyond_threshold
48019,Bandera County,TX,29.7564,-99.2483,40.3,21182,791,candidate_access_gap,county_centroid_beyond_threshold
13229,Pierce County,GA,31.3540,-82.2104,40.2,19822,340,candidate_access_gap,county_centroid_beyond_threshold
17015,Carroll County,IL,42.0709,-89.9242,40.2,15594,445,candidate_access_gap,county_centroid_beyond_threshold
51193,Westmoreland County,VA,38.1093,-76.8039,40.2,18480,229,candidate_access_gap,county_centroid_beyond_threshold
49055,Wayne County,UT,38.2599,-110.9909,40.2,2532,2461,candidate_access_gap,county_centroid_beyond_threshold
38039,Griggs County,ND,47.4563,-98.2323,40.1,2309,709,candidate_access_gap,county_centroid_beyond_threshold
37143,Perquimans County,NC,36.1809,-76.4032,40.1,13053,247,candidate_access_gap,county_centroid_beyond_threshold
53049,Pacific County,WA,46.5566,-123.7824,40.1,23396,933,candidate_access_gap,county_centroid_beyond_threshold
35019,Guadalupe County,NM,34.8698,-104.7850,40.1,4413,3030,candidate_access_gap,county_centroid_beyond_threshold
48093,Comanche County,TX,31.9516,-98.5496,40.1,13651,938,candidate_access_gap,county_centroid_beyond_threshold
48261,Kenedy County,TX,26.8902,-97.5911,40.1,116,1459,candidate_access_gap,county_centroid_beyond_threshold
47069,Hardeman County,TN,35.2188,-88.9887,40.1,25519,668,candidate_access_gap,county_centroid_beyond_threshold
20073,Greenwood County,KS,37.8793,-96.2417,40.1,6001,1143,candidate_access_gap,county_centroid_beyond_threshold
36067,Onondaga County,NY,43.0065,-76.1961,40.0,472637,778,candidate_access_gap,county_centroid_beyond_threshold
22087,St. Bernard Parish,LA,29.9181,-89.2635,40.0,44038,378,candidate_access_gap,county_centroid_beyond_threshold
01109,Pike County,AL,31.7987,-85.9416,39.9,32997,672,candidate_access_gap,county_centroid_beyond_threshold
05025,Cleveland County,AR,33.8932,-92.1887,39.9,7548,598,candidate_access_gap,county_centroid_beyond_threshold
18073,Jasper County,IN,41.0177,-87.1188,39.9,33045,560,candidate_access_gap,county_centroid_beyond_threshold
51133,Northumberland County,VA,37.8570,-76.3797,39.8,12007,191,candidate_access_gap,county_centroid_beyond_threshold
22007,Assumption Parish,LA,29.9033,-91.0652,39.8,21067,344,candidate_access_gap,county_centroid_beyond_threshold
46091,Marshall County,SD,45.7370,-97.5809,39.7,4363,838,candidate_access_gap,county_centroid_beyond_threshold
39145,Scioto County,OH,38.8149,-82.9987,39.7,73716,610,candidate_access_gap,county_centroid_beyond_threshold
21069,Fleming County,KY,38.3678,-83.6992,39.6,15111,349,candidate_access_gap,county_centroid_beyond_threshold
51147,Prince Edward County,VA,37.2249,-78.4330,39.6,21922,350,candidate_access_gap,county_centroid_beyond_threshold
28003,Alcorn County,MS,34.8866,-88.5811,39.6,34717,400,candidate_access_gap,county_centroid_beyond_threshold
18037,Dubois County,IN,38.3733,-86.8734,39.6,43584,427,candidate_access_gap,county_centroid_beyond_threshold
21133,Letcher County,KY,37.1185,-82.8613,39.6,21490,338,candidate_access_gap,county_centroid_beyond_threshold
46117,Stanley County,SD,44.4140,-100.7478,39.6,2979,1444,candidate_access_gap,county_centroid_beyond_threshold
17035,Cumberland County,IL,39.2731,-88.2406,39.5,10447,346,candidate_access_gap,county_centroid_beyond_threshold
51049,Cumberland County,VA,37.5202,-78.2528,39.5,9697,297,candidate_access_gap,county_centroid_beyond_threshold
48457,Tyler County,TX,30.7693,-94.3757,39.5,19962,924,candidate_access_gap,county_centroid_beyond_threshold
06105,Trinity County,CA,40.6479,-123.1147,39.5,15889,3179,candidate_access_gap,county_centroid_beyond_threshold
48455,Trinity County,TX,31.0967,-95.1517,39.5,13735,694,candidate_access_gap,county_centroid_beyond_threshold
21193,Perry County,KY,37.2413,-83.2178,39.4,28136,340,candidate_access_gap,county_centroid_beyond_threshold
51057,Essex County,VA,37.9364,-76.9337,39.4,10602,257,candidate_access_gap,county_centroid_beyond_threshold
18131,Pulaski County,IN,41.0453,-86.6925,39.3,12498,434,candidate_access_gap,county_centroid_beyond_threshold
01037,Coosa County,AL,32.9314,-86.2435,39.3,10329,651,candidate_access_gap,county_centroid_beyond_threshold
56015,Goshen County,WY,42.0895,-104.3535,39.3,12592,2226,candidate_access_gap,county_centroid_beyond_threshold
47125,Montgomery County,TN,36.5004,-87.3809,39.3,222305,539,candidate_access_gap,county_centroid_beyond_threshold
47003,Bedford County,TN,35.5137,-86.4583,39.2,50533,474,candidate_access_gap,county_centroid_beyond_threshold
19015,Boone County,IA,42.0386,-93.9386,39.2,26700,570,candidate_access_gap,county_centroid_beyond_threshold
05061,Howard County,AR,34.0831,-93.9909,39.1,12779,587,candidate_access_gap,county_centroid_beyond_threshold
32013,Humboldt County,NV,41.4079,-118.1276,39.1,17266,9641,candidate_access_gap,county_centroid_beyond_threshold
33003,Carroll County,NH,43.8678,-71.2016,39.1,50679,932,candidate_access_gap,county_centroid_beyond_threshold
17077,Jackson County,IL,37.7861,-89.3812,39.1,53176,584,candidate_access_gap,county_centroid_beyond_threshold
08093,Park County,CO,39.1189,-105.7176,39.0,17597,2194,candidate_access_gap,county_centroid_beyond_threshold
35053,Socorro County,NM,33.9917,-106.9391,39.0,16453,6646,candidate_access_gap,county_centroid_beyond_threshold
29221,Washington County,MO,37.9426,-90.8970,39.0,23580,760,candidate_access_gap,county_centroid_beyond_threshold
28125,Sharkey County,MS,32.8924,-90.8276,39.0,3910,432,candidate_access_gap,county_centroid_beyond_threshold
30099,Teton County,MT,47.8190,-112.2817,39.0,6238,2272,candidate_access_gap,county_centroid_beyond_threshold
31067,Gage County,NE,40.2552,-96.6835,38.9,21654,851,candidate_access_gap,county_centroid_beyond_threshold
48103,Crane County,TX,31.4228,-102.4878,38.9,4636,785,candidate_access_gap,county_centroid_beyond_threshold
48083,Coleman County,TX,31.9142,-99.3466,38.9,7808,1263,candidate_access_gap,county_centroid_beyond_threshold
19039,Clarke County,IA,41.0297,-93.7853,38.9,9737,431,candidate_access_gap,county_centroid_beyond_threshold
28123,Scott County,MS,32.4120,-89.5335,38.8,27943,609,candidate_access_gap,county_centroid_beyond_threshold
13291,Union County,GA,34.8333,-83.9893,38.8,24880,322,candidate_access_gap,county_centroid_beyond_threshold
22047,Iberville Parish,LA,30.2707,-91.3659,38.8,30210,619,candidate_access_gap,county_centroid_beyond_threshold
13065,Clinch County,GA,30.9177,-82.7026,38.7,6713,815,candidate_access_gap,county_centroid_beyond_threshold
56019,Johnson County,WY,44.0440,-106.5885,38.7,8536,4154,candidate_access_gap,county_centroid_beyond_threshold
42105,Potter County,PA,41.7486,-77.8944,38.7,16390,1081,candidate_access_gap,county_centroid_beyond_threshold
20133,Neosho County,KS,37.5643,-95.3157,38.6,15826,571,candidate_access_gap,county_centroid_beyond_threshold
46025,Clark County,SD,44.8552,-97.7249,38.5,3837,958,candidate_access_gap,county_centroid_beyond_threshold
19027,Carroll County,IA,42.0395,-94.8676,38.5,20728,569,candidate_access_gap,county_centroid_beyond_threshold
18117,Orange County,IN,38.5474,-86.4893,38.5,19768,398,candidate_access_gap,county_centroid_beyond_threshold
48213,Henderson County,TX,32.2116,-95.8534,38.5,82627,874,candidate_access_gap,county_centroid_beyond_threshold
49049,Utah County,UT,40.1204,-111.6686,38.5,666021,2004,candidate_access_gap,county_centroid_beyond_threshold
29197,Schuyler County,MO,40.4694,-92.5190,38.4,4066,307,candidate_access_gap,county_centroid_beyond_threshold
36063,Niagara County,NY,43.2727,-78.8129,38.4,212230,522,candidate_access_gap,county_centroid_beyond_threshold
53069,Wahkiakum County,WA,46.2946,-123.4245,38.4,4476,263,candidate_access_gap,county_centroid_beyond_threshold
13271,Telfair County,GA,31.9136,-82.9311,38.4,12619,437,candidate_access_gap,county_centroid_beyond_threshold
19073,Greene County,IA,42.0425,-94.3887,38.4,8801,570,candidate_access_gap,county_centroid_beyond_threshold
17173,Shelby County,IL,39.3849,-88.7989,38.4,21042,759,candidate_access_gap,county_centroid_beyond_threshold
24019,Dorchester County,MD,38.4292,-76.0474,38.3,32557,541,candidate_access_gap,county_centroid_beyond_threshold
05123,St. Francis County,AR,35.0228,-90.7515,38.3,23138,635,candidate_access_gap,county_centroid_beyond_threshold
01091,Marengo County,AL,32.2476,-87.7911,38.3,19180,977,candidate_access_gap,county_centroid_beyond_threshold
54075,Pocahontas County,WV,38.3326,-80.0101,38.3,7940,940,candidate_access_gap,county_centroid_beyond_threshold
21179,Nelson County,KY,37.8031,-85.4659,38.3,46779,419,candidate_access_gap,county_centroid_beyond_threshold
45011,Barnwell County,SC,33.2606,-81.4342,38.2,20653,548,candidate_access_gap,county_centroid_beyond_threshold
48241,Jasper County,TX,30.7529,-94.0223,38.2,33032,939,candidate_access_gap,county_centroid_beyond_threshold
19071,Fremont County,IA,40.7426,-95.5992,38.2,6639,511,candidate_access_gap,county_centroid_beyond_threshold
20151,Pratt County,KS,37.6476,-98.7401,38.1,9175,735,candidate_access_gap,county_centroid_beyond_threshold
22127,Winn Parish,LA,31.9412,-92.6413,38.1,13665,950,candidate_access_gap,county_centroid_beyond_threshold
17121,Marion County,IL,38.6482,-88.9204,38.1,37543,573,candidate_access_gap,county_centroid_beyond_threshold
21187,Owen County,KY,38.4994,-84.8416,38.1,11229,350,candidate_access_gap,county_centroid_beyond_threshold
45009,Bamberg County,SC,33.2030,-81.0532,38.0,13311,393,candidate_access_gap,county_centroid_beyond_threshold
46065,Hughes County,SD,44.3845,-99.9757,38.0,17812,742,candidate_access_gap,county_centroid_beyond_threshold
05023,Cleburne County,AR,35.5936,-92.0089,38.0,24948,554,candidate_access_gap,county_centroid_beyond_threshold
05083,Logan County,AR,35.2187,-93.7209,38.0,21247,709,candidate_access_gap,county_centroid_beyond_threshold
06097,Sonoma County,CA,38.5252,-122.9261,38.0,488436,1575,candidate_access_gap,county_centroid_beyond_threshold
39047,Fayette County,OH,39.5552,-83.4619,38.0,28901,406,candidate_access_gap,county_centroid_beyond_threshold
20013,Brown County,KS,39.8259,-95.5699,37.9,9486,571,candidate_access_gap,county_centroid_beyond_threshold
18119,Owen County,IN,39.3173,-86.8388,37.9,21361,385,candidate_access_gap,county_centroid_beyond_threshold
17193,White County,IL,38.0873,-88.1786,37.9,13834,495,candidate_access_gap,county_centroid_beyond_threshold
51025,Brunswick County,VA,36.7642,-77.8615,37.9,15965,566,candidate_access_gap,county_centroid_beyond_threshold
06021,Glenn County,CA,39.6025,-122.4017,37.8,28657,1314,candidate_access_gap,county_centroid_beyond_threshold
37131,Northampton County,NC,36.4218,-77.3984,37.8,17528,537,candidate_access_gap,county_centroid_beyond_threshold
29141,Morgan County,MO,38.4208,-92.8748,37.8,21169,598,candidate_access_gap,county_centroid_beyond_threshold
40147,Washington County,OK,36.7044,-95.9063,37.8,52579,416,candidate_access_gap,county_centroid_beyond_threshold
36007,Broome County,NY,42.1620,-75.8303,37.8,198365,706,candidate_access_gap,county_centroid_beyond_threshold
20207,Woodson County,KS,37.8882,-95.7585,37.7,3134,498,candidate_access_gap,county_centroid_beyond_threshold
01053,Escambia County,AL,31.1223,-87.1684,37.6,36755,945,candidate_access_gap,county_centroid_beyond_threshold
50025,Windham County,VT,42.9953,-72.7219,37.5,45857,786,candidate_access_gap,county_centroid_beyond_threshold
32027,Pershing County,NV,40.4396,-118.4095,37.5,6587,6037,candidate_access_gap,county_centroid_beyond_threshold
42065,Jefferson County,PA,41.1380,-79.0124,37.5,44326,652,candidate_access_gap,county_centroid_beyond_threshold
45049,Hampton County,SC,32.7783,-81.1438,37.5,18890,560,candidate_access_gap,county_centroid_beyond_threshold
18103,Miami County,IN,40.7729,-86.0443,37.5,35952,374,candidate_access_gap,county_centroid_beyond_threshold
39175,Wyandot County,OH,40.8398,-83.3137,37.5,21818,407,candidate_access_gap,county_centroid_beyond_threshold
27165,Watonwan County,MN,43.9781,-94.6138,37.5,11205,435,candidate_access_gap,county_centroid_beyond_threshold
48407,San Jacinto County,TX,30.5744,-95.1631,37.4,27666,569,candidate_access_gap,county_centroid_beyond_threshold
48159,Franklin County,TX,33.1758,-95.2191,37.4,10445,284,candidate_access_gap,county_centroid_beyond_threshold
34001,Atlantic County,NJ,39.4694,-74.6338,37.4,274339,556,candidate_access_gap,county_centroid_beyond_threshold
40061,Haskell County,OK,35.2324,-95.1096,37.3,11651,577,candidate_access_gap,county_centroid_beyond_threshold
31097,Johnson County,NE,40.3950,-96.2653,37.3,5294,376,candidate_access_gap,county_centroid_beyond_threshold
51165,Rockingham County,VA,38.5076,-78.8853,37.3,83905,850,candidate_access_gap,county_centroid_beyond_threshold
01105,Perry County,AL,32.6390,-87.2938,37.3,8479,720,candidate_access_gap,county_centroid_beyond_threshold
17063,Grundy County,IL,41.2924,-88.4011,37.2,52624,418,candidate_access_gap,county_centroid_beyond_threshold
54095,Tyler County,WV,39.4656,-80.8772,37.2,8336,256,candidate_access_gap,county_centroid_beyond_threshold
40121,Pittsburg County,OK,34.9255,-95.7481,37.2,43758,1306,candidate_access_gap,county_centroid_beyond_threshold
48203,Harrison County,TX,32.5480,-94.3744,37.2,69098,900,candidate_access_gap,county_centroid_beyond_threshold
47169,Trousdale County,TN,36.3930,-86.1567,37.2,11596,114,candidate_access_gap,county_centroid_beyond_threshold
17029,Coles County,IL,39.5137,-88.2208,37.2,47076,508,candidate_access_gap,county_centroid_beyond_threshold
41071,Yamhill County,OR,45.2478,-123.3164,37.1,107674,716,candidate_access_gap,county_centroid_beyond_threshold
51051,Dickenson County,VA,37.1367,-82.3492,37.1,14089,330,candidate_access_gap,county_centroid_beyond_threshold
18101,Martin County,IN,38.7053,-86.8018,37.1,9863,336,candidate_access_gap,county_centroid_beyond_threshold
13303,Washington County,GA,32.9718,-82.7981,37.0,19975,679,candidate_access_gap,county_centroid_beyond_threshold
10001,Kent County,DE,39.0971,-75.5030,37.0,182400,586,candidate_access_gap,county_centroid_beyond_threshold
48173,Glasscock County,TX,31.8680,-101.5215,37.0,1068,900,candidate_access_gap,county_centroid_beyond_threshold
40019,Carter County,OK,34.2518,-97.2879,37.0,48202,822,candidate_access_gap,county_centroid_beyond_threshold
48413,Schleicher County,TX,30.8962,-100.5272,37.0,2474,1311,candidate_access_gap,county_centroid_beyond_threshold
39015,Brown County,OH,38.9314,-83.8668,36.9,43715,490,candidate_access_gap,county_centroid_beyond_threshold
20123,Mitchell County,KS,39.3930,-98.2074,36.9,5829,702,candidate_access_gap,county_centroid_beyond_threshold
28143,Tunica County,MS,34.6522,-90.3718,36.9,9787,454,candidate_access_gap,county_centroid_beyond_threshold
40053,Grant County,OK,36.7883,-97.7882,36.9,4152,1001,candidate_access_gap,county_centroid_beyond_threshold
48031,Blanco County,TX,30.2662,-98.3993,36.9,11608,709,candidate_access_gap,county_centroid_beyond_threshold
54049,Marion County,WV,39.5058,-80.2434,36.8,56194,309,candidate_access_gap,county_centroid_beyond_threshold
39063,Hancock County,OH,41.0002,-83.6659,36.8,75072,531,candidate_access_gap,county_centroid_beyond_threshold
05015,Carroll County,AR,36.3374,-93.5410,36.8,28362,630,candidate_access_gap,county_centroid_beyond_threshold
29117,Livingston County,MO,39.7786,-93.5482,36.8,14402,532,candidate_access_gap,county_centroid_beyond_threshold
48499,Wood County,TX,32.7836,-95.3822,36.7,45341,645,candidate_access_gap,county_centroid_beyond_threshold
47067,Hancock County,TN,36.5214,-83.2275,36.7,6726,222,candidate_access_gap,county_centroid_beyond_threshold
17157,Randolph County,IL,38.0565,-89.8212,36.7,30413,575,candidate_access_gap,county_centroid_beyond_threshold
35043,Sandoval County,NM,35.6851,-106.8831,36.7,149460,3710,candidate_access_gap,county_centroid_beyond_threshold
18133,Putnam County,IN,39.6655,-86.8534,36.7,36942,481,candidate_access_gap,county_centroid_beyond_threshold
22023,Cameron Parish,LA,29.8718,-93.1649,36.6,5447,1285,candidate_access_gap,county_centroid_beyond_threshold
37139,Pasquotank County,NC,36.2652,-76.2607,36.6,40454,227,candidate_access_gap,county_centroid_beyond_threshold
20135,Ness County,KS,38.4804,-99.9087,36.6,2677,1075,candidate_access_gap,county_centroid_beyond_threshold
21041,Carroll County,KY,38.6684,-85.1240,36.6,10842,129,candidate_access_gap,county_centroid_beyond_threshold
37091,Hertford County,NC,36.3635,-76.9816,36.6,21633,353,candidate_access_gap,county_centroid_beyond_threshold
05127,Scott County,AR,34.8589,-94.0636,36.6,9871,893,candidate_access_gap,county_centroid_beyond_threshold
48325,Medina County,TX,29.3537,-99.1111,36.5,51432,1325,candidate_access_gap,county_centroid_beyond_threshold
36043,Herkimer County,NY,43.5710,-74.8411,36.5,60293,1411,candidate_access_gap,county_centroid_beyond_threshold
20141,Osborne County,KS,39.3483,-98.7679,36.5,3493,893,candidate_access_gap,county_centroid_beyond_threshold
48225,Houston County,TX,31.3230,-95.4216,36.5,22107,1231,candidate_access_gap,county_centroid_beyond_threshold
28141,Tishomingo County,MS,34.7388,-88.2348,36.5,18837,424,candidate_access_gap,county_centroid_beyond_threshold
51081,Greensville County,VA,36.6803,-77.5603,36.4,11373,295,candidate_access_gap,county_centroid_beyond_threshold
53071,Walla Walla County,WA,46.2546,-118.4804,36.4,62150,1270,candidate_access_gap,county_centroid_beyond_threshold
51139,Page County,VA,38.6232,-78.4919,36.4,23753,310,candidate_access_gap,county_centroid_beyond_threshold
37053,Currituck County,NC,36.3722,-75.9412,36.4,28616,262,candidate_access_gap,county_centroid_beyond_threshold
31039,Cuming County,NE,41.9159,-96.7885,36.4,9000,570,candidate_access_gap,county_centroid_beyond_threshold
22081,Red River Parish,LA,32.1012,-93.3491,36.4,7631,389,candidate_access_gap,county_centroid_beyond_threshold
40129,Roger Mills County,OK,35.7086,-99.7416,36.3,3423,1141,candidate_access_gap,county_centroid_beyond_threshold
47083,Houston County,TN,36.2858,-87.7056,36.3,8253,200,candidate_access_gap,county_centroid_beyond_threshold
27155,Traverse County,MN,45.7699,-96.4748,36.3,3345,574,candidate_access_gap,county_centroid_beyond_threshold
17059,Gallatin County,IL,37.7687,-88.2280,36.3,4967,323,candidate_access_gap,county_centroid_beyond_threshold
51037,Charlotte County,VA,37.0090,-78.6586,36.3,11563,475,candidate_access_gap,county_centroid_beyond_threshold
22009,Avoyelles Parish,LA,31.0885,-91.9833,36.3,39529,832,candidate_access_gap,county_centroid_beyond_threshold
19065,Fayette County,IA,42.8641,-91.8404,36.3,19519,731,candidate_access_gap,county_centroid_beyond_threshold
26057,Gratiot County,MI,43.2923,-84.6047,36.2,41534,568,candidate_access_gap,county_centroid_beyond_threshold
21063,Elliott County,KY,38.1169,-83.0961,36.2,7378,234,candidate_access_gap,county_centroid_beyond_threshold
22113,Vermilion Parish,LA,29.8066,-92.3214,36.2,57202,1172,candidate_access_gap,county_centroid_beyond_threshold
18055,Greene County,IN,39.0471,-87.0048,36.2,30900,542,candidate_access_gap,county_centroid_beyond_threshold
01021,Chilton County,AL,32.8541,-86.7266,36.1,45140,693,candidate_access_gap,county_centroid_beyond_threshold
48385,Real County,TX,29.8301,-99.8125,36.1,2830,699,candidate_access_gap,county_centroid_beyond_threshold
20023,Cheyenne County,KS,39.7899,-101.7273,36.1,2619,1020,candidate_access_gap,county_centroid_beyond_threshold
01123,Tallapoosa County,AL,32.8633,-85.7996,36.1,41251,717,candidate_access_gap,county_centroid_beyond_threshold
40067,Jefferson County,OK,34.1051,-97.8389,36.0,5420,759,candidate_access_gap,county_centroid_beyond_threshold
18013,Brown County,IN,39.1951,-86.2301,35.9,15513,312,candidate_access_gap,county_centroid_beyond_threshold
21103,Henry County,KY,38.4514,-85.1196,35.9,15731,286,candidate_access_gap,county_centroid_beyond_threshold
48025,Bee County,TX,28.4161,-97.7426,35.9,30977,880,candidate_access_gap,county_centroid_beyond_threshold
21023,Bracken County,KY,38.6804,-84.1152,35.9,8420,203,candidate_access_gap,county_centroid_beyond_threshold
27147,Steele County,MN,44.0153,-93.2205,35.8,37396,430,candidate_access_gap,county_centroid_beyond_threshold
55053,Jackson County,WI,44.3246,-90.7995,35.8,20958,988,candidate_access_gap,county_centroid_beyond_threshold
48003,Andrews County,TX,32.3123,-102.6402,35.8,18362,1501,candidate_access_gap,county_centroid_beyond_threshold
31023,Butler County,NE,41.2261,-97.1320,35.8,8373,585,candidate_access_gap,county_centroid_beyond_threshold
19105,Jones County,IA,42.1251,-91.1169,35.8,20733,576,candidate_access_gap,county_centroid_beyond_threshold
48149,Fayette County,TX,29.8779,-96.9212,35.8,24564,950,candidate_access_gap,county_centroid_beyond_threshold
51171,Shenandoah County,VA,38.8562,-78.5740,35.8,44337,508,candidate_access_gap,county_centroid_beyond_threshold
20017,Chase County,KS,38.2995,-96.5940,35.7,2570,773,candidate_access_gap,county_centroid_beyond_threshold
40075,Kiowa County,OK,34.9215,-98.9816,35.7,8446,1015,candidate_access_gap,county_centroid_beyond_threshold
21107,Hopkins County,KY,37.3111,-87.5422,35.7,45223,542,candidate_access_gap,county_centroid_beyond_threshold
37017,Bladen County,NC,34.5919,-78.5395,35.7,29807,875,candidate_access_gap,county_centroid_beyond_threshold
01039,Covington County,AL,31.2440,-86.4487,35.7,37542,1031,candidate_access_gap,county_centroid_beyond_threshold
13003,Atkinson County,GA,31.2968,-82.8782,35.7,8265,343,candidate_access_gap,county_centroid_beyond_threshold
41001,Baker County,OR,44.7034,-117.6919,35.7,16685,3068,candidate_access_gap,county_centroid_beyond_threshold
28099,Neshoba County,MS,32.7525,-89.1193,35.6,28970,570,candidate_access_gap,county_centroid_beyond_threshold
48287,Lee County,TX,30.3215,-96.9768,35.6,17543,629,candidate_access_gap,county_centroid_beyond_threshold
21203,Rockcastle County,KY,37.3610,-84.3144,35.6,16171,317,candidate_access_gap,county_centroid_beyond_threshold
16015,Boise County,ID,43.9873,-115.7151,35.6,7809,1900,candidate_access_gap,county_centroid_beyond_threshold
45041,Florence County,SC,34.0285,-79.7102,35.5,137015,801,candidate_access_gap,county_centroid_beyond_threshold
56045,Weston County,WY,43.8462,-104.5700,35.5,6870,2398,candidate_access_gap,county_centroid_beyond_threshold
26113,Missaukee County,MI,44.3254,-85.0855,35.4,15089,565,candidate_access_gap,county_centroid_beyond_threshold
42133,York County,PA,39.9218,-76.7289,35.4,457051,904,candidate_access_gap,county_centroid_beyond_threshold
42001,Adams County,PA,39.8695,-77.2177,35.4,104604,519,candidate_access_gap,county_centroid_beyond_threshold
53075,Whitman County,WA,46.9059,-117.5354,35.3,47141,2159,candidate_access_gap,county_centroid_beyond_threshold
17047,Edwards County,IL,38.4171,-88.0479,35.3,6182,222,candidate_access_gap,county_centroid_beyond_threshold
42039,Crawford County,PA,41.6879,-80.1078,35.3,83876,1012,candidate_access_gap,county_centroid_beyond_threshold
48041,Brazos County,TX,30.6567,-96.3024,35.3,234548,586,candidate_access_gap,county_centroid_beyond_threshold
54067,Nicholas County,WV,38.2914,-80.7975,35.3,24624,647,candidate_access_gap,county_centroid_beyond_threshold
40101,Muskogee County,OK,35.6176,-95.3839,35.3,66606,811,candidate_access_gap,county_centroid_beyond_threshold
18085,Kosciusko County,IN,41.2443,-85.8616,35.2,80442,531,candidate_access_gap,county_centroid_beyond_threshold
40073,Kingfisher County,OK,35.9494,-97.9346,35.2,15290,898,candidate_access_gap,county_centroid_beyond_threshold
17147,Piatt County,IL,40.0090,-88.5924,35.2,16698,439,candidate_access_gap,county_centroid_beyond_threshold
40137,Stephens County,OK,34.4814,-97.8556,35.2,43140,870,candidate_access_gap,county_centroid_beyond_threshold
45015,Berkeley County,SC,33.2077,-79.9537,35.2,231419,1104,candidate_access_gap,county_centroid_beyond_threshold
41009,Columbia County,OR,45.9419,-123.0811,35.2,52865,659,candidate_access_gap,county_centroid_beyond_threshold
51595,Emporia city,VA,36.6962,-77.5360,35.1,5680,7,candidate_access_gap,county_centroid_beyond_threshold
18077,Jefferson County,IN,38.7836,-85.4401,35.1,33057,361,candidate_access_gap,county_centroid_beyond_threshold
37133,Onslow County,NC,34.7631,-77.4995,35.1,203686,762,candidate_access_gap,county_centroid_beyond_threshold
22077,Pointe Coupee Parish,LA,30.7083,-91.6046,35.1,20652,557,candidate_access_gap,county_centroid_beyond_threshold
29157,Perry County,MO,37.7111,-89.8021,35.0,18970,474,candidate_access_gap,county_centroid_beyond_threshold
19133,Monona County,IA,42.0494,-95.9566,35.0,8671,694,candidate_access_gap,county_centroid_beyond_threshold
01055,Etowah County,AL,34.0476,-86.0343,35.0,103348,535,candidate_access_gap,county_centroid_beyond_threshold
17091,Kankakee County,IL,41.1395,-87.8611,34.9,107421,676,candidate_access_gap,county_centroid_beyond_threshold
36077,Otsego County,NY,42.6298,-75.0288,34.9,59678,1002,candidate_access_gap,county_centroid_beyond_threshold
18107,Montgomery County,IN,40.0403,-86.8927,34.9,38018,505,candidate_access_gap,county_centroid_beyond_threshold
01027,Clay County,AL,33.2704,-85.8635,34.9,14209,604,candidate_access_gap,county_centroid_beyond_threshold
05133,Sevier County,AR,33.9949,-94.2433,34.8,15913,564,candidate_access_gap,county_centroid_beyond_threshold
28039,George County,MS,30.8554,-88.6423,34.8,24547,479,candidate_access_gap,county_centroid_beyond_threshold
12049,Hardee County,FL,27.4928,-81.8216,34.8,25528,638,candidate_access_gap,county_centroid_beyond_threshold
48171,Gillespie County,TX,30.3251,-98.9419,34.7,26953,1058,candidate_access_gap,county_centroid_beyond_threshold
17085,Jo Daviess County,IL,42.3624,-90.2115,34.7,21942,601,candidate_access_gap,county_centroid_beyond_threshold
41065,Wasco County,OR,45.1645,-121.1651,34.7,26639,2381,candidate_access_gap,county_centroid_beyond_threshold
51173,Smyth County,VA,36.8423,-81.5398,34.7,29799,451,candidate_access_gap,county_centroid_beyond_threshold
48259,Kendall County,TX,29.9435,-98.7093,34.7,45376,662,candidate_access_gap,county_centroid_beyond_threshold
19037,Chickasaw County,IA,43.0597,-92.3172,34.7,11957,504,candidate_access_gap,county_centroid_beyond_threshold
54045,Logan County,WV,37.8306,-81.9409,34.7,32350,453,candidate_access_gap,county_centroid_beyond_threshold
48391,Refugio County,TX,28.3221,-97.1625,34.7,6718,770,candidate_access_gap,county_centroid_beyond_threshold
28065,Jefferson Davis County,MS,31.5648,-89.8271,34.6,11291,408,candidate_access_gap,county_centroid_beyond_threshold
48107,Crosby County,TX,33.6091,-101.2987,34.6,5157,900,candidate_access_gap,county_centroid_beyond_threshold
40049,Garvin County,OK,34.7094,-97.3127,34.6,25806,802,candidate_access_gap,county_centroid_beyond_threshold
06069,San Benito County,CA,36.6117,-121.0858,34.6,64753,1389,candidate_access_gap,county_centroid_beyond_threshold
22035,East Carroll Parish,LA,32.7302,-91.2341,34.5,7371,421,candidate_access_gap,county_centroid_beyond_threshold
06003,Alpine County,CA,38.6218,-119.7984,34.5,1515,738,candidate_access_gap,county_centroid_beyond_threshold
48417,Shackelford County,TX,32.7438,-99.3470,34.5,3134,914,candidate_access_gap,county_centroid_beyond_threshold
48399,Runnels County,TX,31.8451,-99.9827,34.5,9858,1051,candidate_access_gap,county_centroid_beyond_threshold
17125,Mason County,IL,40.2370,-89.9136,34.5,13074,539,candidate_access_gap,county_centroid_beyond_threshold
13241,Rabun County,GA,34.8839,-83.4049,34.4,16915,370,candidate_access_gap,county_centroid_beyond_threshold
51091,Highland County,VA,38.3662,-79.5645,34.4,2247,415,candidate_access_gap,county_centroid_beyond_threshold
40057,Harmon County,OK,34.7460,-99.8442,34.4,2499,537,candidate_access_gap,county_centroid_beyond_threshold
17139,Moultrie County,IL,39.6369,-88.6257,34.3,14531,336,candidate_access_gap,county_centroid_beyond_threshold
31037,Colfax County,NE,41.5750,-97.0889,34.3,10563,411,candidate_access_gap,county_centroid_beyond_threshold
45001,Abbeville County,SC,34.2290,-82.4541,34.2,24368,491,candidate_access_gap,county_centroid_beyond_threshold
39117,Morrow County,OH,40.5253,-82.7977,34.2,35049,406,candidate_access_gap,county_centroid_beyond_threshold
04017,Navajo County,AZ,35.3908,-110.3210,34.2,107110,9949,candidate_access_gap,county_centroid_beyond_threshold
13251,Screven County,GA,32.7448,-81.6176,34.1,14026,646,candidate_access_gap,county_centroid_beyond_threshold
17051,Fayette County,IL,39.0011,-89.0179,34.1,21464,716,candidate_access_gap,county_centroid_beyond_threshold
45031,Darlington County,SC,34.3322,-79.9621,34.1,63025,561,candidate_access_gap,county_centroid_beyond_threshold
39079,Jackson County,OH,39.0135,-82.6141,34.1,32563,420,candidate_access_gap,county_centroid_beyond_threshold
12009,Brevard County,FL,28.2983,-80.7003,34.1,610723,1015,candidate_access_gap,county_centroid_beyond_threshold
22117,Washington Parish,LA,30.8521,-90.0463,34.1,45514,670,candidate_access_gap,county_centroid_beyond_threshold
55103,Richland County,WI,43.3762,-90.4357,34.1,17256,586,candidate_access_gap,county_centroid_beyond_threshold
21021,Boyle County,KY,37.6181,-84.8684,34.0,30613,180,candidate_access_gap,county_centroid_beyond_threshold
27151,Swift County,MN,45.2758,-95.6901,34.0,9806,742,candidate_access_gap,county_centroid_beyond_threshold
21137,Lincoln County,KY,37.4572,-84.6583,34.0,24320,333,candidate_access_gap,county_centroid_beyond_threshold
17057,Fulton County,IL,40.4652,-90.2023,34.0,33691,866,candidate_access_gap,county_centroid_beyond_threshold
06091,Sierra County,CA,39.5769,-120.5220,33.9,2916,953,candidate_access_gap,county_centroid_beyond_threshold
29211,Sullivan County,MO,40.2096,-93.1098,33.9,5983,648,candidate_access_gap,county_centroid_beyond_threshold
08077,Mesa County,CO,39.0195,-108.4606,33.9,156131,3329,candidate_access_gap,county_centroid_beyond_threshold
19165,Shelby County,IA,41.6790,-95.3089,33.9,11737,591,candidate_access_gap,county_centroid_beyond_threshold
13111,Fannin County,GA,34.8665,-84.3173,33.8,25436,387,candidate_access_gap,county_centroid_beyond_threshold
49039,Sanpete County,UT,39.3734,-111.5769,33.8,28816,1590,candidate_access_gap,county_centroid_beyond_threshold
21109,Jackson County,KY,37.4035,-84.0206,33.8,13002,345,candidate_access_gap,county_centroid_beyond_threshold
48425,Somervell County,TX,32.2181,-97.7692,33.8,9337,186,candidate_access_gap,county_centroid_beyond_threshold
47101,Lewis County,TN,35.5232,-87.4970,33.8,12637,282,candidate_access_gap,county_centroid_beyond_threshold
51135,Nottoway County,VA,37.1412,-78.0539,33.7,15638,314,candidate_access_gap,county_centroid_beyond_threshold
48069,Castro County,TX,34.5336,-102.2588,33.7,7381,894,candidate_access_gap,county_centroid_beyond_threshold
39027,Clinton County,OH,39.4167,-83.8046,33.7,42077,409,candidate_access_gap,county_centroid_beyond_threshold
48467,Van Zandt County,TX,32.5588,-95.8369,33.6,60053,843,candidate_access_gap,county_centroid_beyond_threshold
29199,Scotland County,MO,40.4477,-92.1428,33.6,4720,437,candidate_access_gap,county_centroid_beyond_threshold
48331,Milam County,TX,30.7912,-96.9844,33.6,25080,1016,candidate_access_gap,county_centroid_beyond_threshold
21147,McCreary County,KY,36.7311,-84.4911,33.5,16892,427,candidate_access_gap,county_centroid_beyond_threshold
48279,Lamb County,TX,34.0689,-102.3480,33.5,13024,1016,candidate_access_gap,county_centroid_beyond_threshold
56031,Platte County,WY,42.1316,-104.9540,33.5,8618,2081,candidate_access_gap,county_centroid_beyond_threshold
47117,Marshall County,TN,35.4683,-86.7659,33.5,34567,375,candidate_access_gap,county_centroid_beyond_threshold
37029,Camden County,NC,36.3423,-76.1625,33.5,10547,240,candidate_access_gap,county_centroid_beyond_threshold
38091,Steele County,ND,47.4511,-97.7189,33.5,1774,712,candidate_access_gap,county_centroid_beyond_threshold
08069,Larimer County,CO,40.6581,-105.4868,33.5,359363,2596,candidate_access_gap,county_centroid_beyond_threshold
48109,Culberson County,TX,31.4459,-104.5269,33.4,2181,3812,candidate_access_gap,county_centroid_beyond_threshold
16055,Kootenai County,ID,47.6760,-116.6959,33.4,173396,1238,candidate_access_gap,county_centroid_beyond_threshold
12123,Taylor County,FL,29.9671,-83.6396,33.4,21421,1043,candidate_access_gap,county_centroid_beyond_threshold
22107,Tensas Parish,LA,32.0015,-91.3426,33.4,4127,603,candidate_access_gap,county_centroid_beyond_threshold
47025,Claiborne County,TN,36.5016,-83.6607,33.4,32092,435,candidate_access_gap,county_centroid_beyond_threshold
48045,Briscoe County,TX,34.5252,-101.2059,33.4,1290,900,candidate_access_gap,county_centroid_beyond_threshold
36123,Yates County,NY,42.6382,-77.1043,33.4,24713,338,candidate_access_gap,county_centroid_beyond_threshold
48155,Foard County,TX,33.9633,-99.8168,33.4,1075,704,candidate_access_gap,county_centroid_beyond_threshold
48319,Mason County,TX,30.7039,-99.2373,33.4,3959,929,candidate_access_gap,county_centroid_beyond_threshold
45081,Saluda County,SC,34.0053,-81.7279,33.3,18952,453,candidate_access_gap,county_centroid_beyond_threshold
47085,Humphreys County,TN,36.0408,-87.7905,33.3,19032,531,candidate_access_gap,county_centroid_beyond_threshold
51029,Buckingham County,VA,37.5739,-78.5292,33.3,16869,580,candidate_access_gap,county_centroid_beyond_threshold
13099,Early County,GA,31.3242,-84.9067,33.3,10753,513,candidate_access_gap,county_centroid_beyond_threshold
47099,Lawrence County,TN,35.2205,-87.3965,33.2,44377,617,candidate_access_gap,county_centroid_beyond_threshold
13239,Quitman County,GA,31.8629,-85.0048,33.2,2180,151,candidate_access_gap,county_centroid_beyond_threshold
20077,Harper County,KS,37.1882,-98.0666,33.2,5457,801,candidate_access_gap,county_centroid_beyond_threshold
35017,Grant County,NM,32.7321,-108.3815,33.1,28006,3961,candidate_access_gap,county_centroid_beyond_threshold
45077,Pickens County,SC,34.8854,-82.7234,33.1,131106,497,candidate_access_gap,county_centroid_beyond_threshold
37171,Surry County,NC,36.4154,-80.6865,33.1,71429,533,candidate_access_gap,county_centroid_beyond_threshold
29009,Barry County,MO,36.6994,-93.8343,33.1,34701,778,candidate_access_gap,county_centroid_beyond_threshold
37061,Duplin County,NC,34.9344,-77.9335,33.1,49312,815,candidate_access_gap,county_centroid_beyond_threshold
08027,Custer County,CO,38.1020,-105.3735,33.0,4885,739,candidate_access_gap,county_centroid_beyond_threshold
46057,Hamlin County,SD,44.6806,-97.1786,33.0,6196,507,candidate_access_gap,county_centroid_beyond_threshold
37045,Cleveland County,NC,35.3346,-81.5571,33.0,99527,464,candidate_access_gap,county_centroid_beyond_threshold
54073,Pleasants County,WV,39.3681,-81.1612,33.0,7622,130,candidate_access_gap,county_centroid_beyond_threshold
51083,Halifax County,VA,36.7665,-78.9396,33.0,34013,818,candidate_access_gap,county_centroid_beyond_threshold
37047,Columbus County,NC,34.2616,-78.6393,32.9,50827,938,candidate_access_gap,county_centroid_beyond_threshold
19171,Tama County,IA,42.0748,-92.5294,32.9,17017,721,candidate_access_gap,county_centroid_beyond_threshold
01023,Choctaw County,AL,31.9910,-88.2489,32.9,12669,913,candidate_access_gap,county_centroid_beyond_threshold
51660,Harrisonburg city,VA,38.4363,-78.8733,32.9,51784,17,candidate_access_gap,county_centroid_beyond_threshold
08071,Las Animas County,CO,37.3188,-104.0441,32.9,14422,4773,candidate_access_gap,county_centroid_beyond_threshold
18147,Spencer County,IN,38.0097,-87.0104,32.8,19935,397,candidate_access_gap,county_centroid_beyond_threshold
19003,Adams County,IA,41.0217,-94.6969,32.8,3680,423,candidate_access_gap,county_centroid_beyond_threshold
51175,Southampton County,VA,36.7201,-77.1038,32.8,18003,599,candidate_access_gap,county_centroid_beyond_threshold
37023,Burke County,NC,35.7462,-81.7062,32.8,87799,506,candidate_access_gap,county_centroid_beyond_threshold
54015,Clay County,WV,38.4598,-81.0819,32.7,8049,342,candidate_access_gap,county_centroid_beyond_threshold
48095,Concho County,TX,31.3189,-99.8636,32.7,3235,984,candidate_access_gap,county_centroid_beyond_threshold
20001,Allen County,KS,37.8842,-95.3009,32.7,12554,500,candidate_access_gap,county_centroid_beyond_threshold
17117,Macoupin County,IL,39.2659,-89.9263,32.7,44907,863,candidate_access_gap,county_centroid_beyond_threshold
29001,Adair County,MO,40.1907,-92.6036,32.7,25299,567,candidate_access_gap,county_centroid_beyond_threshold
29147,Nodaway County,MO,40.3611,-94.8831,32.7,21140,877,candidate_access_gap,county_centroid_beyond_threshold
27011,Big Stone County,MN,45.4199,-96.4022,32.7,5161,499,candidate_access_gap,county_centroid_beyond_threshold
21215,Spencer County,KY,38.0253,-85.3173,32.7,19549,187,candidate_access_gap,county_centroid_beyond_threshold
31131,Otoe County,NE,40.6380,-96.1310,32.7,15995,616,candidate_access_gap,county_centroid_beyond_threshold
27131,Rice County,MN,44.3508,-93.2985,32.7,67152,496,candidate_access_gap,county_centroid_beyond_threshold
47175,Van Buren County,TN,35.6992,-85.4584,32.6,6182,273,candidate_access_gap,county_centroid_beyond_threshold
05031,Craighead County,AR,35.8277,-90.6314,32.6,111038,707,candidate_access_gap,county_centroid_beyond_threshold
17093,Kendall County,IL,41.5881,-88.4306,32.6,132795,320,candidate_access_gap,county_centroid_beyond_threshold
13243,Randolph County,GA,31.7627,-84.7523,32.6,6365,428,candidate_access_gap,county_centroid_beyond_threshold
17109,McDonough County,IL,40.4558,-90.6790,32.6,27370,589,candidate_access_gap,county_centroid_beyond_threshold
46039,Deuel County,SD,44.7563,-96.6902,32.6,4298,623,candidate_access_gap,county_centroid_beyond_threshold
46019,Butte County,SD,44.8962,-103.5014,32.6,10369,2250,candidate_access_gap,county_centroid_beyond_threshold
29075,Gentry County,MO,40.2081,-94.4053,32.5,6219,491,candidate_access_gap,county_centroid_beyond_threshold
01019,Cherokee County,AL,34.0695,-85.6542,32.5,25069,554,candidate_access_gap,county_centroid_beyond_threshold
54079,Putnam County,WV,38.5105,-81.9061,32.5,57347,346,candidate_access_gap,county_centroid_beyond_threshold
17189,Washington County,IL,38.3531,-89.4172,32.5,13781,563,candidate_access_gap,county_centroid_beyond_threshold
42019,Butler County,PA,40.9138,-79.9190,32.5,194562,789,candidate_access_gap,county_centroid_beyond_threshold
48389,Reeves County,TX,31.3084,-103.7127,32.5,14022,2635,candidate_access_gap,county_centroid_beyond_threshold
06103,Tehama County,CA,40.1262,-122.2323,32.4,65484,2949,candidate_access_gap,county_centroid_beyond_threshold
48035,Bosque County,TX,31.9008,-97.6376,32.4,18404,983,candidate_access_gap,county_centroid_beyond_threshold
38073,Ransom County,ND,46.4493,-97.6476,32.4,5663,862,candidate_access_gap,county_centroid_beyond_threshold
17169,Schuyler County,IL,40.1569,-90.6135,32.4,6879,437,candidate_access_gap,county_centroid_beyond_threshold
40055,Greer County,OK,34.9339,-99.5530,32.4,5531,639,candidate_access_gap,county_centroid_beyond_threshold
28029,Copiah County,MS,31.8669,-90.4488,32.4,28210,777,candidate_access_gap,county_centroid_beyond_threshold
27119,Polk County,MN,47.7743,-96.4000,32.3,31128,1971,candidate_access_gap,county_centroid_beyond_threshold
41019,Douglas County,OR,43.2863,-123.1545,32.3,111322,5036,candidate_access_gap,county_centroid_beyond_threshold
37041,Chowan County,NC,36.1290,-76.6028,32.3,13835,173,candidate_access_gap,county_centroid_beyond_threshold
01095,Marshall County,AL,34.3096,-86.3217,32.3,97923,566,candidate_access_gap,county_centroid_beyond_threshold
21181,Nicholas County,KY,38.3380,-84.0262,32.3,7613,195,candidate_access_gap,county_centroid_beyond_threshold
34011,Cumberland County,NJ,39.3284,-75.1216,32.2,153588,483,candidate_access_gap,county_centroid_beyond_threshold
17159,Richland County,IL,38.7122,-88.0855,32.2,15716,360,candidate_access_gap,county_centroid_beyond_threshold
27043,Faribault County,MN,43.6765,-93.9472,32.1,13931,712,candidate_access_gap,county_centroid_beyond_threshold
27143,Sibley County,MN,44.5757,-94.2301,32.1,14950,589,candidate_access_gap,county_centroid_beyond_threshold
19175,Union County,IA,41.0286,-94.2451,32.1,12107,424,candidate_access_gap,county_centroid_beyond_threshold
13163,Jefferson County,GA,33.0582,-82.4200,32.1,15591,527,candidate_access_gap,county_centroid_beyond_threshold
18025,Crawford County,IN,38.2894,-86.4409,32.1,10511,306,candidate_access_gap,county_centroid_beyond_threshold
19197,Wright County,IA,42.7330,-93.7347,32.1,12897,580,candidate_access_gap,county_centroid_beyond_threshold
29125,Maries County,MO,38.1626,-91.9236,32.0,8454,527,candidate_access_gap,county_centroid_beyond_threshold
50017,Orange County,VT,44.0034,-72.3696,32.0,29439,687,candidate_access_gap,county_centroid_beyond_threshold
39065,Hardin County,OH,40.6604,-83.6641,32.0,30622,470,candidate_access_gap,county_centroid_beyond_threshold
19007,Appanoose County,IA,40.7442,-92.8731,32.0,12279,497,candidate_access_gap,county_centroid_beyond_threshold
38065,Oliver County,ND,47.1181,-101.3314,32.0,1832,722,candidate_access_gap,county_centroid_beyond_threshold
21235,Whitley County,KY,36.7580,-84.1446,32.0,36648,438,candidate_access_gap,county_centroid_beyond_threshold
37031,Carteret County,NC,34.8583,-76.5359,32.0,68353,508,candidate_access_gap,county_centroid_beyond_threshold
06001,Alameda County,CA,37.6471,-121.9125,31.9,1663823,737,candidate_access_gap,county_centroid_beyond_threshold
27099,Mower County,MN,43.6662,-92.7595,31.9,40082,711,candidate_access_gap,county_centroid_beyond_threshold
42113,Sullivan County,PA,41.4393,-76.5117,31.9,5880,450,candidate_access_gap,county_centroid_beyond_threshold
47017,Carroll County,TN,35.9657,-88.4524,31.8,28381,598,candidate_access_gap,county_centroid_beyond_threshold
13165,Jenkins County,GA,32.7946,-81.9715,31.8,8704,347,candidate_access_gap,county_centroid_beyond_threshold
53041,Lewis County,WA,46.5801,-122.3774,31.8,82663,2403,candidate_access_gap,county_centroid_beyond_threshold
51105,Lee County,VA,36.7017,-83.1301,31.8,22287,435,candidate_access_gap,county_centroid_beyond_threshold
28163,Yazoo County,MS,32.7657,-90.3879,31.8,27467,922,candidate_access_gap,county_centroid_beyond_threshold
40113,Osage County,OK,36.6243,-96.4081,31.8,46004,2247,candidate_access_gap,county_centroid_beyond_threshold
17069,Hardin County,IL,37.5179,-88.2661,31.8,3665,177,candidate_access_gap,county_centroid_beyond_threshold
37113,Macon County,NC,35.1530,-83.4219,31.7,37088,516,candidate_access_gap,county_centroid_beyond_threshold
45055,Kershaw County,SC,34.3384,-80.5909,31.7,65779,727,candidate_access_gap,county_centroid_beyond_threshold
47057,Grainger County,TN,36.2775,-83.5095,31.7,23648,281,candidate_access_gap,county_centroid_beyond_threshold
39119,Muskingum County,OH,39.9660,-81.9435,31.7,86393,665,candidate_access_gap,county_centroid_beyond_threshold
26035,Clare County,MI,43.9911,-84.8383,31.7,30998,564,candidate_access_gap,county_centroid_beyond_threshold
47029,Cocke County,TN,35.9162,-83.1192,31.6,36186,436,candidate_access_gap,county_centroid_beyond_threshold
20199,Wallace County,KS,38.9266,-101.7711,31.6,1489,914,candidate_access_gap,county_centroid_beyond_threshold
32019,Lyon County,NV,39.0222,-119.1974,31.6,59435,2003,candidate_access_gap,county_centroid_beyond_threshold
18079,Jennings County,IN,38.9962,-85.6281,31.6,27610,377,candidate_access_gap,county_centroid_beyond_threshold
22039,Evangeline Parish,LA,30.7207,-92.4041,31.5,32335,662,candidate_access_gap,county_centroid_beyond_threshold
36109,Tompkins County,NY,42.4530,-76.4735,31.5,102555,475,candidate_access_gap,county_centroid_beyond_threshold
48289,Leon County,TX,31.3005,-95.9956,31.4,15928,1073,candidate_access_gap,county_centroid_beyond_threshold
29185,St. Clair County,MO,38.0422,-93.7766,31.4,9330,675,candidate_access_gap,county_centroid_beyond_threshold
22031,De Soto Parish,LA,32.0592,-93.7408,31.4,26821,876,candidate_access_gap,county_centroid_beyond_threshold
28103,Noxubee County,MS,33.1066,-88.5662,31.3,10261,695,candidate_access_gap,county_centroid_beyond_threshold
13311,White County,GA,34.6442,-83.7430,31.3,28165,241,candidate_access_gap,county_centroid_beyond_threshold
19127,Marshall County,IA,42.0417,-92.9814,31.3,40049,573,candidate_access_gap,county_centroid_beyond_threshold
49005,Cache County,UT,41.7341,-111.7454,31.3,134428,1165,candidate_access_gap,county_centroid_beyond_threshold
13275,Thomas County,GA,30.8646,-83.9198,31.2,45665,545,candidate_access_gap,county_centroid_beyond_threshold
48053,Burnet County,TX,30.7896,-98.2012,31.2,49684,995,candidate_access_gap,county_centroid_beyond_threshold
24009,Calvert County,MD,38.5227,-76.5298,31.2,93244,213,candidate_access_gap,county_centroid_beyond_threshold
17087,Johnson County,IL,37.4607,-88.8821,31.2,13313,344,candidate_access_gap,county_centroid_beyond_threshold
55095,Polk County,WI,45.4620,-92.4471,31.2,45128,914,candidate_access_gap,county_centroid_beyond_threshold
55071,Manitowoc County,WI,44.1561,-87.5774,31.2,81242,589,candidate_access_gap,county_centroid_beyond_threshold
12097,Osceola County,FL,28.0590,-81.1393,31.1,393745,1328,candidate_access_gap,county_centroid_beyond_threshold
48429,Stephens County,TX,32.7381,-98.8393,31.1,9260,897,candidate_access_gap,county_centroid_beyond_threshold
48447,Throckmorton County,TX,33.1707,-99.2058,31.1,1439,913,candidate_access_gap,county_centroid_beyond_threshold
28055,Issaquena County,MS,32.7555,-91.0035,31.0,1206,413,candidate_access_gap,county_centroid_beyond_threshold
39139,Richland County,OH,40.7742,-82.5428,31.0,125008,495,candidate_access_gap,county_centroid_beyond_threshold
51131,Northampton County,VA,37.3028,-75.9240,31.0,12132,212,candidate_access_gap,county_centroid_beyond_threshold
48081,Coke County,TX,31.8771,-100.6352,31.0,3305,912,candidate_access_gap,county_centroid_beyond_threshold
08019,Clear Creek County,CO,39.6894,-105.6708,31.0,9403,395,candidate_access_gap,county_centroid_beyond_threshold
49019,Grand County,UT,38.9743,-109.5734,31.0,9680,3673,candidate_access_gap,county_centroid_beyond_threshold
06075,San Francisco County,CA,37.7272,-123.0322,31.0,851036,47,candidate_access_gap,county_centroid_beyond_threshold
20163,Rooks County,KS,39.3460,-99.3245,30.9,4925,891,candidate_access_gap,county_centroid_beyond_threshold
55121,Trempealeau County,WI,44.3030,-91.3589,30.9,30679,733,candidate_access_gap,county_centroid_beyond_threshold
40065,Jackson County,OK,34.5940,-99.4122,30.9,24776,803,candidate_access_gap,county_centroid_beyond_threshold
27149,Stevens County,MN,45.5935,-95.9923,30.9,9682,564,candidate_access_gap,county_centroid_beyond_threshold
51077,Grayson County,VA,36.6522,-81.2153,30.9,15356,442,candidate_access_gap,county_centroid_beyond_threshold
42103,Pike County,PA,41.3259,-75.0315,30.8,58996,545,candidate_access_gap,county_centroid_beyond_threshold
28129,Smith County,MS,32.0190,-89.4949,30.8,14310,636,candidate_access_gap,county_centroid_beyond_threshold
28159,Winston County,MS,33.0787,-89.0374,30.8,17741,607,candidate_access_gap,county_centroid_beyond_threshold
29073,Gasconade County,MO,38.4412,-91.5058,30.8,14801,519,candidate_access_gap,county_centroid_beyond_threshold
17083,Jersey County,IL,39.0802,-90.3614,30.8,21462,370,candidate_access_gap,county_centroid_beyond_threshold
42083,McKean County,PA,41.8146,-78.5725,30.8,40459,980,candidate_access_gap,county_centroid_beyond_threshold
47107,McMinn County,TN,35.4245,-84.6199,30.8,53532,430,candidate_access_gap,county_centroid_beyond_threshold
21205,Rowan County,KY,38.2043,-83.4281,30.8,24551,280,candidate_access_gap,county_centroid_beyond_threshold
16063,Lincoln County,ID,42.9908,-114.1531,30.7,5203,1201,candidate_access_gap,county_centroid_beyond_threshold
48293,Limestone County,TX,31.5475,-96.5936,30.7,22222,905,candidate_access_gap,county_centroid_beyond_threshold
20191,Sumner County,KS,37.2367,-97.4934,30.7,22517,1182,candidate_access_gap,county_centroid_beyond_threshold
45065,McCormick County,SC,33.8976,-82.3162,30.7,9612,359,candidate_access_gap,county_centroid_beyond_threshold
54027,Hampshire County,WV,39.3121,-78.6120,30.7,23275,640,candidate_access_gap,county_centroid_beyond_threshold
39031,Coshocton County,OH,40.2967,-81.9301,30.7,36629,564,candidate_access_gap,county_centroid_beyond_threshold
51007,Amelia County,VA,37.3319,-77.9775,30.6,13309,355,candidate_access_gap,county_centroid_beyond_threshold
41043,Linn County,OR,44.4889,-122.5372,30.6,128598,2290,candidate_access_gap,county_centroid_beyond_threshold
39053,Gallia County,OH,38.8170,-82.3017,30.6,29276,467,candidate_access_gap,county_centroid_beyond_threshold
36103,Suffolk County,NY,40.9436,-72.6922,30.6,1524486,911,candidate_access_gap,county_centroid_beyond_threshold
30077,Powell County,MT,46.8442,-112.9311,30.6,6998,2326,candidate_access_gap,county_centroid_beyond_threshold
47177,Warren County,TN,35.6782,-85.7773,30.5,41163,433,candidate_access_gap,county_centroid_beyond_threshold
40071,Kay County,OK,36.8149,-97.1439,30.5,43859,920,candidate_access_gap,county_centroid_beyond_threshold
12051,Hendry County,FL,26.5400,-81.1521,30.5,39902,1156,candidate_access_gap,county_centroid_beyond_threshold
17151,Pope County,IL,37.4172,-88.5424,30.5,3799,369,candidate_access_gap,county_centroid_beyond_threshold
37189,Watauga County,NC,36.2354,-81.7099,30.4,54540,312,candidate_access_gap,county_centroid_beyond_threshold
31151,Saline County,NE,40.5168,-97.1318,30.4,14275,574,candidate_access_gap,county_centroid_beyond_threshold
28013,Calhoun County,MS,33.9366,-89.3371,30.4,13193,587,candidate_access_gap,county_centroid_beyond_threshold
48007,Aransas County,TX,28.1226,-96.9675,30.4,24048,252,candidate_access_gap,county_centroid_beyond_threshold
18067,Howard County,IN,40.4835,-86.1141,30.4,83452,293,candidate_access_gap,county_centroid_beyond_threshold
54085,Ritchie County,WV,39.1771,-81.0663,30.3,8507,452,candidate_access_gap,county_centroid_beyond_threshold
21097,Harrison County,KY,38.4446,-84.3341,30.3,18803,306,candidate_access_gap,county_centroid_beyond_threshold
40097,Mayes County,OK,36.3038,-95.2356,30.3,39324,655,candidate_access_gap,county_centroid_beyond_threshold
22071,Orleans Parish,LA,30.0534,-89.9345,30.3,380408,170,candidate_access_gap,county_centroid_beyond_threshold
29083,Henry County,MO,38.3865,-93.7926,30.3,22064,697,candidate_access_gap,county_centroid_beyond_threshold
48039,Brazoria County,TX,29.1678,-95.4346,30.3,374600,1363,candidate_access_gap,county_centroid_beyond_threshold
21043,Carter County,KY,38.3141,-83.0390,30.3,26671,409,candidate_access_gap,county_centroid_beyond_threshold
40015,Caddo County,OK,35.1679,-98.3810,30.3,26910,1278,candidate_access_gap,county_centroid_beyond_threshold
54047,McDowell County,WV,37.3828,-81.6582,30.3,18911,533,candidate_access_gap,county_centroid_beyond_threshold
19019,Buchanan County,IA,42.4703,-91.8387,30.3,20631,571,candidate_access_gap,county_centroid_beyond_threshold
47075,Haywood County,TN,35.5867,-89.2827,30.3,17806,533,candidate_access_gap,county_centroid_beyond_threshold
21211,Shelby County,KY,38.2390,-85.2282,30.2,48105,380,candidate_access_gap,county_centroid_beyond_threshold
48243,Jeff Davis County,TX,30.6254,-104.1919,30.2,1992,2265,candidate_access_gap,county_centroid_beyond_threshold
13033,Burke County,GA,33.0602,-82.0002,30.2,24337,827,candidate_access_gap,county_centroid_beyond_threshold
40079,Le Flore County,OK,34.8974,-94.6951,30.2,48525,1589,candidate_access_gap,county_centroid_beyond_threshold
47149,Rutherford County,TN,35.8434,-86.4172,30.1,343727,619,candidate_access_gap,county_centroid_beyond_threshold
17135,Montgomery County,IL,39.2281,-89.4781,30.1,28352,704,candidate_access_gap,county_centroid_beyond_threshold
30003,Big Horn County,MT,45.4079,-107.5182,30.1,13090,4998,candidate_access_gap,county_centroid_beyond_threshold
41021,Gilliam County,OR,45.3830,-120.2762,30.1,1983,1205,candidate_access_gap,county_centroid_beyond_threshold
08097,Pitkin County,CO,39.2175,-106.9162,30.1,17325,971,candidate_access_gap,county_centroid_beyond_threshold
48021,Bastrop County,TX,30.1008,-97.3106,30.1,98435,888,candidate_access_gap,county_centroid_beyond_threshold
51109,Louisa County,VA,37.9727,-77.9598,30.1,38106,495,candidate_access_gap,county_centroid_beyond_threshold
13305,Wayne County,GA,31.5478,-81.9124,30.0,30277,642,candidate_access_gap,county_centroid_beyond_threshold
53037,Kittitas County,WA,47.1244,-120.6767,30.0,44424,2297,candidate_access_gap,county_centroid_beyond_threshold
18099,Marshall County,IN,41.3250,-86.2690,30.0,46208,444,candidate_access_gap,county_centroid_beyond_threshold
28127,Simpson County,MS,31.9025,-89.9177,30.0,25889,589,candidate_access_gap,county_centroid_beyond_threshold
